            filename            
--------------------------------
 201211012009_IDEMPIERE-357.sql
(1 fila)

UPDATE 1
UPDATE 1
UPDATE 1
UPDATE 1
UPDATE 1
UPDATE 1
UPDATE 1
UPDATE 1
UPDATE 1
UPDATE 1
UPDATE 1
UPDATE 1
UPDATE 1
UPDATE 1
UPDATE 1
UPDATE 1
UPDATE 1
UPDATE 1
UPDATE 1
UPDATE 1
UPDATE 1
UPDATE 1
UPDATE 1
UPDATE 1
UPDATE 1
UPDATE 1
UPDATE 1
UPDATE 1
UPDATE 1
UPDATE 1
UPDATE 1
UPDATE 1
UPDATE 1
UPDATE 1
UPDATE 1
UPDATE 1
DELETE 0
DELETE 0
               register_migration_script                
--------------------------------------------------------
 201211012009_IDEMPIERE-357.sql successfully registered
 201211012009_IDEMPIERE-357.sql was already applied
(2 filas)

            filename            
--------------------------------
 201211012011_IDEMPIERE-462.sql
(1 fila)

INSERT 0 0
INSERT 0 0
INSERT 0 0
INSERT 0 0
INSERT 0 0
INSERT 0 0
INSERT 0 0
INSERT 0 0
INSERT 0 0
INSERT 0 0
INSERT 0 0
INSERT 0 0
INSERT 0 0
INSERT 0 0
INSERT 0 0
INSERT 0 0
INSERT 0 0
INSERT 0 0
INSERT 0 0
INSERT 0 0
INSERT 0 0
INSERT 0 0
INSERT 0 0
INSERT 0 1
INSERT 0 2
INSERT 0 0
INSERT 0 0
INSERT 0 0
INSERT 0 0
INSERT 0 0
INSERT 0 0
INSERT 0 0
INSERT 0 0
INSERT 0 0
INSERT 0 0
INSERT 0 1
INSERT 0 2
INSERT 0 0
INSERT 0 0
INSERT 0 0
INSERT 0 0
INSERT 0 0
INSERT 0 0
INSERT 0 0
INSERT 0 0
INSERT 0 0
INSERT 0 0
INSERT 0 0
INSERT 0 1
INSERT 0 2
INSERT 0 0
INSERT 0 0
INSERT 0 1
INSERT 0 2
INSERT 0 1
INSERT 0 2
INSERT 0 1
INSERT 0 2
INSERT 0 1
INSERT 0 2
INSERT 0 0
INSERT 0 1
INSERT 0 2
INSERT 0 0
INSERT 0 0
INSERT 0 0
INSERT 0 1
INSERT 0 2
INSERT 0 1
INSERT 0 2
INSERT 0 0
INSERT 0 1
INSERT 0 2
INSERT 0 0
INSERT 0 0
INSERT 0 0
INSERT 0 1
INSERT 0 2
INSERT 0 0
INSERT 0 1
INSERT 0 2
INSERT 0 0
INSERT 0 0
INSERT 0 1
INSERT 0 2
INSERT 0 0
INSERT 0 1
INSERT 0 2
INSERT 0 1
INSERT 0 2
INSERT 0 0
INSERT 0 1
INSERT 0 2
INSERT 0 0
INSERT 0 0
INSERT 0 0
INSERT 0 0
INSERT 0 0
INSERT 0 1
INSERT 0 2
INSERT 0 0
INSERT 0 0
INSERT 0 0
INSERT 0 1
INSERT 0 2
INSERT 0 1
INSERT 0 2
INSERT 0 0
INSERT 0 1
INSERT 0 2
INSERT 0 0
INSERT 0 0
INSERT 0 0
INSERT 0 0
INSERT 0 0
INSERT 0 0
INSERT 0 0
INSERT 0 0
INSERT 0 1
INSERT 0 2
DELETE 2
DELETE 1
DELETE 2
DELETE 1
DELETE 2
DELETE 1
DELETE 2
DELETE 1
DELETE 2
DELETE 1
DELETE 2
DELETE 1
DELETE 2
DELETE 1
DELETE 2
DELETE 1
DELETE 2
DELETE 1
DELETE 2
DELETE 1
DELETE 2
DELETE 1
DELETE 2
DELETE 1
DELETE 2
DELETE 1
DELETE 0
DELETE 0
DELETE 2
DELETE 1
DELETE 2
DELETE 1
DELETE 2
DELETE 1
DELETE 2
DELETE 1
DELETE 2
DELETE 1
DELETE 2
DELETE 1
DELETE 2
DELETE 1
DELETE 2
DELETE 1
INSERT 0 0
INSERT 0 0
INSERT 0 0
INSERT 0 0
INSERT 0 0
INSERT 0 0
UPDATE 1
UPDATE 1
INSERT 0 0
INSERT 0 0
INSERT 0 0
INSERT 0 0
INSERT 0 0
INSERT 0 0
INSERT 0 0
INSERT 0 0
INSERT 0 0
INSERT 0 0
INSERT 0 0
INSERT 0 0
INSERT 0 0
INSERT 0 0
INSERT 0 0
INSERT 0 0
INSERT 0 0
INSERT 0 0
INSERT 0 0
INSERT 0 0
INSERT 0 0
INSERT 0 0
INSERT 0 0
INSERT 0 0
INSERT 0 0
INSERT 0 0
INSERT 0 0
INSERT 0 0
INSERT 0 0
INSERT 0 0
INSERT 0 0
INSERT 0 0
INSERT 0 1
INSERT 0 2
INSERT 0 0
INSERT 0 0
INSERT 0 0
INSERT 0 0
INSERT 0 0
INSERT 0 0
INSERT 0 0
INSERT 0 0
INSERT 0 0
INSERT 0 0
INSERT 0 0
INSERT 0 0
INSERT 0 0
INSERT 0 0
INSERT 0 0
INSERT 0 0
INSERT 0 0
INSERT 0 0
INSERT 0 0
INSERT 0 0
INSERT 0 0
INSERT 0 0
INSERT 0 0
INSERT 0 0
INSERT 0 0
INSERT 0 0
INSERT 0 0
INSERT 0 0
INSERT 0 0
INSERT 0 0
INSERT 0 0
INSERT 0 0
INSERT 0 0
INSERT 0 0
INSERT 0 0
INSERT 0 0
INSERT 0 0
INSERT 0 0
INSERT 0 0
INSERT 0 0
INSERT 0 0
UPDATE 1
UPDATE 1
UPDATE 1
UPDATE 1
UPDATE 1
UPDATE 1
UPDATE 1
UPDATE 1
UPDATE 1
UPDATE 1
UPDATE 1
UPDATE 1
UPDATE 1
UPDATE 1
UPDATE 1
UPDATE 1
UPDATE 1
UPDATE 1
UPDATE 1
UPDATE 1
UPDATE 1
UPDATE 1
UPDATE 1
UPDATE 1
UPDATE 1
UPDATE 1
UPDATE 1
UPDATE 1
UPDATE 1
UPDATE 1
UPDATE 1
UPDATE 1
UPDATE 1
UPDATE 1
UPDATE 1
UPDATE 1
UPDATE 1
UPDATE 1
UPDATE 1
UPDATE 1
UPDATE 1
UPDATE 1
UPDATE 1
UPDATE 1
UPDATE 1
UPDATE 1
UPDATE 1
UPDATE 1
UPDATE 1
UPDATE 1
UPDATE 1
UPDATE 1
UPDATE 1
UPDATE 1
UPDATE 1
UPDATE 1
UPDATE 1
UPDATE 1
UPDATE 1
UPDATE 1
UPDATE 1
UPDATE 1
UPDATE 1
UPDATE 1
UPDATE 1
UPDATE 1
UPDATE 1
UPDATE 1
UPDATE 1
UPDATE 1
UPDATE 1
UPDATE 1
UPDATE 1
UPDATE 1
UPDATE 1
UPDATE 1
UPDATE 1
UPDATE 1
UPDATE 1
UPDATE 1
UPDATE 1
UPDATE 1
UPDATE 1
UPDATE 1
UPDATE 1
UPDATE 1
UPDATE 1
UPDATE 1
UPDATE 1
UPDATE 1
UPDATE 1
UPDATE 1
UPDATE 1
UPDATE 1
UPDATE 1
UPDATE 1
UPDATE 1
UPDATE 1
UPDATE 1
UPDATE 1
UPDATE 1
UPDATE 1
UPDATE 1
UPDATE 1
UPDATE 1
UPDATE 1
UPDATE 1
UPDATE 1
UPDATE 1
UPDATE 1
UPDATE 1
UPDATE 1
UPDATE 1
UPDATE 1
UPDATE 1
UPDATE 1
UPDATE 1
UPDATE 1
UPDATE 1
UPDATE 1
UPDATE 1
UPDATE 1
UPDATE 1
UPDATE 1
UPDATE 1
UPDATE 1
UPDATE 1
UPDATE 1
UPDATE 1
UPDATE 1
UPDATE 1
UPDATE 1
UPDATE 1
UPDATE 1
UPDATE 1
UPDATE 1
UPDATE 1
UPDATE 1
UPDATE 1
UPDATE 1
UPDATE 1
UPDATE 1
UPDATE 1
UPDATE 1
UPDATE 1
UPDATE 1
UPDATE 1
UPDATE 1
UPDATE 1
UPDATE 1
UPDATE 1
UPDATE 1
UPDATE 1
UPDATE 1
UPDATE 1
UPDATE 1
UPDATE 1
UPDATE 1
UPDATE 1
UPDATE 1
UPDATE 1
UPDATE 1
UPDATE 1
UPDATE 1
UPDATE 1
UPDATE 1
UPDATE 1
UPDATE 1
UPDATE 1
UPDATE 1
UPDATE 1
UPDATE 1
UPDATE 1
UPDATE 1
UPDATE 1
UPDATE 1
UPDATE 1
UPDATE 1
UPDATE 1
UPDATE 1
UPDATE 1
UPDATE 1
UPDATE 1
UPDATE 1
UPDATE 1
UPDATE 1
UPDATE 1
UPDATE 1
UPDATE 1
UPDATE 1
UPDATE 1
UPDATE 1
UPDATE 1
UPDATE 1
UPDATE 1
UPDATE 1
UPDATE 1
UPDATE 1
UPDATE 1
UPDATE 1
UPDATE 1
UPDATE 1
UPDATE 1
UPDATE 1
UPDATE 1
UPDATE 1
UPDATE 1
UPDATE 1
UPDATE 1
UPDATE 1
UPDATE 1
UPDATE 1
UPDATE 1
UPDATE 1
UPDATE 1
UPDATE 1
UPDATE 1
UPDATE 1
UPDATE 1
UPDATE 1
UPDATE 1
UPDATE 1
UPDATE 1
UPDATE 1
UPDATE 1
UPDATE 1
UPDATE 1
UPDATE 1
UPDATE 1
UPDATE 1
UPDATE 1
UPDATE 1
UPDATE 1
UPDATE 1
UPDATE 1
UPDATE 1
UPDATE 1
UPDATE 1
UPDATE 1
UPDATE 1
UPDATE 1
UPDATE 1
UPDATE 1
UPDATE 1
UPDATE 1
UPDATE 1
UPDATE 1
UPDATE 1
UPDATE 1
UPDATE 1
UPDATE 1
UPDATE 1
UPDATE 1
UPDATE 1
UPDATE 1
UPDATE 1
UPDATE 1
UPDATE 1
UPDATE 1
UPDATE 1
UPDATE 1
INSERT 0 0
INSERT 0 0
UPDATE 1
UPDATE 1
UPDATE 1
UPDATE 1
UPDATE 1
UPDATE 1
UPDATE 1
UPDATE 1
UPDATE 1
UPDATE 1
UPDATE 1
UPDATE 1
UPDATE 1
UPDATE 1
UPDATE 1
UPDATE 1
UPDATE 1
UPDATE 1
UPDATE 1
UPDATE 1
UPDATE 1
UPDATE 1
UPDATE 1
UPDATE 1
UPDATE 1
UPDATE 1
UPDATE 1
UPDATE 1
UPDATE 1
UPDATE 1
UPDATE 1
UPDATE 1
UPDATE 1
UPDATE 1
UPDATE 1
UPDATE 1
UPDATE 1
UPDATE 1
UPDATE 1
UPDATE 1
UPDATE 1
UPDATE 1
UPDATE 1
UPDATE 1
UPDATE 1
UPDATE 1
UPDATE 1
UPDATE 1
UPDATE 1
UPDATE 1
UPDATE 1
UPDATE 1
UPDATE 1
UPDATE 1
UPDATE 1
UPDATE 1
UPDATE 1
UPDATE 1
UPDATE 1
UPDATE 1
UPDATE 1
UPDATE 1
UPDATE 1
UPDATE 1
UPDATE 1
UPDATE 1
UPDATE 1
UPDATE 1
UPDATE 1
UPDATE 1
UPDATE 1
UPDATE 1
UPDATE 1
UPDATE 1
UPDATE 1
UPDATE 1
UPDATE 1
UPDATE 1
UPDATE 1
UPDATE 1
UPDATE 1
UPDATE 1
UPDATE 1
UPDATE 1
UPDATE 1
UPDATE 1
UPDATE 1
UPDATE 1
UPDATE 1
UPDATE 1
UPDATE 1
UPDATE 1
UPDATE 1
UPDATE 1
UPDATE 1
UPDATE 1
UPDATE 1
UPDATE 1
UPDATE 1
UPDATE 1
UPDATE 1
UPDATE 1
UPDATE 1
UPDATE 1
UPDATE 1
UPDATE 1
UPDATE 1
UPDATE 1
UPDATE 1
UPDATE 1
UPDATE 1
UPDATE 1
INSERT 0 0
INSERT 0 0
UPDATE 1
INSERT 0 0
UPDATE 1
INSERT 0 0
INSERT 0 0
UPDATE 1
UPDATE 1
UPDATE 1
UPDATE 1
UPDATE 1
UPDATE 1
UPDATE 1
DELETE 2
DELETE 1
UPDATE 1
DELETE 2
DELETE 1
UPDATE 1
UPDATE 1
UPDATE 1
UPDATE 1
UPDATE 1
UPDATE 1
INSERT 0 1
INSERT 0 2
UPDATE 1
 altercolumn 
-------------
 
(1 fila)

INSERT 0 0
 altercolumn 
-------------
 
(1 fila)

INSERT 0 0
DELETE 2
DELETE 1
UPDATE 1
UPDATE 1
UPDATE 1
UPDATE 1
UPDATE 1
UPDATE 1
INSERT 0 0
INSERT 0 1
INSERT 0 2
INSERT 0 0
INSERT 0 1
INSERT 0 2
INSERT 0 0
INSERT 0 1
INSERT 0 2
INSERT 0 1
INSERT 0 2
INSERT 0 1
INSERT 0 2
INSERT 0 1
INSERT 0 2
INSERT 0 1
INSERT 0 2
INSERT 0 0
DELETE 2
DELETE 1
INSERT 0 0
UPDATE 1
UPDATE 2
UPDATE 0
DELETE 0
DELETE 0
DELETE 2
DELETE 1
DELETE 2
DELETE 1
DELETE 2
DELETE 1
DELETE 2
DELETE 1
DELETE 0
DELETE 0
DELETE 2
DELETE 1
DELETE 2
DELETE 1
INSERT 0 0
INSERT 0 0
INSERT 0 1
INSERT 0 2
INSERT 0 0
INSERT 0 0
INSERT 0 1
INSERT 0 2
INSERT 0 0
INSERT 0 0
INSERT 0 1
INSERT 0 2
INSERT 0 0
INSERT 0 0
INSERT 0 1
INSERT 0 2
INSERT 0 1
INSERT 0 2
INSERT 0 0
INSERT 0 0
INSERT 0 0
DELETE 2
DELETE 1
DELETE 2
DELETE 1
DELETE 2
DELETE 1
DELETE 2
DELETE 1
DELETE 2
DELETE 1
INSERT 0 0
UPDATE 1
INSERT 0 0
UPDATE 1
UPDATE 1
UPDATE 1
UPDATE 1
UPDATE 1
UPDATE 1
UPDATE 1
UPDATE 1
UPDATE 1
UPDATE 1
UPDATE 1
UPDATE 1
UPDATE 1
UPDATE 1
UPDATE 1
UPDATE 1
UPDATE 1
UPDATE 1
UPDATE 1
INSERT 0 0
INSERT 0 0
UPDATE 1
INSERT 0 0
INSERT 0 0
INSERT 0 0
INSERT 0 0
INSERT 0 0
INSERT 0 0
INSERT 0 0
INSERT 0 0
INSERT 0 0
UPDATE 1
UPDATE 1
UPDATE 1
UPDATE 1
UPDATE 1
UPDATE 1
UPDATE 1
UPDATE 1
UPDATE 1
UPDATE 1
UPDATE 1
UPDATE 1
UPDATE 1
UPDATE 1
UPDATE 1
UPDATE 1
UPDATE 1
UPDATE 1
UPDATE 1
UPDATE 1
UPDATE 1
UPDATE 1
UPDATE 1
UPDATE 1
UPDATE 1
UPDATE 1
UPDATE 1
UPDATE 1
UPDATE 1
INSERT 0 0
INSERT 0 0
UPDATE 1
INSERT 0 0
UPDATE 1
INSERT 0 0
UPDATE 1
UPDATE 1
UPDATE 1
UPDATE 1
UPDATE 1
UPDATE 1
UPDATE 1
UPDATE 1
UPDATE 1
UPDATE 1
UPDATE 1
UPDATE 1
UPDATE 1
UPDATE 1
UPDATE 1
UPDATE 1
UPDATE 1
UPDATE 1
UPDATE 1
UPDATE 1
UPDATE 1
UPDATE 1
UPDATE 1
UPDATE 1
UPDATE 1
UPDATE 1
UPDATE 1
UPDATE 1
UPDATE 1
UPDATE 1
UPDATE 1
UPDATE 1
UPDATE 1
UPDATE 1
UPDATE 1
UPDATE 1
UPDATE 1
UPDATE 1
UPDATE 1
UPDATE 1
UPDATE 1
UPDATE 1
UPDATE 1
UPDATE 1
UPDATE 1
UPDATE 1
UPDATE 1
UPDATE 1
UPDATE 1
UPDATE 1
UPDATE 1
UPDATE 1
UPDATE 1
UPDATE 1
UPDATE 1
UPDATE 1
UPDATE 1
UPDATE 1
UPDATE 1
UPDATE 1
UPDATE 1
UPDATE 1
UPDATE 1
UPDATE 1
UPDATE 1
UPDATE 1
UPDATE 1
UPDATE 1
UPDATE 1
UPDATE 1
UPDATE 1
UPDATE 1
UPDATE 1
UPDATE 1
UPDATE 1
UPDATE 1
UPDATE 1
UPDATE 1
UPDATE 1
UPDATE 1
UPDATE 1
UPDATE 1
UPDATE 1
UPDATE 1
UPDATE 1
UPDATE 1
UPDATE 1
UPDATE 1
UPDATE 1
UPDATE 1
UPDATE 1
UPDATE 1
UPDATE 1
UPDATE 1
UPDATE 1
UPDATE 1
INSERT 0 0
UPDATE 1
INSERT 0 0
UPDATE 1
UPDATE 1
UPDATE 1
UPDATE 1
UPDATE 1
UPDATE 1
UPDATE 1
UPDATE 1
UPDATE 1
UPDATE 1
UPDATE 1
UPDATE 1
UPDATE 1
UPDATE 1
UPDATE 1
UPDATE 1
UPDATE 1
UPDATE 1
UPDATE 1
               register_migration_script                
--------------------------------------------------------
 201211012011_IDEMPIERE-462.sql successfully registered
 201211012011_IDEMPIERE-462.sql was already applied
(2 filas)

            filename            
--------------------------------
 201211020834_IDEMPIERE-478.sql
(1 fila)

               register_migration_script                
--------------------------------------------------------
 201211020834_IDEMPIERE-478.sql successfully registered
 201211020834_IDEMPIERE-478.sql was already applied
(2 filas)

            filename            
--------------------------------
 201211021818_IDEMPIERE-462.sql
(1 fila)

UPDATE 1
UPDATE 1
UPDATE 1
UPDATE 1
UPDATE 2
UPDATE 1
UPDATE 1
UPDATE 1
UPDATE 1
UPDATE 0
 altercolumn 
-------------
 
(1 fila)

INSERT 0 0
INSERT 0 0
INSERT 0 0
UPDATE 1
INSERT 0 0
INSERT 0 0
INSERT 0 0
INSERT 0 0
INSERT 0 0
INSERT 0 0
INSERT 0 0
INSERT 0 0
               register_migration_script                
--------------------------------------------------------
 201211021818_IDEMPIERE-462.sql successfully registered
 201211021818_IDEMPIERE-462.sql was already applied
(2 filas)

            filename            
--------------------------------
 201211070846_IDEMPIERE-422.sql
(1 fila)

               register_migration_script                
--------------------------------------------------------
 201211070846_IDEMPIERE-422.sql successfully registered
 201211070846_IDEMPIERE-422.sql was already applied
(2 filas)

            filename            
--------------------------------
 201211091228_IDEMPIERE-316.sql
(1 fila)

INSERT 0 0
               register_migration_script                
--------------------------------------------------------
 201211091228_IDEMPIERE-316.sql successfully registered
 201211091228_IDEMPIERE-316.sql was already applied
(2 filas)

               filename               
--------------------------------------
 201211091328_LastMigrationNotSet.sql
(1 fila)

UPDATE 1
                  register_migration_script                   
--------------------------------------------------------------
 201211091328_LastMigrationNotSet.sql successfully registered
 201211091328_LastMigrationNotSet.sql was already applied
(2 filas)

            filename            
--------------------------------
 201211091853_IDEMPIERE-498.sql
(1 fila)

INSERT 0 0
INSERT 0 0
INSERT 0 0
UPDATE 1
UPDATE 1
UPDATE 1
UPDATE 1
UPDATE 1
UPDATE 1
UPDATE 1
UPDATE 1
UPDATE 1
UPDATE 1
UPDATE 1
UPDATE 1
UPDATE 0
UPDATE 1
               register_migration_script                
--------------------------------------------------------
 201211091853_IDEMPIERE-498.sql successfully registered
 201211091853_IDEMPIERE-498.sql was already applied
(2 filas)

            filename            
--------------------------------
 201211121807_IDEMPIERE-457.sql
(1 fila)

INSERT 0 0
INSERT 0 0
UPDATE 1
INSERT 0 0
INSERT 0 0
INSERT 0 0
               register_migration_script                
--------------------------------------------------------
 201211121807_IDEMPIERE-457.sql successfully registered
 201211121807_IDEMPIERE-457.sql was already applied
(2 filas)

            filename            
--------------------------------
 201211140148_IDEMPIERE-378.sql
(1 fila)

INSERT 0 0
INSERT 0 0
INSERT 0 0
INSERT 0 0
INSERT 0 0
INSERT 0 0
INSERT 0 0
UPDATE 1
UPDATE 2
UPDATE 1
UPDATE 2
               register_migration_script                
--------------------------------------------------------
 201211140148_IDEMPIERE-378.sql successfully registered
 201211140148_IDEMPIERE-378.sql was already applied
(2 filas)

            filename            
--------------------------------
 201211141558_IDEMPIERE-457.sql
(1 fila)

UPDATE 1
               register_migration_script                
--------------------------------------------------------
 201211141558_IDEMPIERE-457.sql successfully registered
 201211141558_IDEMPIERE-457.sql was already applied
(2 filas)

                 filename                 
------------------------------------------
 201211141732_IDEMPIERE-385_m_storage.sql
(1 fila)

INSERT 0 0
INSERT 0 0
INSERT 0 0
INSERT 0 0
INSERT 0 0
INSERT 0 0
INSERT 0 0
INSERT 0 0
INSERT 0 0
INSERT 0 0
INSERT 0 0
INSERT 0 1
INSERT 0 2
INSERT 0 1
INSERT 0 2
INSERT 0 0
INSERT 0 0
DELETE 2
DELETE 1
DELETE 2
DELETE 1
INSERT 0 0
INSERT 0 0
INSERT 0 0
INSERT 0 0
INSERT 0 0
INSERT 0 0
INSERT 0 0
INSERT 0 0
INSERT 0 0
INSERT 0 0
INSERT 0 0
INSERT 0 0
INSERT 0 0
UPDATE 1
UPDATE 2
UPDATE 0
UPDATE 1
UPDATE 2
UPDATE 0
UPDATE 1
UPDATE 1
INSERT 0 0
                    register_migration_script                     
------------------------------------------------------------------
 201211141732_IDEMPIERE-385_m_storage.sql successfully registered
 201211141732_IDEMPIERE-385_m_storage.sql was already applied
(2 filas)

                   filename                   
----------------------------------------------
 201211141733_IDEMPIERE-385_m_viewProduct.sql
(1 fila)

DROP VIEW
CREATE VIEW
DROP VIEW
CREATE VIEW
                      register_migration_script                       
----------------------------------------------------------------------
 201211141733_IDEMPIERE-385_m_viewProduct.sql successfully registered
 201211141733_IDEMPIERE-385_m_viewProduct.sql was already applied
(2 filas)

                   filename                    
-----------------------------------------------
 201211141734_IDEMPIERE-385_reserveLocator.sql
(1 fila)

INSERT 0 0
INSERT 0 0
INSERT 0 0
UPDATE 1
UPDATE 2
                       register_migration_script                       
-----------------------------------------------------------------------
 201211141734_IDEMPIERE-385_reserveLocator.sql successfully registered
 201211141734_IDEMPIERE-385_reserveLocator.sql was already applied
(2 filas)

            filename             
---------------------------------
 201211161720_TICKET-1001611.sql
(1 fila)

INSERT 0 0
INSERT 0 0
INSERT 0 0
INSERT 0 0
INSERT 0 0
INSERT 0 0
INSERT 0 0
INSERT 0 0
INSERT 0 0
INSERT 0 0
INSERT 0 1
INSERT 0 2
UPDATE 1
ALTER TABLE
INSERT 0 1
INSERT 0 2
UPDATE 1
ALTER TABLE
INSERT 0 0
INSERT 0 0
INSERT 0 0
INSERT 0 0
UPDATE 1
INSERT 0 1
INSERT 0 2
ALTER TABLE
INSERT 0 1
INSERT 0 2
ALTER TABLE
INSERT 0 1
INSERT 0 2
ALTER TABLE
INSERT 0 1
INSERT 0 2
ALTER TABLE
INSERT 0 0
INSERT 0 0
INSERT 0 0
INSERT 0 0
INSERT 0 0
INSERT 0 0
INSERT 0 0
INSERT 0 0
INSERT 0 0
INSERT 0 0
INSERT 0 1
INSERT 0 2
INSERT 0 1
INSERT 0 2
INSERT 0 0
INSERT 0 0
INSERT 0 1
INSERT 0 2
INSERT 0 1
INSERT 0 2
INSERT 0 1
INSERT 0 2
INSERT 0 1
INSERT 0 2
INSERT 0 0
INSERT 0 0
UPDATE 1
UPDATE 1
UPDATE 1
UPDATE 1
UPDATE 1
UPDATE 1
UPDATE 1
UPDATE 1
UPDATE 1
UPDATE 1
UPDATE 1
UPDATE 1
UPDATE 1
UPDATE 1
UPDATE 1
UPDATE 1
UPDATE 1
UPDATE 1
UPDATE 1
UPDATE 1
UPDATE 1
UPDATE 1
UPDATE 1
UPDATE 1
UPDATE 1
UPDATE 1
UPDATE 1
UPDATE 1
UPDATE 1
UPDATE 1
UPDATE 1
UPDATE 1
UPDATE 1
UPDATE 1
UPDATE 1
UPDATE 1
UPDATE 1
UPDATE 1
UPDATE 1
UPDATE 1
UPDATE 1
UPDATE 1
UPDATE 1
UPDATE 1
UPDATE 1
UPDATE 1
UPDATE 1
UPDATE 1
UPDATE 1
UPDATE 1
UPDATE 1
UPDATE 1
UPDATE 1
UPDATE 1
UPDATE 1
UPDATE 1
UPDATE 1
UPDATE 1
UPDATE 1
UPDATE 1
UPDATE 1
UPDATE 1
UPDATE 1
UPDATE 1
UPDATE 1
UPDATE 1
UPDATE 1
UPDATE 1
UPDATE 1
UPDATE 1
UPDATE 1
UPDATE 1
UPDATE 1
UPDATE 1
UPDATE 1
UPDATE 1
UPDATE 1
UPDATE 1
UPDATE 1
UPDATE 1
UPDATE 1
UPDATE 1
UPDATE 1
UPDATE 1
UPDATE 1
UPDATE 1
UPDATE 1
UPDATE 1
UPDATE 1
UPDATE 1
UPDATE 1
UPDATE 1
UPDATE 1
UPDATE 1
UPDATE 1
UPDATE 1
UPDATE 1
UPDATE 1
UPDATE 1
UPDATE 1
UPDATE 1
UPDATE 1
UPDATE 1
UPDATE 1
UPDATE 1
UPDATE 1
UPDATE 1
UPDATE 1
UPDATE 1
UPDATE 1
UPDATE 1
UPDATE 1
INSERT 0 0
INSERT 0 0
INSERT 0 0
INSERT 0 0
INSERT 0 0
INSERT 0 0
INSERT 0 0
INSERT 0 0
INSERT 0 0
INSERT 0 0
INSERT 0 0
UPDATE 1
INSERT 0 0
INSERT 0 0
INSERT 0 0
INSERT 0 0
INSERT 0 0
INSERT 0 0
INSERT 0 0
INSERT 0 0
INSERT 0 0
UPDATE 1
UPDATE 1
UPDATE 1
UPDATE 1
UPDATE 1
UPDATE 1
UPDATE 1
UPDATE 1
UPDATE 1
UPDATE 1
INSERT 0 0
INSERT 0 0
INSERT 0 0
INSERT 0 0
INSERT 0 0
INSERT 0 0
INSERT 0 0
INSERT 0 0
INSERT 0 0
INSERT 0 0
UPDATE 1
UPDATE 1
UPDATE 1
UPDATE 1
UPDATE 1
UPDATE 1
UPDATE 1
UPDATE 1
UPDATE 1
UPDATE 1
UPDATE 1
UPDATE 1
UPDATE 1
UPDATE 1
UPDATE 1
UPDATE 1
UPDATE 1
UPDATE 1
UPDATE 1
UPDATE 1
UPDATE 1
UPDATE 1
UPDATE 1
UPDATE 1
UPDATE 1
UPDATE 1
UPDATE 1
UPDATE 1
UPDATE 1
UPDATE 1
UPDATE 1
UPDATE 1
UPDATE 1
UPDATE 1
UPDATE 1
UPDATE 1
UPDATE 1
UPDATE 1
UPDATE 1
UPDATE 1
UPDATE 1
UPDATE 1
UPDATE 1
UPDATE 1
UPDATE 1
UPDATE 1
UPDATE 1
UPDATE 1
UPDATE 0
UPDATE 0
UPDATE 1
UPDATE 1
UPDATE 0
UPDATE 0
UPDATE 1
UPDATE 1
UPDATE 0
UPDATE 0
UPDATE 1
UPDATE 1
UPDATE 0
UPDATE 0
UPDATE 1
UPDATE 1
UPDATE 0
UPDATE 0
UPDATE 1
UPDATE 1
UPDATE 0
UPDATE 0
UPDATE 1
UPDATE 1
UPDATE 0
UPDATE 0
UPDATE 1
UPDATE 1
UPDATE 0
UPDATE 0
UPDATE 1
UPDATE 1
UPDATE 0
UPDATE 0
UPDATE 1
UPDATE 1
UPDATE 0
UPDATE 0
UPDATE 1
UPDATE 1
UPDATE 1
UPDATE 1
UPDATE 1
UPDATE 1
UPDATE 1
UPDATE 1
UPDATE 1
DELETE 2
DELETE 1
DELETE 2
DELETE 1
DELETE 2
DELETE 1
DELETE 2
DELETE 1
DELETE 2
DELETE 1
DELETE 2
DELETE 1
DELETE 2
DELETE 1
DELETE 2
DELETE 1
DELETE 2
DELETE 1
DELETE 2
DELETE 1
DELETE 2
DELETE 1
DELETE 2
DELETE 1
INSERT 0 0
INSERT 0 0
INSERT 0 0
INSERT 0 0
INSERT 0 0
INSERT 0 0
UPDATE 1
UPDATE 1
UPDATE 1
UPDATE 1
UPDATE 1
UPDATE 1
UPDATE 1
UPDATE 1
UPDATE 1
UPDATE 1
UPDATE 1
UPDATE 1
UPDATE 1
UPDATE 1
UPDATE 1
UPDATE 1
UPDATE 1
UPDATE 1
UPDATE 1
UPDATE 1
UPDATE 1
UPDATE 1
UPDATE 1
UPDATE 1
UPDATE 1
UPDATE 1
UPDATE 1
UPDATE 1
UPDATE 1
UPDATE 1
UPDATE 1
UPDATE 1
UPDATE 1
UPDATE 1
UPDATE 1
UPDATE 1
UPDATE 1
UPDATE 1
UPDATE 1
UPDATE 1
UPDATE 2
UPDATE 1
UPDATE 1
UPDATE 1
UPDATE 1
UPDATE 2
UPDATE 2
UPDATE 2
UPDATE 2
UPDATE 2
UPDATE 2
UPDATE 2
UPDATE 2
UPDATE 2
UPDATE 2
UPDATE 2
UPDATE 2
UPDATE 2
ALTER TABLE
ALTER TABLE
ALTER TABLE
ALTER TABLE
ALTER TABLE
ALTER TABLE
DELETE 0
DELETE 0
DELETE 0
DELETE 0
DELETE 0
DELETE 0
DELETE 0
DELETE 0
DELETE 0
DELETE 0
DELETE 0
DELETE 0
DELETE 0
DELETE 0
DELETE 0
DELETE 0
UPDATE 1
UPDATE 1
UPDATE 1
UPDATE 1
UPDATE 1
UPDATE 1
UPDATE 1
UPDATE 1
UPDATE 1
UPDATE 1
UPDATE 1
UPDATE 1
UPDATE 1
UPDATE 1
UPDATE 1
UPDATE 1
UPDATE 1
UPDATE 1
UPDATE 1
UPDATE 1
UPDATE 1
UPDATE 1
UPDATE 1
UPDATE 1
UPDATE 1
UPDATE 1
UPDATE 1
UPDATE 1
UPDATE 1
UPDATE 1
UPDATE 1
UPDATE 1
UPDATE 1
UPDATE 1
UPDATE 1
UPDATE 1
UPDATE 1
UPDATE 1
UPDATE 1
UPDATE 1
UPDATE 1
UPDATE 1
UPDATE 1
UPDATE 1
UPDATE 1
UPDATE 1
UPDATE 1
UPDATE 1
UPDATE 1
UPDATE 1
UPDATE 1
UPDATE 1
UPDATE 1
UPDATE 1
UPDATE 1
UPDATE 1
UPDATE 1
UPDATE 1
UPDATE 1
UPDATE 1
UPDATE 1
UPDATE 1
UPDATE 1
UPDATE 1
UPDATE 1
UPDATE 1
UPDATE 1
UPDATE 1
UPDATE 1
UPDATE 1
UPDATE 1
UPDATE 1
UPDATE 1
UPDATE 1
UPDATE 1
UPDATE 1
UPDATE 1
UPDATE 1
 altercolumn 
-------------
 
(1 fila)

INSERT 0 0
 altercolumn 
-------------
 
(1 fila)

INSERT 0 0
UPDATE 1
 altercolumn 
-------------
 
(1 fila)

INSERT 0 0
 altercolumn 
-------------
 
(1 fila)

INSERT 0 0
UPDATE 1
                register_migration_script                
---------------------------------------------------------
 201211161720_TICKET-1001611.sql successfully registered
 201211161720_TICKET-1001611.sql was already applied
(2 filas)

            filename            
--------------------------------
 201211161731_IDEMPIERE-462.sql
(1 fila)

UPDATE 1
UPDATE 1
               register_migration_script                
--------------------------------------------------------
 201211161731_IDEMPIERE-462.sql successfully registered
 201211161731_IDEMPIERE-462.sql was already applied
(2 filas)

            filename            
--------------------------------
 201211162041_IDEMPIERE-387.sql
(1 fila)

UPDATE 1
               register_migration_script                
--------------------------------------------------------
 201211162041_IDEMPIERE-387.sql successfully registered
 201211162041_IDEMPIERE-387.sql was already applied
(2 filas)

             filename              
-----------------------------------
 201211191100_IDEMPIERE-385_DB.sql
(1 fila)

INSERT 0 0
INSERT 0 0
INSERT 0 0
INSERT 0 0
INSERT 0 0
INSERT 0 0
ALTER TABLE
CREATE VIEW
CREATE VIEW
UPDATE 1
UPDATE 1
UPDATE 1
UPDATE 2
UPDATE 1
CREATE VIEW
CREATE VIEW
UPDATE 1
UPDATE 1
UPDATE 0
                 register_migration_script                 
-----------------------------------------------------------
 201211191100_IDEMPIERE-385_DB.sql successfully registered
 201211191100_IDEMPIERE-385_DB.sql was already applied
(2 filas)

           filename           
------------------------------
 201211201820_SetupWizard.sql
(1 fila)

INSERT 0 0
INSERT 0 0
INSERT 0 0
UPDATE 1
UPDATE 1
UPDATE 1
UPDATE 1
UPDATE 1
UPDATE 1
UPDATE 1
UPDATE 1
UPDATE 1
UPDATE 1
UPDATE 1
UPDATE 1
UPDATE 1
UPDATE 1
UPDATE 1
UPDATE 1
UPDATE 1
UPDATE 1
UPDATE 1
UPDATE 1
UPDATE 1
UPDATE 1
UPDATE 1
UPDATE 1
UPDATE 1
UPDATE 1
UPDATE 1
UPDATE 1
UPDATE 1
UPDATE 1
UPDATE 1
UPDATE 1
UPDATE 1
UPDATE 1
UPDATE 1
UPDATE 1
UPDATE 1
UPDATE 1
UPDATE 1
UPDATE 1
UPDATE 1
UPDATE 1
UPDATE 1
UPDATE 1
UPDATE 1
UPDATE 1
UPDATE 1
UPDATE 1
UPDATE 1
UPDATE 1
UPDATE 1
UPDATE 1
UPDATE 1
UPDATE 1
UPDATE 1
UPDATE 1
UPDATE 1
UPDATE 1
UPDATE 1
UPDATE 1
UPDATE 1
UPDATE 1
UPDATE 1
UPDATE 1
UPDATE 1
UPDATE 1
UPDATE 1
UPDATE 1
UPDATE 1
UPDATE 1
UPDATE 1
UPDATE 1
UPDATE 1
UPDATE 1
UPDATE 1
UPDATE 1
UPDATE 1
UPDATE 1
UPDATE 1
UPDATE 1
UPDATE 1
UPDATE 1
UPDATE 1
UPDATE 1
UPDATE 1
UPDATE 1
UPDATE 1
UPDATE 1
UPDATE 1
UPDATE 1
UPDATE 1
UPDATE 1
UPDATE 1
UPDATE 1
UPDATE 1
UPDATE 1
UPDATE 1
UPDATE 1
UPDATE 1
UPDATE 1
UPDATE 1
UPDATE 1
UPDATE 1
UPDATE 1
INSERT 0 0
INSERT 0 0
              register_migration_script               
------------------------------------------------------
 201211201820_SetupWizard.sql successfully registered
 201211201820_SetupWizard.sql was already applied
(2 filas)

            filename            
--------------------------------
 201211211000_IDEMPIERE-163.sql
(1 fila)

INSERT 0 0
INSERT 0 0
INSERT 0 0
INSERT 0 0
INSERT 0 0
INSERT 0 0
INSERT 0 0
INSERT 0 0
INSERT 0 0
INSERT 0 0
UPDATE 1
UPDATE 1
UPDATE 1
UPDATE 1
UPDATE 1
UPDATE 1
UPDATE 1
UPDATE 1
UPDATE 1
UPDATE 1
UPDATE 1
UPDATE 1
UPDATE 1
UPDATE 1
UPDATE 1
UPDATE 1
UPDATE 1
UPDATE 1
UPDATE 1
UPDATE 1
UPDATE 1
UPDATE 1
INSERT 0 0
INSERT 0 0
INSERT 0 0
INSERT 0 0
INSERT 0 0
INSERT 0 0
INSERT 0 0
INSERT 0 0
INSERT 0 0
INSERT 0 0
INSERT 0 0
INSERT 0 0
INSERT 0 0
INSERT 0 0
INSERT 0 0
INSERT 0 0
INSERT 0 0
INSERT 0 0
INSERT 0 0
UPDATE 1
UPDATE 1
UPDATE 1
UPDATE 1
UPDATE 1
UPDATE 1
UPDATE 1
UPDATE 1
UPDATE 1
UPDATE 1
UPDATE 1
UPDATE 1
UPDATE 1
UPDATE 1
UPDATE 1
UPDATE 1
INSERT 0 0
UPDATE 1
UPDATE 1
UPDATE 1
UPDATE 1
UPDATE 1
UPDATE 1
UPDATE 1
UPDATE 1
UPDATE 1
UPDATE 1
UPDATE 1
UPDATE 1
UPDATE 1
UPDATE 1
UPDATE 1
UPDATE 1
UPDATE 1
UPDATE 1
UPDATE 1
UPDATE 1
UPDATE 1
UPDATE 1
UPDATE 1
INSERT 0 0
INSERT 0 0
UPDATE 1
UPDATE 1
UPDATE 1
UPDATE 1
UPDATE 1
UPDATE 1
UPDATE 1
UPDATE 1
UPDATE 1
UPDATE 1
UPDATE 2
 altercolumn 
-------------
 
(1 fila)

INSERT 0 0
 altercolumn 
-------------
 
(1 fila)

INSERT 0 0
UPDATE 1
UPDATE 2
UPDATE 3
UPDATE 0
UPDATE 0
UPDATE 6
UPDATE 0
UPDATE 1
UPDATE 1
UPDATE 1
UPDATE 1
UPDATE 1
UPDATE 1
UPDATE 1
UPDATE 1
UPDATE 1
UPDATE 1
UPDATE 1
UPDATE 1
UPDATE 1
UPDATE 1
UPDATE 1
UPDATE 1
UPDATE 1
UPDATE 1
UPDATE 1
UPDATE 1
UPDATE 1
UPDATE 1
UPDATE 1
UPDATE 1
UPDATE 1
UPDATE 1
UPDATE 1
UPDATE 1
UPDATE 1
UPDATE 1
UPDATE 1
UPDATE 1
UPDATE 1
UPDATE 1
UPDATE 1
UPDATE 1
UPDATE 1
UPDATE 45
UPDATE 98
UPDATE 1
UPDATE 1
UPDATE 1
UPDATE 1
UPDATE 1
UPDATE 1
UPDATE 1
UPDATE 1
UPDATE 1
 altercolumn 
-------------
 
(1 fila)

INSERT 0 0
 altercolumn 
-------------
 
(1 fila)

INSERT 0 0
UPDATE 1
 altercolumn 
-------------
 
(1 fila)

INSERT 0 0
 altercolumn 
-------------
 
(1 fila)

INSERT 0 0
UPDATE 1
 altercolumn 
-------------
 
(1 fila)

INSERT 0 0
 altercolumn 
-------------
 
(1 fila)

INSERT 0 0
UPDATE 1
UPDATE 1
UPDATE 1
UPDATE 1
UPDATE 1
UPDATE 1
UPDATE 1
UPDATE 1
UPDATE 1
UPDATE 1
UPDATE 1
UPDATE 1
UPDATE 1
UPDATE 1
UPDATE 1
UPDATE 1
UPDATE 1
               register_migration_script                
--------------------------------------------------------
 201211211000_IDEMPIERE-163.sql successfully registered
 201211211000_IDEMPIERE-163.sql was already applied
(2 filas)

                 filename                 
------------------------------------------
 201211231024_IDEMPIERE-369_ReorgTabs.sql
(1 fila)

UPDATE 1
UPDATE 1
UPDATE 1
UPDATE 1
UPDATE 1
UPDATE 1
UPDATE 1
UPDATE 1
UPDATE 1
UPDATE 1
UPDATE 1
UPDATE 1
UPDATE 1
UPDATE 1
UPDATE 1
UPDATE 1
UPDATE 1
UPDATE 1
UPDATE 1
UPDATE 1
UPDATE 1
UPDATE 1
UPDATE 1
UPDATE 1
UPDATE 1
UPDATE 1
UPDATE 1
UPDATE 1
UPDATE 1
UPDATE 1
UPDATE 1
UPDATE 1
UPDATE 1
UPDATE 1
UPDATE 1
UPDATE 1
UPDATE 1
UPDATE 1
UPDATE 1
UPDATE 1
UPDATE 1
UPDATE 1
UPDATE 1
UPDATE 1
UPDATE 1
UPDATE 1
UPDATE 1
UPDATE 1
UPDATE 1
UPDATE 1
UPDATE 1
UPDATE 1
UPDATE 1
UPDATE 1
UPDATE 1
UPDATE 1
UPDATE 1
UPDATE 1
UPDATE 1
UPDATE 1
UPDATE 1
UPDATE 1
UPDATE 1
UPDATE 1
UPDATE 1
UPDATE 1
UPDATE 1
UPDATE 1
UPDATE 1
UPDATE 1
UPDATE 1
UPDATE 1
UPDATE 1
UPDATE 1
UPDATE 1
UPDATE 1
UPDATE 1
UPDATE 1
UPDATE 1
UPDATE 1
UPDATE 1
UPDATE 1
UPDATE 1
UPDATE 1
UPDATE 1
                    register_migration_script                     
------------------------------------------------------------------
 201211231024_IDEMPIERE-369_ReorgTabs.sql successfully registered
 201211231024_IDEMPIERE-369_ReorgTabs.sql was already applied
(2 filas)

            filename            
--------------------------------
 201211250933_IDEMPIERE-294.sql
(1 fila)

INSERT 0 0
INSERT 0 0
INSERT 0 0
INSERT 0 0
INSERT 0 0
INSERT 0 0
INSERT 0 0
INSERT 0 0
INSERT 0 0
INSERT 0 0
INSERT 0 0
INSERT 0 0
INSERT 0 0
INSERT 0 0
INSERT 0 0
INSERT 0 0
INSERT 0 0
INSERT 0 0
INSERT 0 0
INSERT 0 0
INSERT 0 0
INSERT 0 0
INSERT 0 0
INSERT 0 0
INSERT 0 0
INSERT 0 0
INSERT 0 0
INSERT 0 0
INSERT 0 0
INSERT 0 0
INSERT 0 0
INSERT 0 0
INSERT 0 0
INSERT 0 0
INSERT 0 0
INSERT 0 0
UPDATE 1
UPDATE 2
UPDATE 3
UPDATE 0
UPDATE 0
UPDATE 4
UPDATE 1
UPDATE 2
UPDATE 1
UPDATE 1
UPDATE 2
UPDATE 1
UPDATE 0
UPDATE 0
UPDATE 1
UPDATE 0
INSERT 0 0
INSERT 0 0
INSERT 0 0
UPDATE 1
UPDATE 1
UPDATE 2
UPDATE 2
UPDATE 0
UPDATE 0
UPDATE 2
UPDATE 0
UPDATE 1
UPDATE 1
UPDATE 2
UPDATE 1
UPDATE 0
UPDATE 0
UPDATE 1
UPDATE 0
UPDATE 1
UPDATE 2
UPDATE 1
UPDATE 0
UPDATE 0
UPDATE 1
INSERT 0 0
INSERT 0 0
INSERT 0 0
INSERT 0 0
UPDATE 1
UPDATE 1
UPDATE 1
UPDATE 2
UPDATE 1
UPDATE 0
UPDATE 0
UPDATE 1
UPDATE 0
UPDATE 1
UPDATE 2
UPDATE 1
UPDATE 0
UPDATE 0
UPDATE 1
UPDATE 0
UPDATE 1
 altercolumn 
-------------
 
(1 fila)

INSERT 0 0
UPDATE 1
UPDATE 2
UPDATE 1
UPDATE 0
UPDATE 0
UPDATE 1
UPDATE 0
INSERT 0 0
UPDATE 1
 altercolumn 
-------------
 
(1 fila)

INSERT 0 0
UPDATE 1
 altercolumn 
-------------
 
(1 fila)

INSERT 0 0
UPDATE 1
UPDATE 2
UPDATE 1
UPDATE 0
UPDATE 0
UPDATE 1
UPDATE 0
UPDATE 1
UPDATE 2
UPDATE 1
UPDATE 0
UPDATE 0
UPDATE 1
UPDATE 0
UPDATE 1
UPDATE 1
UPDATE 1
UPDATE 2
UPDATE 1
UPDATE 0
UPDATE 0
UPDATE 1
UPDATE 0
INSERT 0 0
UPDATE 1
UPDATE 1
UPDATE 2
UPDATE 1
UPDATE 0
UPDATE 0
UPDATE 1
UPDATE 0
INSERT 0 0
INSERT 0 0
INSERT 0 0
INSERT 0 0
INSERT 0 0
UPDATE 1
UPDATE 2
UPDATE 1
UPDATE 1
UPDATE 2
UPDATE 1
UPDATE 0
UPDATE 0
UPDATE 1
UPDATE 0
INSERT 0 0
UPDATE 1
UPDATE 1
UPDATE 2
UPDATE 1
UPDATE 1
UPDATE 1
 altercolumn 
-------------
 
(1 fila)

INSERT 0 0
INSERT 0 0
INSERT 0 0
INSERT 0 0
INSERT 0 0
INSERT 0 0
INSERT 0 0
INSERT 0 0
INSERT 0 0
INSERT 0 0
INSERT 0 0
INSERT 0 0
INSERT 0 0
INSERT 0 0
INSERT 0 0
INSERT 0 0
INSERT 0 0
INSERT 0 0
INSERT 0 0
INSERT 0 0
INSERT 0 0
INSERT 0 0
UPDATE 1
UPDATE 1
UPDATE 1
UPDATE 1
UPDATE 1
UPDATE 1
UPDATE 1
UPDATE 1
UPDATE 1
UPDATE 1
UPDATE 1
UPDATE 1
UPDATE 1
UPDATE 1
UPDATE 1
UPDATE 1
UPDATE 1
UPDATE 1
UPDATE 1
UPDATE 1
UPDATE 1
UPDATE 1
UPDATE 1
UPDATE 1
UPDATE 1
UPDATE 1
UPDATE 1
UPDATE 1
UPDATE 1
UPDATE 1
UPDATE 1
UPDATE 1
UPDATE 1
UPDATE 1
UPDATE 1
UPDATE 1
UPDATE 1
UPDATE 1
UPDATE 1
UPDATE 1
UPDATE 1
UPDATE 1
UPDATE 1
UPDATE 1
UPDATE 1
UPDATE 1
UPDATE 1
UPDATE 1
UPDATE 1
UPDATE 1
UPDATE 1
UPDATE 1
UPDATE 1
INSERT 0 0
INSERT 0 0
UPDATE 1
UPDATE 1
UPDATE 1
UPDATE 1
UPDATE 1
UPDATE 1
UPDATE 1
UPDATE 1
UPDATE 1
UPDATE 1
UPDATE 1
UPDATE 1
UPDATE 1
UPDATE 1
UPDATE 1
UPDATE 1
UPDATE 1
UPDATE 1
UPDATE 1
UPDATE 1
UPDATE 1
UPDATE 1
UPDATE 1
UPDATE 1
UPDATE 1
UPDATE 1
UPDATE 1
UPDATE 1
UPDATE 1
UPDATE 1
UPDATE 1
UPDATE 1
UPDATE 1
UPDATE 1
UPDATE 1
UPDATE 1
UPDATE 1
UPDATE 1
UPDATE 1
UPDATE 1
UPDATE 1
UPDATE 1
UPDATE 1
UPDATE 1
UPDATE 1
UPDATE 1
UPDATE 1
UPDATE 1
UPDATE 1
UPDATE 1
UPDATE 1
UPDATE 1
UPDATE 1
UPDATE 1
UPDATE 1
UPDATE 1
UPDATE 1
UPDATE 1
UPDATE 1
UPDATE 1
UPDATE 1
UPDATE 1
UPDATE 1
UPDATE 1
UPDATE 1
UPDATE 1
UPDATE 1
UPDATE 1
UPDATE 1
UPDATE 1
UPDATE 1
UPDATE 1
UPDATE 1
UPDATE 1
UPDATE 1
UPDATE 1
INSERT 0 0
UPDATE 1
INSERT 0 0
INSERT 0 0
UPDATE 1
UPDATE 1
UPDATE 1
UPDATE 1
UPDATE 1
UPDATE 1
UPDATE 1
UPDATE 1
UPDATE 1
UPDATE 1
UPDATE 1
UPDATE 1
UPDATE 1
UPDATE 1
UPDATE 1
UPDATE 1
UPDATE 1
INSERT 0 0
UPDATE 1
INSERT 0 0
INSERT 0 0
INSERT 0 0
INSERT 0 0
INSERT 0 0
INSERT 0 0
INSERT 0 0
INSERT 0 0
INSERT 0 0
INSERT 0 0
INSERT 0 0
INSERT 0 0
INSERT 0 0
INSERT 0 0
INSERT 0 0
INSERT 0 0
UPDATE 1
UPDATE 1
UPDATE 1
UPDATE 1
UPDATE 1
UPDATE 1
UPDATE 1
UPDATE 1
UPDATE 1
UPDATE 1
UPDATE 1
UPDATE 1
UPDATE 1
UPDATE 1
UPDATE 1
UPDATE 1
UPDATE 1
UPDATE 1
UPDATE 1
UPDATE 1
UPDATE 1
UPDATE 1
UPDATE 1
UPDATE 1
UPDATE 1
UPDATE 1
UPDATE 1
UPDATE 1
UPDATE 1
UPDATE 1
UPDATE 1
UPDATE 1
UPDATE 1
UPDATE 1
UPDATE 1
UPDATE 1
UPDATE 1
UPDATE 1
UPDATE 1
UPDATE 1
UPDATE 1
UPDATE 1
UPDATE 1
UPDATE 1
UPDATE 1
UPDATE 1
UPDATE 1
UPDATE 1
UPDATE 1
UPDATE 1
UPDATE 1
UPDATE 1
UPDATE 1
UPDATE 1
UPDATE 1
UPDATE 1
 altercolumn 
-------------
 
(1 fila)

INSERT 0 0
INSERT 0 0
INSERT 0 0
UPDATE 1
UPDATE 1
UPDATE 2
UPDATE 1
UPDATE 2
UPDATE 1
UPDATE 2
UPDATE 1
UPDATE 1
UPDATE 1
UPDATE 1
UPDATE 1
UPDATE 1
UPDATE 1
UPDATE 1
UPDATE 1
UPDATE 1
UPDATE 1
UPDATE 1
UPDATE 1
UPDATE 1
UPDATE 1
UPDATE 1
UPDATE 1
UPDATE 1
UPDATE 1
UPDATE 1
UPDATE 1
UPDATE 1
UPDATE 1
UPDATE 1
UPDATE 1
UPDATE 1
UPDATE 1
UPDATE 1
UPDATE 1
UPDATE 1
UPDATE 1
UPDATE 1
UPDATE 1
UPDATE 1
UPDATE 1
UPDATE 1
UPDATE 1
UPDATE 1
UPDATE 1
UPDATE 1
               register_migration_script                
--------------------------------------------------------
 201211250933_IDEMPIERE-294.sql successfully registered
 201211250933_IDEMPIERE-294.sql was already applied
(2 filas)

            filename            
--------------------------------
 201211261356_IDEMPIERE-509.sql
(1 fila)

UPDATE 1
UPDATE 1
               register_migration_script                
--------------------------------------------------------
 201211261356_IDEMPIERE-509.sql successfully registered
 201211261356_IDEMPIERE-509.sql was already applied
(2 filas)

           filename            
-------------------------------
 201211281100IDEMPIERE_390.sql
(1 fila)

INSERT 0 0
INSERT 0 0
INSERT 0 0
INSERT 0 0
INSERT 0 0
INSERT 0 0
INSERT 0 0
INSERT 0 0
INSERT 0 0
INSERT 0 0
INSERT 0 0
INSERT 0 0
INSERT 0 0
INSERT 0 0
INSERT 0 0
INSERT 0 0
INSERT 0 0
UPDATE 1
INSERT 0 0
INSERT 0 0
INSERT 0 0
UPDATE 1
UPDATE 1
INSERT 0 0
INSERT 0 0
INSERT 0 0
INSERT 0 0
INSERT 0 0
INSERT 0 0
INSERT 0 0
INSERT 0 0
INSERT 0 0
INSERT 0 0
INSERT 0 0
INSERT 0 0
INSERT 0 0
INSERT 0 0
UPDATE 1
INSERT 0 0
UPDATE 1
UPDATE 1
UPDATE 1
UPDATE 1
UPDATE 1
UPDATE 1
UPDATE 1
UPDATE 1
UPDATE 1
UPDATE 1
UPDATE 1
UPDATE 1
UPDATE 1
UPDATE 1
UPDATE 1
UPDATE 1
UPDATE 1
UPDATE 1
UPDATE 1
UPDATE 1
INSERT 0 0
INSERT 0 0
UPDATE 1
UPDATE 1
UPDATE 1
UPDATE 1
UPDATE 1
UPDATE 1
UPDATE 1
UPDATE 1
UPDATE 1
UPDATE 1
UPDATE 1
UPDATE 1
UPDATE 1
UPDATE 1
UPDATE 1
UPDATE 1
UPDATE 1
UPDATE 1
UPDATE 1
UPDATE 1
UPDATE 1
UPDATE 1
UPDATE 1
UPDATE 1
UPDATE 1
UPDATE 1
UPDATE 1
UPDATE 1
UPDATE 1
UPDATE 1
UPDATE 1
UPDATE 1
UPDATE 1
UPDATE 1
UPDATE 1
UPDATE 1
UPDATE 1
UPDATE 1
UPDATE 1
UPDATE 1
UPDATE 1
UPDATE 1
UPDATE 1
UPDATE 1
UPDATE 1
UPDATE 1
UPDATE 1
UPDATE 1
UPDATE 1
INSERT 0 0
UPDATE 1
INSERT 0 0
INSERT 0 0
UPDATE 1
 altercolumn 
-------------
 
(1 fila)

INSERT 0 0
 altercolumn 
-------------
 
(1 fila)

INSERT 0 0
UPDATE 1
UPDATE 1
UPDATE 1
UPDATE 1
UPDATE 1
UPDATE 1
UPDATE 1
UPDATE 1
UPDATE 1
UPDATE 1
UPDATE 1
UPDATE 1
UPDATE 1
UPDATE 1
UPDATE 1
UPDATE 1
UPDATE 1
UPDATE 1
UPDATE 1
UPDATE 1
UPDATE 1
UPDATE 1
UPDATE 1
UPDATE 1
UPDATE 1
UPDATE 1
UPDATE 1
UPDATE 2
UPDATE 0
INSERT 0 0
UPDATE 0
UPDATE 1
UPDATE 2
UPDATE 2
UPDATE 0
UPDATE 0
UPDATE 1
UPDATE 0
UPDATE 1
 altercolumn 
-------------
 
(1 fila)

INSERT 0 0
UPDATE 1
 altercolumn 
-------------
 
(1 fila)

INSERT 0 0
 altercolumn 
-------------
 
(1 fila)

INSERT 0 0
UPDATE 1
 altercolumn 
-------------
 
(1 fila)

INSERT 0 0
 altercolumn 
-------------
 
(1 fila)

INSERT 0 0
UPDATE 1
 altercolumn 
-------------
 
(1 fila)

INSERT 0 0
 altercolumn 
-------------
 
(1 fila)

INSERT 0 0
UPDATE 1
 altercolumn 
-------------
 
(1 fila)

INSERT 0 0
 altercolumn 
-------------
 
(1 fila)

INSERT 0 0
UPDATE 1
 altercolumn 
-------------
 
(1 fila)

INSERT 0 0
UPDATE 0
 altercolumn 
-------------
 
(1 fila)

INSERT 0 0
UPDATE 1
 altercolumn 
-------------
 
(1 fila)

INSERT 0 0
 altercolumn 
-------------
 
(1 fila)

INSERT 0 0
UPDATE 1
 altercolumn 
-------------
 
(1 fila)

INSERT 0 0
UPDATE 1
 altercolumn 
-------------
 
(1 fila)

INSERT 0 0
 altercolumn 
-------------
 
(1 fila)

INSERT 0 0
UPDATE 1
 altercolumn 
-------------
 
(1 fila)

INSERT 0 0
 altercolumn 
-------------
 
(1 fila)

INSERT 0 0
UPDATE 1
UPDATE 2
UPDATE 6
UPDATE 0
UPDATE 0
UPDATE 5
UPDATE 0
               register_migration_script               
-------------------------------------------------------
 201211281100IDEMPIERE_390.sql successfully registered
 201211281100IDEMPIERE_390.sql was already applied
(2 filas)

            filename            
--------------------------------
 201211300507_IDEMPIERE-293.sql
(1 fila)

INSERT 0 0
INSERT 0 0
INSERT 0 0
INSERT 0 0
INSERT 0 0
               register_migration_script                
--------------------------------------------------------
 201211300507_IDEMPIERE-293.sql successfully registered
 201211300507_IDEMPIERE-293.sql was already applied
(2 filas)

            filename            
--------------------------------
 201212031501_IDEMPIERE-385.sql
(1 fila)

ALTER VIEW
CREATE VIEW
CREATE VIEW
CREATE VIEW
CREATE VIEW
DROP VIEW
               register_migration_script                
--------------------------------------------------------
 201212031501_IDEMPIERE-385.sql successfully registered
 201212031501_IDEMPIERE-385.sql was already applied
(2 filas)

            filename            
--------------------------------
 201212031552_IDEMPIERE-246.sql
(1 fila)

UPDATE 1
UPDATE 1
UPDATE 1
UPDATE 1
UPDATE 1
UPDATE 1
UPDATE 1
UPDATE 1
UPDATE 1
UPDATE 1
UPDATE 1
UPDATE 1
UPDATE 1
UPDATE 1
UPDATE 1
UPDATE 1
UPDATE 1
UPDATE 1
UPDATE 1
UPDATE 1
UPDATE 1
UPDATE 1
UPDATE 1
UPDATE 1
UPDATE 1
UPDATE 1
UPDATE 1
UPDATE 1
UPDATE 1
UPDATE 1
UPDATE 1
UPDATE 1
UPDATE 1
UPDATE 1
UPDATE 1
UPDATE 1
UPDATE 1
UPDATE 1
UPDATE 1
UPDATE 1
UPDATE 1
UPDATE 1
               register_migration_script                
--------------------------------------------------------
 201212031552_IDEMPIERE-246.sql successfully registered
 201212031552_IDEMPIERE-246.sql was already applied
(2 filas)

            filename            
--------------------------------
 201212051000_IDEMPIERE_390.sql
(1 fila)

INSERT 0 0
UPDATE 1
UPDATE 2
UPDATE 1
UPDATE 0
UPDATE 0
UPDATE 1
UPDATE 0
INSERT 0 0
INSERT 0 0
UPDATE 1
INSERT 0 0
UPDATE 1
UPDATE 1
UPDATE 1
UPDATE 1
UPDATE 1
UPDATE 1
UPDATE 1
UPDATE 1
UPDATE 1
UPDATE 1
UPDATE 1
UPDATE 1
UPDATE 1
UPDATE 1
UPDATE 1
INSERT 0 0
UPDATE 0
UPDATE 1
UPDATE 1
UPDATE 1
UPDATE 1
UPDATE 2
UPDATE 1
UPDATE 2
UPDATE 1
UPDATE 0
UPDATE 0
UPDATE 1
UPDATE 0
               register_migration_script                
--------------------------------------------------------
 201212051000_IDEMPIERE_390.sql successfully registered
 201212051000_IDEMPIERE_390.sql was already applied
(2 filas)

            filename            
--------------------------------
 201212102127_IDEMPIERE-293.sql
(1 fila)

INSERT 0 0
INSERT 0 0
INSERT 0 0
INSERT 0 0
               register_migration_script                
--------------------------------------------------------
 201212102127_IDEMPIERE-293.sql successfully registered
 201212102127_IDEMPIERE-293.sql was already applied
(2 filas)

            filename            
--------------------------------
 201212120818_IDEMPIERE-448.sql
(1 fila)

INSERT 0 0
INSERT 0 0
INSERT 0 0
INSERT 0 0
INSERT 0 0
UPDATE 1
UPDATE 1
UPDATE 1
UPDATE 1
UPDATE 1
UPDATE 1
UPDATE 1
UPDATE 1
UPDATE 1
UPDATE 1
               register_migration_script                
--------------------------------------------------------
 201212120818_IDEMPIERE-448.sql successfully registered
 201212120818_IDEMPIERE-448.sql was already applied
(2 filas)

                        filename                         
---------------------------------------------------------
 201212121120_IDEMPIERE-480_780.11_StatementDateAcct.sql
(1 fila)

INSERT 0 0
UPDATE 2
 altercolumn 
-------------
 
(1 fila)

INSERT 0 0
 altercolumn 
-------------
 
(1 fila)

INSERT 0 0
INSERT 0 0
UPDATE 0
UPDATE 1
UPDATE 1
UPDATE 1
UPDATE 1
UPDATE 1
UPDATE 1
UPDATE 1
UPDATE 1
UPDATE 1
UPDATE 1
UPDATE 1
UPDATE 1
UPDATE 1
UPDATE 1
UPDATE 1
UPDATE 1
UPDATE 1
UPDATE 1
UPDATE 1
UPDATE 1
UPDATE 1
UPDATE 1
UPDATE 1
UPDATE 1
UPDATE 1
UPDATE 1
UPDATE 1
                            register_migration_script                            
---------------------------------------------------------------------------------
 201212121120_IDEMPIERE-480_780.11_StatementDateAcct.sql successfully registered
 201212121120_IDEMPIERE-480_780.11_StatementDateAcct.sql was already applied
(2 filas)

            filename            
--------------------------------
 201212131000_IDEMPIERE-369.sql
(1 fila)

UPDATE 1
UPDATE 1
UPDATE 1
               register_migration_script                
--------------------------------------------------------
 201212131000_IDEMPIERE-369.sql successfully registered
 201212131000_IDEMPIERE-369.sql was already applied
(2 filas)

            filename            
--------------------------------
 201212131100_IDEMPIERE-530.sql
(1 fila)

               register_migration_script                
--------------------------------------------------------
 201212131100_IDEMPIERE-530.sql successfully registered
 201212131100_IDEMPIERE-530.sql was already applied
(2 filas)

              filename              
------------------------------------
 201212131723_WS001_WebServices.sql
(1 fila)

UPDATE 1
UPDATE 1
UPDATE 1
UPDATE 1
UPDATE 1
UPDATE 1
UPDATE 1
UPDATE 1
UPDATE 1
UPDATE 1
UPDATE 1
UPDATE 1
UPDATE 1
UPDATE 1
UPDATE 1
UPDATE 1
UPDATE 1
UPDATE 1
INSERT 0 0
UPDATE 1
UPDATE 1
UPDATE 1
UPDATE 1
UPDATE 1
UPDATE 1
UPDATE 1
UPDATE 1
UPDATE 1
UPDATE 1
UPDATE 1
UPDATE 1
UPDATE 1
UPDATE 1
UPDATE 1
UPDATE 1
UPDATE 1
UPDATE 1
UPDATE 1
UPDATE 1
UPDATE 1
INSERT 0 0
UPDATE 1
UPDATE 1
UPDATE 1
UPDATE 1
UPDATE 1
UPDATE 1
UPDATE 1
UPDATE 1
UPDATE 1
UPDATE 1
UPDATE 1
UPDATE 1
UPDATE 1
UPDATE 1
UPDATE 0
UPDATE 1
UPDATE 1
UPDATE 1
UPDATE 1
UPDATE 1
UPDATE 1
UPDATE 1
UPDATE 1
UPDATE 1
UPDATE 1
UPDATE 1
UPDATE 1
UPDATE 1
UPDATE 1
UPDATE 2
UPDATE 1
UPDATE 1
UPDATE 1
UPDATE 1
UPDATE 1
UPDATE 2
UPDATE 1
UPDATE 1
UPDATE 1
UPDATE 1
UPDATE 2
UPDATE 1
UPDATE 1
UPDATE 1
UPDATE 1
UPDATE 1
UPDATE 1
UPDATE 1
UPDATE 1
UPDATE 1
UPDATE 1
UPDATE 1
UPDATE 1
UPDATE 1
UPDATE 1
UPDATE 1
UPDATE 1
UPDATE 1
UPDATE 1
UPDATE 1
UPDATE 1
UPDATE 1
UPDATE 1
UPDATE 1
UPDATE 1
UPDATE 1
UPDATE 1
UPDATE 1
UPDATE 1
UPDATE 1
UPDATE 1
UPDATE 1
UPDATE 1
UPDATE 1
UPDATE 1
UPDATE 1
UPDATE 1
UPDATE 1
UPDATE 1
UPDATE 1
UPDATE 1
UPDATE 1
UPDATE 1
UPDATE 1
UPDATE 1
UPDATE 1
UPDATE 1
UPDATE 1
UPDATE 1
UPDATE 1
                 register_migration_script                  
------------------------------------------------------------
 201212131723_WS001_WebServices.sql successfully registered
 201212131723_WS001_WebServices.sql was already applied
(2 filas)

                   filename                   
----------------------------------------------
 201212131724_WS002_WebServicesDefinition.sql
(1 fila)

                      register_migration_script                       
----------------------------------------------------------------------
 201212131724_WS002_WebServicesDefinition.sql successfully registered
 201212131724_WS002_WebServicesDefinition.sql was already applied
(2 filas)

                         filename                          
-----------------------------------------------------------
 201212131725_WS003_WebServicesConfigGardenWorldSample.sql
(1 fila)

                             register_migration_script                             
-----------------------------------------------------------------------------------
 201212131725_WS003_WebServicesConfigGardenWorldSample.sql successfully registered
 201212131725_WS003_WebServicesConfigGardenWorldSample.sql was already applied
(2 filas)

                 filename                  
-------------------------------------------
 201212131726_WS004_WebServicesFixDict.sql
(1 fila)

UPDATE 1
                     register_migration_script                     
-------------------------------------------------------------------
 201212131726_WS004_WebServicesFixDict.sql successfully registered
 201212131726_WS004_WebServicesFixDict.sql was already applied
(2 filas)

                  filename                  
--------------------------------------------
 201212131727_WS005_IdempiereWebservice.sql
(1 fila)

UPDATE 1
UPDATE 1
INSERT 0 0
INSERT 0 0
INSERT 0 0
INSERT 0 0
UPDATE 1
UPDATE 1
INSERT 0 0
 altercolumn 
-------------
 
(1 fila)

INSERT 0 0
INSERT 0 0
INSERT 0 0
 altercolumn 
-------------
 
(1 fila)

INSERT 0 0
INSERT 0 0
INSERT 0 0
INSERT 0 0
INSERT 0 0
INSERT 0 0
INSERT 0 0
INSERT 0 0
INSERT 0 0
INSERT 0 0
INSERT 0 0
UPDATE 1
INSERT 0 0
INSERT 0 0
INSERT 0 0
INSERT 0 0
INSERT 0 0
INSERT 0 0
UPDATE 1
UPDATE 1
UPDATE 1
UPDATE 1
UPDATE 1
UPDATE 1
UPDATE 1
UPDATE 1
UPDATE 1
UPDATE 1
UPDATE 1
UPDATE 1
UPDATE 1
UPDATE 1
UPDATE 1
UPDATE 1
UPDATE 1
UPDATE 1
UPDATE 1
UPDATE 1
UPDATE 1
UPDATE 1
UPDATE 1
UPDATE 1
UPDATE 1
UPDATE 1
UPDATE 1
UPDATE 1
UPDATE 1
UPDATE 1
UPDATE 1
UPDATE 1
UPDATE 1
UPDATE 1
UPDATE 1
UPDATE 1
UPDATE 1
UPDATE 1
UPDATE 1
UPDATE 1
UPDATE 1
UPDATE 1
UPDATE 1
UPDATE 1
UPDATE 1
UPDATE 1
UPDATE 1
UPDATE 1
UPDATE 1
UPDATE 1
UPDATE 1
UPDATE 1
UPDATE 1
UPDATE 1
UPDATE 1
UPDATE 1
UPDATE 1
UPDATE 1
UPDATE 1
                     register_migration_script                      
--------------------------------------------------------------------
 201212131727_WS005_IdempiereWebservice.sql successfully registered
 201212131727_WS005_IdempiereWebservice.sql was already applied
(2 filas)

            filename            
--------------------------------
 201212141227_IDEMPIERE-246.sql
(1 fila)

UPDATE 1
UPDATE 1
UPDATE 1
UPDATE 1
UPDATE 1
UPDATE 1
UPDATE 1
UPDATE 1
UPDATE 1
UPDATE 1
UPDATE 1
UPDATE 1
UPDATE 1
UPDATE 1
UPDATE 1
UPDATE 1
UPDATE 1
UPDATE 1
UPDATE 1
UPDATE 1
UPDATE 1
UPDATE 1
UPDATE 1
UPDATE 1
UPDATE 1
UPDATE 1
UPDATE 1
UPDATE 1
UPDATE 1
UPDATE 1
UPDATE 1
UPDATE 1
UPDATE 1
UPDATE 1
               register_migration_script                
--------------------------------------------------------
 201212141227_IDEMPIERE-246.sql successfully registered
 201212141227_IDEMPIERE-246.sql was already applied
(2 filas)

                     filename                     
--------------------------------------------------
 201212192345_IDEMPIERE-362_ConnectionProfile.sql
(1 fila)

UPDATE 1
UPDATE 1
UPDATE 1
                        register_migration_script                         
--------------------------------------------------------------------------
 201212192345_IDEMPIERE-362_ConnectionProfile.sql successfully registered
 201212192345_IDEMPIERE-362_ConnectionProfile.sql was already applied
(2 filas)

            filename            
--------------------------------
 201212211710_IDEMPIERE-294.sql
(1 fila)

INSERT 0 0
               register_migration_script                
--------------------------------------------------------
 201212211710_IDEMPIERE-294.sql successfully registered
 201212211710_IDEMPIERE-294.sql was already applied
(2 filas)

            filename             
---------------------------------
 201212211841_TICKET-1001758.sql
(1 fila)

INSERT 0 0
INSERT 0 0
INSERT 0 0
INSERT 0 1
INSERT 0 2
INSERT 0 0
INSERT 0 0
INSERT 0 1
INSERT 0 2
INSERT 0 0
INSERT 0 0
INSERT 0 0
INSERT 0 0
INSERT 0 0
INSERT 0 0
INSERT 0 1
INSERT 0 2
INSERT 0 0
INSERT 0 0
DELETE 2
DELETE 1
DELETE 2
DELETE 1
INSERT 0 0
INSERT 0 0
INSERT 0 0
INSERT 0 0
INSERT 0 1
INSERT 0 2
INSERT 0 1
INSERT 0 2
UPDATE 1
INSERT 0 1
INSERT 0 2
INSERT 0 1
INSERT 0 2
INSERT 0 1
INSERT 0 2
INSERT 0 1
INSERT 0 2
INSERT 0 0
INSERT 0 1
INSERT 0 2
INSERT 0 0
INSERT 0 1
INSERT 0 2
INSERT 0 0
INSERT 0 1
INSERT 0 2
INSERT 0 0
INSERT 0 0
INSERT 0 1
INSERT 0 2
ALTER TABLE
ALTER TABLE
INSERT 0 0
INSERT 0 1
INSERT 0 2
INSERT 0 1
INSERT 0 2
INSERT 0 0
UPDATE 1
UPDATE 1
UPDATE 1
UPDATE 1
UPDATE 0
UPDATE 0
UPDATE 1
UPDATE 1
UPDATE 1
UPDATE 1
UPDATE 0
UPDATE 1
UPDATE 1
UPDATE 1
UPDATE 1
UPDATE 0
UPDATE 0
UPDATE 1
UPDATE 1
UPDATE 1
UPDATE 1
UPDATE 1
UPDATE 0
UPDATE 1
UPDATE 1
UPDATE 1
UPDATE 1
INSERT 0 0
INSERT 0 0
INSERT 0 0
INSERT 0 0
INSERT 0 0
INSERT 0 0
INSERT 0 1
INSERT 0 2
INSERT 0 1
INSERT 0 2
INSERT 0 1
INSERT 0 2
INSERT 0 0
INSERT 0 0
INSERT 0 0
INSERT 0 1
INSERT 0 2
INSERT 0 1
INSERT 0 2
INSERT 0 1
INSERT 0 2
INSERT 0 1
INSERT 0 2
INSERT 0 1
INSERT 0 2
INSERT 0 0
INSERT 0 1
INSERT 0 2
INSERT 0 0
UPDATE 1
UPDATE 1
UPDATE 1
UPDATE 0
UPDATE 1
UPDATE 1
UPDATE 1
UPDATE 1
UPDATE 1
UPDATE 1
UPDATE 1
UPDATE 1
UPDATE 1
UPDATE 1
UPDATE 1
UPDATE 1
UPDATE 1
UPDATE 1
UPDATE 1
UPDATE 1
UPDATE 0
UPDATE 1
UPDATE 1
UPDATE 1
UPDATE 1
UPDATE 1
UPDATE 1
UPDATE 1
UPDATE 1
UPDATE 1
UPDATE 1
UPDATE 1
UPDATE 1
UPDATE 1
UPDATE 1
UPDATE 1
UPDATE 1
UPDATE 1
UPDATE 1
UPDATE 1
UPDATE 1
UPDATE 1
UPDATE 0
UPDATE 1
UPDATE 1
UPDATE 1
UPDATE 1
UPDATE 1
UPDATE 1
UPDATE 1
UPDATE 1
UPDATE 1
UPDATE 1
UPDATE 1
UPDATE 1
UPDATE 1
UPDATE 1
UPDATE 2
UPDATE 1
INSERT 0 0
INSERT 0 0
UPDATE 1
UPDATE 1
UPDATE 1
UPDATE 1
UPDATE 1
UPDATE 1
UPDATE 1
UPDATE 1
UPDATE 1
UPDATE 1
UPDATE 1
UPDATE 1
UPDATE 1
UPDATE 1
UPDATE 1
UPDATE 1
UPDATE 1
UPDATE 1
UPDATE 1
UPDATE 1
UPDATE 1
UPDATE 1
UPDATE 1
UPDATE 1
UPDATE 1
UPDATE 1
UPDATE 1
UPDATE 1
UPDATE 1
UPDATE 1
UPDATE 1
UPDATE 1
UPDATE 1
UPDATE 1
UPDATE 1
UPDATE 1
UPDATE 0
UPDATE 1
INSERT 0 0
INSERT 0 0
INSERT 0 0
INSERT 0 0
INSERT 0 0
INSERT 0 0
INSERT 0 1
INSERT 0 2
INSERT 0 0
INSERT 0 0
INSERT 0 0
UPDATE 1
INSERT 0 0
INSERT 0 0
INSERT 0 0
INSERT 0 0
INSERT 0 0
INSERT 0 0
INSERT 0 0
INSERT 0 0
INSERT 0 0
INSERT 0 0
INSERT 0 0
INSERT 0 0
INSERT 0 0
INSERT 0 0
INSERT 0 0
INSERT 0 0
INSERT 0 0
INSERT 0 0
INSERT 0 0
INSERT 0 0
INSERT 0 0
INSERT 0 0
INSERT 0 0
INSERT 0 0
INSERT 0 0
INSERT 0 0
INSERT 0 0
INSERT 0 0
UPDATE 1
INSERT 0 0
INSERT 0 0
ALTER TABLE
INSERT 0 0
INSERT 0 0
INSERT 0 0
INSERT 0 0
INSERT 0 0
INSERT 0 0
INSERT 0 0
INSERT 0 0
INSERT 0 0
INSERT 0 0
INSERT 0 0
INSERT 0 0
INSERT 0 0
INSERT 0 0
INSERT 0 0
INSERT 0 0
UPDATE 1
INSERT 0 0
INSERT 0 0
UPDATE 1
INSERT 0 0
INSERT 0 0
INSERT 0 0
INSERT 0 0
INSERT 0 0
INSERT 0 0
INSERT 0 0
INSERT 0 0
INSERT 0 0
INSERT 0 0
INSERT 0 0
INSERT 0 0
INSERT 0 0
INSERT 0 0
INSERT 0 0
INSERT 0 0
INSERT 0 0
INSERT 0 0
INSERT 0 0
INSERT 0 0
INSERT 0 0
UPDATE 1
INSERT 0 0
INSERT 0 0
INSERT 0 0
INSERT 0 0
INSERT 0 0
INSERT 0 0
INSERT 0 0
INSERT 0 0
INSERT 0 0
INSERT 0 0
INSERT 0 0
INSERT 0 0
INSERT 0 0
INSERT 0 0
INSERT 0 0
INSERT 0 0
INSERT 0 0
UPDATE 1
INSERT 0 0
INSERT 0 0
INSERT 0 0
INSERT 0 0
INSERT 0 0
INSERT 0 0
INSERT 0 0
INSERT 0 0
INSERT 0 0
UPDATE 1
 altercolumn 
-------------
 
(1 fila)

INSERT 0 0
UPDATE 1
 altercolumn 
-------------
 
(1 fila)

INSERT 0 0
UPDATE 1
 altercolumn 
-------------
 
(1 fila)

INSERT 0 0
INSERT 0 0
INSERT 0 0
INSERT 0 0
INSERT 0 0
INSERT 0 0
INSERT 0 0
INSERT 0 0
INSERT 0 0
INSERT 0 0
INSERT 0 1
INSERT 0 2
INSERT 0 0
INSERT 0 0
INSERT 0 1
INSERT 0 2
INSERT 0 0
INSERT 0 1
INSERT 0 2
INSERT 0 0
INSERT 0 0
INSERT 0 0
INSERT 0 0
INSERT 0 1
INSERT 0 2
INSERT 0 0
INSERT 0 1
INSERT 0 2
INSERT 0 1
INSERT 0 2
INSERT 0 0
INSERT 0 0
DELETE 2
DELETE 1
DELETE 2
DELETE 1
DELETE 2
DELETE 1
DELETE 2
DELETE 1
DELETE 2
DELETE 1
INSERT 0 1
INSERT 0 2
INSERT 0 0
INSERT 0 0
INSERT 0 0
INSERT 0 0
INSERT 0 0
INSERT 0 0
INSERT 0 0
INSERT 0 0
INSERT 0 1
INSERT 0 2
ALTER TABLE
INSERT 0 1
INSERT 0 2
ALTER TABLE
INSERT 0 0
INSERT 0 0
INSERT 0 0
INSERT 0 0
INSERT 0 0
INSERT 0 1
INSERT 0 2
INSERT 0 1
INSERT 0 2
INSERT 0 0
INSERT 0 0
INSERT 0 1
INSERT 0 2
INSERT 0 0
INSERT 0 0
INSERT 0 0
INSERT 0 0
INSERT 0 0
INSERT 0 0
INSERT 0 0
INSERT 0 0
INSERT 0 1
INSERT 0 2
INSERT 0 1
INSERT 0 2
DELETE 2
DELETE 1
DELETE 2
DELETE 1
DELETE 2
DELETE 1
INSERT 0 0
INSERT 0 0
INSERT 0 0
INSERT 0 0
INSERT 0 0
INSERT 0 1
INSERT 0 2
INSERT 0 0
INSERT 0 0
INSERT 0 0
INSERT 0 0
INSERT 0 0
INSERT 0 0
INSERT 0 0
INSERT 0 0
INSERT 0 0
INSERT 0 0
INSERT 0 1
INSERT 0 2
INSERT 0 0
INSERT 0 1
INSERT 0 2
INSERT 0 1
INSERT 0 2
INSERT 0 1
INSERT 0 2
INSERT 0 1
INSERT 0 2
INSERT 0 1
INSERT 0 2
INSERT 0 1
INSERT 0 2
INSERT 0 1
INSERT 0 2
INSERT 0 1
INSERT 0 2
INSERT 0 1
INSERT 0 2
INSERT 0 1
INSERT 0 2
INSERT 0 0
INSERT 0 0
INSERT 0 1
INSERT 0 2
INSERT 0 1
INSERT 0 2
INSERT 0 1
INSERT 0 2
INSERT 0 1
INSERT 0 2
INSERT 0 0
INSERT 0 0
INSERT 0 0
INSERT 0 0
INSERT 0 0
INSERT 0 0
INSERT 0 0
INSERT 0 1
INSERT 0 2
INSERT 0 1
INSERT 0 2
INSERT 0 1
INSERT 0 2
INSERT 0 1
INSERT 0 2
INSERT 0 1
INSERT 0 2
INSERT 0 1
INSERT 0 2
INSERT 0 1
INSERT 0 2
INSERT 0 0
INSERT 0 1
INSERT 0 2
INSERT 0 1
INSERT 0 2
INSERT 0 1
INSERT 0 2
INSERT 0 0
INSERT 0 0
DELETE 2
DELETE 1
DELETE 2
DELETE 1
DELETE 2
DELETE 1
DELETE 2
DELETE 1
DELETE 2
DELETE 1
DELETE 2
DELETE 1
DELETE 2
DELETE 1
DELETE 2
DELETE 1
DELETE 2
DELETE 1
DELETE 2
DELETE 1
DELETE 2
DELETE 1
DELETE 2
DELETE 1
DELETE 2
DELETE 1
DELETE 2
DELETE 1
DELETE 2
DELETE 1
DELETE 2
DELETE 1
DELETE 2
DELETE 1
DELETE 2
DELETE 1
DELETE 2
DELETE 1
DELETE 2
DELETE 1
DELETE 2
DELETE 1
DELETE 2
DELETE 1
DELETE 2
DELETE 1
DELETE 2
DELETE 1
INSERT 0 0
INSERT 0 0
INSERT 0 0
UPDATE 1
INSERT 0 0
INSERT 0 0
INSERT 0 0
INSERT 0 0
INSERT 0 0
UPDATE 1
INSERT 0 0
INSERT 0 0
INSERT 0 0
INSERT 0 0
INSERT 0 0
INSERT 0 0
INSERT 0 0
INSERT 0 0
INSERT 0 0
INSERT 0 0
INSERT 0 0
INSERT 0 0
INSERT 0 0
INSERT 0 1
INSERT 0 2
INSERT 0 0
INSERT 0 0
INSERT 0 0
INSERT 0 0
INSERT 0 0
INSERT 0 1
INSERT 0 2
INSERT 0 0
INSERT 0 0
DELETE 2
DELETE 1
DELETE 2
DELETE 1
INSERT 0 1
INSERT 0 2
INSERT 0 1
INSERT 0 2
INSERT 0 0
INSERT 0 0
INSERT 0 0
INSERT 0 0
INSERT 0 0
INSERT 0 0
INSERT 0 0
INSERT 0 0
INSERT 0 0
INSERT 0 0
INSERT 0 0
INSERT 0 0
INSERT 0 0
INSERT 0 0
INSERT 0 0
INSERT 0 0
INSERT 0 0
INSERT 0 0
INSERT 0 0
INSERT 0 0
INSERT 0 0
INSERT 0 0
INSERT 0 0
INSERT 0 0
INSERT 0 0
INSERT 0 0
INSERT 0 0
INSERT 0 0
INSERT 0 0
INSERT 0 0
INSERT 0 0
INSERT 0 0
UPDATE 1
UPDATE 2
INSERT 0 0
INSERT 0 0
INSERT 0 0
INSERT 0 0
INSERT 0 0
INSERT 0 0
INSERT 0 0
INSERT 0 0
INSERT 0 0
INSERT 0 0
INSERT 0 0
INSERT 0 0
INSERT 0 0
INSERT 0 0
UPDATE 1
UPDATE 2
UPDATE 1
UPDATE 2
UPDATE 1
UPDATE 2
UPDATE 1
UPDATE 2
UPDATE 1
UPDATE 2
UPDATE 1
UPDATE 2
INSERT 0 0
INSERT 0 0
INSERT 0 0
INSERT 0 0
CREATE VIEW
INSERT 0 0
INSERT 0 0
INSERT 0 0
INSERT 0 0
INSERT 0 0
INSERT 0 0
INSERT 0 0
INSERT 0 1
INSERT 0 2
INSERT 0 0
INSERT 0 0
INSERT 0 0
INSERT 0 1
INSERT 0 2
INSERT 0 0
INSERT 0 0
UPDATE 1
UPDATE 1
UPDATE 1
UPDATE 1
UPDATE 1
UPDATE 1
UPDATE 0
UPDATE 1
UPDATE 1
UPDATE 1
UPDATE 1
UPDATE 1
UPDATE 1
UPDATE 1
UPDATE 1
UPDATE 0
UPDATE 1
UPDATE 1
UPDATE 1
UPDATE 1
UPDATE 1
UPDATE 1
UPDATE 1
UPDATE 1
UPDATE 1
UPDATE 0
UPDATE 1
UPDATE 1
UPDATE 1
UPDATE 1
INSERT 0 0
INSERT 0 0
INSERT 0 0
INSERT 0 0
INSERT 0 1
INSERT 0 2
INSERT 0 1
INSERT 0 2
INSERT 0 0
INSERT 0 0
INSERT 0 0
INSERT 0 0
INSERT 0 1
INSERT 0 2
INSERT 0 0
INSERT 0 0
INSERT 0 1
INSERT 0 2
UPDATE 1
UPDATE 1
UPDATE 1
UPDATE 1
UPDATE 1
UPDATE 1
UPDATE 0
UPDATE 1
UPDATE 1
UPDATE 1
UPDATE 1
UPDATE 1
UPDATE 1
UPDATE 1
UPDATE 1
UPDATE 1
UPDATE 1
UPDATE 1
UPDATE 0
UPDATE 1
UPDATE 1
UPDATE 1
UPDATE 1
UPDATE 1
UPDATE 1
UPDATE 1
UPDATE 1
UPDATE 1
UPDATE 1
UPDATE 1
UPDATE 1
UPDATE 1
UPDATE 0
UPDATE 1
UPDATE 1
UPDATE 1
UPDATE 1
UPDATE 1
UPDATE 1
UPDATE 1
UPDATE 1
INSERT 0 0
INSERT 0 0
INSERT 0 0
INSERT 0 0
INSERT 0 1
INSERT 0 2
INSERT 0 0
INSERT 0 0
INSERT 0 0
INSERT 0 1
INSERT 0 2
INSERT 0 0
INSERT 0 0
UPDATE 1
UPDATE 1
UPDATE 1
UPDATE 1
UPDATE 1
UPDATE 1
UPDATE 0
UPDATE 1
UPDATE 1
UPDATE 1
UPDATE 1
UPDATE 1
UPDATE 1
UPDATE 1
UPDATE 1
UPDATE 0
UPDATE 1
UPDATE 1
UPDATE 1
UPDATE 1
UPDATE 1
UPDATE 1
UPDATE 1
UPDATE 1
UPDATE 1
UPDATE 1
UPDATE 0
UPDATE 1
UPDATE 1
UPDATE 1
UPDATE 1
UPDATE 0
UPDATE 0
UPDATE 1
UPDATE 1
UPDATE 1
UPDATE 1
UPDATE 0
UPDATE 1
UPDATE 1
UPDATE 1
INSERT 0 0
INSERT 0 0
INSERT 0 0
INSERT 0 0
INSERT 0 0
INSERT 0 0
INSERT 0 0
INSERT 0 0
INSERT 0 0
INSERT 0 0
INSERT 0 0
INSERT 0 0
UPDATE 1
UPDATE 1
UPDATE 1
UPDATE 1
UPDATE 1
UPDATE 1
UPDATE 1
UPDATE 1
UPDATE 1
UPDATE 1
UPDATE 1
UPDATE 1
UPDATE 1
UPDATE 1
UPDATE 1
UPDATE 1
UPDATE 1
UPDATE 1
UPDATE 1
UPDATE 1
UPDATE 1
UPDATE 1
UPDATE 1
UPDATE 1
UPDATE 1
UPDATE 1
UPDATE 1
UPDATE 1
UPDATE 1
UPDATE 1
UPDATE 1
UPDATE 1
UPDATE 1
UPDATE 1
UPDATE 1
UPDATE 1
INSERT 0 1
INSERT 0 2
UPDATE 1
INSERT 0 1
INSERT 0 2
INSERT 0 1
INSERT 0 2
INSERT 0 1
INSERT 0 2
INSERT 0 1
INSERT 0 2
INSERT 0 1
INSERT 0 2
INSERT 0 1
INSERT 0 2
INSERT 0 1
INSERT 0 2
INSERT 0 1
INSERT 0 2
INSERT 0 1
INSERT 0 2
INSERT 0 1
INSERT 0 2
INSERT 0 1
INSERT 0 2
INSERT 0 1
INSERT 0 2
INSERT 0 1
INSERT 0 2
INSERT 0 1
INSERT 0 2
INSERT 0 1
INSERT 0 2
INSERT 0 1
INSERT 0 2
INSERT 0 1
INSERT 0 2
INSERT 0 1
INSERT 0 2
INSERT 0 1
INSERT 0 2
INSERT 0 1
INSERT 0 2
INSERT 0 1
INSERT 0 2
INSERT 0 1
INSERT 0 2
INSERT 0 1
INSERT 0 2
INSERT 0 1
INSERT 0 2
INSERT 0 1
INSERT 0 2
INSERT 0 1
INSERT 0 2
INSERT 0 1
INSERT 0 2
INSERT 0 1
INSERT 0 2
INSERT 0 1
INSERT 0 2
INSERT 0 1
INSERT 0 2
INSERT 0 1
INSERT 0 2
INSERT 0 1
INSERT 0 2
INSERT 0 1
INSERT 0 2
INSERT 0 1
INSERT 0 2
INSERT 0 1
INSERT 0 2
INSERT 0 1
INSERT 0 2
INSERT 0 1
INSERT 0 2
INSERT 0 1
INSERT 0 2
INSERT 0 1
INSERT 0 2
INSERT 0 1
INSERT 0 2
INSERT 0 1
INSERT 0 2
INSERT 0 1
INSERT 0 2
INSERT 0 1
INSERT 0 2
INSERT 0 1
INSERT 0 2
INSERT 0 1
INSERT 0 2
INSERT 0 1
INSERT 0 2
INSERT 0 1
INSERT 0 2
INSERT 0 1
INSERT 0 2
INSERT 0 1
INSERT 0 2
INSERT 0 1
INSERT 0 2
INSERT 0 1
INSERT 0 2
INSERT 0 1
INSERT 0 2
INSERT 0 1
INSERT 0 2
INSERT 0 1
INSERT 0 2
INSERT 0 1
INSERT 0 2
INSERT 0 1
INSERT 0 2
INSERT 0 1
INSERT 0 2
INSERT 0 1
INSERT 0 2
INSERT 0 1
INSERT 0 2
INSERT 0 1
INSERT 0 2
INSERT 0 1
INSERT 0 2
INSERT 0 1
INSERT 0 2
INSERT 0 1
INSERT 0 2
INSERT 0 1
INSERT 0 2
INSERT 0 1
INSERT 0 2
INSERT 0 1
INSERT 0 2
INSERT 0 1
INSERT 0 2
INSERT 0 1
INSERT 0 2
INSERT 0 1
INSERT 0 2
INSERT 0 1
INSERT 0 2
UPDATE 1
UPDATE 1
UPDATE 1
UPDATE 1
UPDATE 1
UPDATE 1
UPDATE 1
UPDATE 1
UPDATE 1
UPDATE 1
UPDATE 1
UPDATE 1
UPDATE 1
UPDATE 1
UPDATE 1
UPDATE 1
UPDATE 1
UPDATE 1
UPDATE 1
UPDATE 1
UPDATE 1
UPDATE 1
UPDATE 1
UPDATE 1
UPDATE 1
UPDATE 1
UPDATE 1
UPDATE 1
UPDATE 1
UPDATE 1
UPDATE 1
UPDATE 1
UPDATE 1
UPDATE 1
UPDATE 1
UPDATE 1
UPDATE 1
UPDATE 1
UPDATE 1
UPDATE 1
UPDATE 1
UPDATE 1
UPDATE 1
UPDATE 1
UPDATE 1
UPDATE 1
UPDATE 1
UPDATE 1
UPDATE 1
UPDATE 1
UPDATE 1
UPDATE 1
UPDATE 1
UPDATE 1
UPDATE 1
UPDATE 1
UPDATE 1
UPDATE 1
UPDATE 1
UPDATE 1
UPDATE 1
UPDATE 1
UPDATE 1
UPDATE 1
UPDATE 1
UPDATE 1
UPDATE 1
UPDATE 1
UPDATE 1
UPDATE 1
UPDATE 1
UPDATE 1
UPDATE 1
UPDATE 1
UPDATE 1
UPDATE 1
UPDATE 1
UPDATE 1
UPDATE 1
UPDATE 1
UPDATE 1
UPDATE 1
UPDATE 1
UPDATE 1
UPDATE 1
UPDATE 1
UPDATE 1
UPDATE 1
UPDATE 1
UPDATE 1
UPDATE 1
UPDATE 1
UPDATE 1
UPDATE 1
UPDATE 1
UPDATE 1
UPDATE 1
UPDATE 1
UPDATE 1
UPDATE 1
UPDATE 1
UPDATE 1
UPDATE 1
UPDATE 1
UPDATE 1
UPDATE 1
UPDATE 1
UPDATE 1
UPDATE 1
UPDATE 1
UPDATE 1
UPDATE 1
UPDATE 1
UPDATE 1
UPDATE 1
UPDATE 1
UPDATE 1
UPDATE 1
UPDATE 1
UPDATE 1
UPDATE 1
UPDATE 1
UPDATE 1
UPDATE 1
UPDATE 1
UPDATE 1
UPDATE 1
UPDATE 1
UPDATE 1
UPDATE 1
UPDATE 1
UPDATE 1
UPDATE 1
UPDATE 1
UPDATE 1
UPDATE 1
UPDATE 1
UPDATE 1
UPDATE 1
UPDATE 1
UPDATE 1
UPDATE 1
UPDATE 1
UPDATE 1
UPDATE 1
UPDATE 1
UPDATE 1
UPDATE 1
UPDATE 1
UPDATE 1
UPDATE 1
UPDATE 1
UPDATE 1
UPDATE 1
UPDATE 1
UPDATE 1
UPDATE 1
UPDATE 1
UPDATE 1
UPDATE 1
UPDATE 1
UPDATE 1
UPDATE 1
UPDATE 1
UPDATE 1
UPDATE 1
UPDATE 1
UPDATE 1
UPDATE 1
UPDATE 1
UPDATE 1
UPDATE 1
UPDATE 1
UPDATE 1
UPDATE 1
UPDATE 1
UPDATE 1
UPDATE 1
UPDATE 1
UPDATE 1
UPDATE 1
UPDATE 1
UPDATE 1
UPDATE 1
UPDATE 1
UPDATE 1
UPDATE 1
UPDATE 1
UPDATE 1
UPDATE 1
UPDATE 1
UPDATE 1
UPDATE 1
UPDATE 1
UPDATE 1
UPDATE 1
UPDATE 1
UPDATE 1
UPDATE 1
UPDATE 1
UPDATE 1
UPDATE 1
UPDATE 1
UPDATE 1
UPDATE 1
UPDATE 1
UPDATE 1
UPDATE 1
UPDATE 1
UPDATE 1
UPDATE 1
UPDATE 1
UPDATE 1
UPDATE 1
UPDATE 1
UPDATE 1
UPDATE 1
UPDATE 1
UPDATE 1
UPDATE 1
UPDATE 1
UPDATE 1
UPDATE 1
UPDATE 1
UPDATE 1
UPDATE 1
UPDATE 1
UPDATE 1
UPDATE 1
UPDATE 1
UPDATE 1
UPDATE 1
UPDATE 1
UPDATE 1
UPDATE 1
UPDATE 1
UPDATE 1
UPDATE 1
UPDATE 1
UPDATE 1
UPDATE 1
UPDATE 1
UPDATE 1
UPDATE 1
UPDATE 1
UPDATE 1
UPDATE 1
UPDATE 1
UPDATE 1
UPDATE 1
UPDATE 1
UPDATE 1
UPDATE 1
UPDATE 1
UPDATE 1
UPDATE 1
UPDATE 1
UPDATE 1
UPDATE 1
UPDATE 1
UPDATE 1
UPDATE 1
UPDATE 1
UPDATE 1
UPDATE 1
UPDATE 1
UPDATE 1
UPDATE 1
UPDATE 1
UPDATE 1
UPDATE 1
UPDATE 1
UPDATE 1
UPDATE 1
UPDATE 1
UPDATE 1
UPDATE 1
UPDATE 1
UPDATE 1
UPDATE 1
UPDATE 1
UPDATE 1
UPDATE 1
UPDATE 1
UPDATE 1
UPDATE 1
UPDATE 1
UPDATE 1
UPDATE 1
UPDATE 1
UPDATE 1
UPDATE 1
UPDATE 1
UPDATE 1
UPDATE 1
UPDATE 1
UPDATE 1
UPDATE 1
UPDATE 1
UPDATE 1
UPDATE 1
UPDATE 1
UPDATE 1
UPDATE 1
UPDATE 1
UPDATE 1
UPDATE 1
UPDATE 1
UPDATE 1
UPDATE 1
UPDATE 1
UPDATE 1
UPDATE 1
UPDATE 1
UPDATE 1
UPDATE 1
UPDATE 1
UPDATE 1
UPDATE 1
UPDATE 1
UPDATE 1
UPDATE 1
UPDATE 1
UPDATE 1
UPDATE 1
UPDATE 1
UPDATE 1
UPDATE 1
UPDATE 1
UPDATE 1
UPDATE 1
UPDATE 1
UPDATE 1
UPDATE 1
UPDATE 1
UPDATE 1
UPDATE 1
UPDATE 1
UPDATE 1
UPDATE 1
UPDATE 1
UPDATE 1
UPDATE 1
UPDATE 1
UPDATE 1
UPDATE 1
UPDATE 1
UPDATE 1
UPDATE 1
UPDATE 1
UPDATE 1
UPDATE 1
UPDATE 1
UPDATE 1
UPDATE 1
UPDATE 1
UPDATE 1
UPDATE 1
UPDATE 1
UPDATE 1
UPDATE 1
UPDATE 1
UPDATE 1
UPDATE 1
UPDATE 1
UPDATE 1
UPDATE 1
UPDATE 1
UPDATE 1
UPDATE 1
UPDATE 1
UPDATE 1
UPDATE 1
UPDATE 1
UPDATE 1
UPDATE 1
UPDATE 1
UPDATE 1
UPDATE 1
UPDATE 1
UPDATE 1
UPDATE 1
UPDATE 1
UPDATE 1
UPDATE 1
UPDATE 1
UPDATE 1
UPDATE 1
UPDATE 1
UPDATE 1
UPDATE 1
UPDATE 1
UPDATE 1
UPDATE 1
UPDATE 1
UPDATE 1
UPDATE 1
UPDATE 1
UPDATE 1
UPDATE 1
UPDATE 1
UPDATE 1
UPDATE 1
UPDATE 1
UPDATE 1
UPDATE 1
UPDATE 1
UPDATE 1
UPDATE 1
UPDATE 1
UPDATE 1
UPDATE 1
UPDATE 1
UPDATE 1
UPDATE 1
UPDATE 1
UPDATE 1
UPDATE 1
UPDATE 1
UPDATE 1
UPDATE 1
UPDATE 1
UPDATE 1
UPDATE 1
UPDATE 1
UPDATE 1
UPDATE 1
UPDATE 1
UPDATE 1
UPDATE 1
UPDATE 1
UPDATE 1
UPDATE 1
UPDATE 1
INSERT 0 1
INSERT 0 2
INSERT 0 1
INSERT 0 2
INSERT 0 1
INSERT 0 2
INSERT 0 1
INSERT 0 2
INSERT 0 1
INSERT 0 2
INSERT 0 1
INSERT 0 2
INSERT 0 1
INSERT 0 2
INSERT 0 1
INSERT 0 2
INSERT 0 1
INSERT 0 2
INSERT 0 1
INSERT 0 2
INSERT 0 1
INSERT 0 2
INSERT 0 1
INSERT 0 2
INSERT 0 1
INSERT 0 2
INSERT 0 1
INSERT 0 2
INSERT 0 1
INSERT 0 2
INSERT 0 1
INSERT 0 2
INSERT 0 1
INSERT 0 2
INSERT 0 1
INSERT 0 2
INSERT 0 1
INSERT 0 2
INSERT 0 1
INSERT 0 2
INSERT 0 1
INSERT 0 2
UPDATE 1
UPDATE 1
UPDATE 1
UPDATE 1
UPDATE 1
UPDATE 1
UPDATE 1
UPDATE 1
UPDATE 1
UPDATE 1
UPDATE 1
UPDATE 1
UPDATE 1
UPDATE 1
UPDATE 1
UPDATE 1
UPDATE 1
UPDATE 1
UPDATE 1
UPDATE 1
UPDATE 1
UPDATE 1
UPDATE 1
UPDATE 1
UPDATE 1
UPDATE 1
UPDATE 1
UPDATE 1
UPDATE 1
UPDATE 1
UPDATE 1
UPDATE 1
UPDATE 1
UPDATE 1
UPDATE 1
UPDATE 1
UPDATE 1
UPDATE 1
UPDATE 1
UPDATE 1
UPDATE 1
UPDATE 1
UPDATE 1
UPDATE 1
UPDATE 1
UPDATE 1
UPDATE 1
UPDATE 1
UPDATE 1
UPDATE 1
UPDATE 1
UPDATE 1
UPDATE 1
UPDATE 1
UPDATE 1
UPDATE 1
UPDATE 1
UPDATE 1
UPDATE 1
UPDATE 1
UPDATE 1
UPDATE 1
UPDATE 1
UPDATE 1
UPDATE 1
UPDATE 1
UPDATE 1
UPDATE 1
UPDATE 1
UPDATE 1
UPDATE 1
UPDATE 1
UPDATE 1
UPDATE 1
UPDATE 1
UPDATE 1
UPDATE 1
UPDATE 1
UPDATE 1
UPDATE 1
UPDATE 1
UPDATE 1
UPDATE 1
INSERT 0 1
INSERT 0 2
INSERT 0 1
INSERT 0 2
INSERT 0 1
INSERT 0 2
INSERT 0 1
INSERT 0 2
INSERT 0 1
INSERT 0 2
INSERT 0 1
INSERT 0 2
INSERT 0 1
INSERT 0 2
INSERT 0 1
INSERT 0 2
INSERT 0 1
INSERT 0 2
INSERT 0 1
INSERT 0 2
INSERT 0 1
INSERT 0 2
INSERT 0 1
INSERT 0 2
UPDATE 1
UPDATE 1
UPDATE 1
UPDATE 1
UPDATE 1
UPDATE 1
UPDATE 1
UPDATE 1
UPDATE 1
UPDATE 1
UPDATE 1
UPDATE 1
UPDATE 1
UPDATE 1
UPDATE 1
UPDATE 1
UPDATE 1
UPDATE 1
UPDATE 1
UPDATE 1
UPDATE 1
UPDATE 1
UPDATE 1
UPDATE 1
UPDATE 1
UPDATE 1
UPDATE 1
UPDATE 1
UPDATE 1
UPDATE 1
UPDATE 1
UPDATE 1
UPDATE 1
UPDATE 1
UPDATE 1
UPDATE 1
UPDATE 1
UPDATE 1
UPDATE 1
UPDATE 1
UPDATE 1
UPDATE 1
UPDATE 1
UPDATE 1
UPDATE 1
UPDATE 1
UPDATE 1
UPDATE 1
UPDATE 1
UPDATE 1
UPDATE 1
UPDATE 1
UPDATE 1
UPDATE 1
UPDATE 1
UPDATE 1
UPDATE 1
UPDATE 1
UPDATE 1
UPDATE 1
UPDATE 1
UPDATE 1
UPDATE 1
UPDATE 1
UPDATE 1
UPDATE 1
UPDATE 1
UPDATE 1
UPDATE 1
UPDATE 1
UPDATE 1
UPDATE 1
UPDATE 1
UPDATE 1
UPDATE 1
UPDATE 1
UPDATE 1
INSERT 0 0
INSERT 0 0
INSERT 0 0
INSERT 0 0
INSERT 0 0
INSERT 0 0
INSERT 0 0
UPDATE 1
UPDATE 1
UPDATE 1
UPDATE 1
UPDATE 1
UPDATE 1
UPDATE 1
UPDATE 1
UPDATE 1
UPDATE 1
UPDATE 1
UPDATE 1
UPDATE 1
UPDATE 1
UPDATE 1
UPDATE 1
UPDATE 1
UPDATE 1
UPDATE 1
UPDATE 1
UPDATE 1
UPDATE 1
UPDATE 1
UPDATE 1
UPDATE 1
UPDATE 1
UPDATE 1
UPDATE 1
UPDATE 1
UPDATE 1
UPDATE 1
UPDATE 1
UPDATE 1
UPDATE 1
UPDATE 1
UPDATE 1
UPDATE 1
UPDATE 1
UPDATE 1
UPDATE 1
UPDATE 1
UPDATE 1
UPDATE 1
UPDATE 1
UPDATE 1
UPDATE 1
UPDATE 1
UPDATE 1
UPDATE 1
UPDATE 1
UPDATE 1
UPDATE 1
UPDATE 1
UPDATE 1
UPDATE 1
UPDATE 1
UPDATE 1
UPDATE 1
UPDATE 1
UPDATE 1
UPDATE 1
UPDATE 1
UPDATE 1
UPDATE 1
UPDATE 1
UPDATE 1
UPDATE 1
UPDATE 1
UPDATE 1
UPDATE 1
UPDATE 1
UPDATE 1
UPDATE 1
UPDATE 1
UPDATE 1
UPDATE 1
UPDATE 1
UPDATE 1
UPDATE 1
UPDATE 1
UPDATE 1
UPDATE 1
UPDATE 1
UPDATE 1
UPDATE 1
UPDATE 1
UPDATE 1
UPDATE 1
UPDATE 1
UPDATE 1
UPDATE 1
UPDATE 1
UPDATE 1
UPDATE 1
UPDATE 1
UPDATE 1
UPDATE 1
UPDATE 1
UPDATE 1
UPDATE 1
UPDATE 1
UPDATE 1
UPDATE 1
UPDATE 1
UPDATE 1
UPDATE 1
UPDATE 1
UPDATE 1
UPDATE 1
UPDATE 1
UPDATE 1
UPDATE 1
UPDATE 1
UPDATE 1
UPDATE 1
UPDATE 1
UPDATE 1
UPDATE 1
UPDATE 1
UPDATE 1
UPDATE 1
UPDATE 1
UPDATE 1
UPDATE 1
UPDATE 1
UPDATE 1
UPDATE 1
UPDATE 1
UPDATE 1
UPDATE 1
UPDATE 1
UPDATE 1
UPDATE 1
UPDATE 1
UPDATE 1
UPDATE 1
UPDATE 1
UPDATE 1
UPDATE 1
UPDATE 1
UPDATE 1
UPDATE 1
UPDATE 1
UPDATE 1
UPDATE 1
UPDATE 1
UPDATE 1
UPDATE 1
UPDATE 1
UPDATE 1
UPDATE 1
UPDATE 1
UPDATE 1
UPDATE 1
UPDATE 1
UPDATE 1
UPDATE 1
UPDATE 1
UPDATE 1
UPDATE 1
UPDATE 1
UPDATE 1
UPDATE 1
UPDATE 1
UPDATE 1
UPDATE 1
UPDATE 1
UPDATE 1
UPDATE 1
UPDATE 1
UPDATE 1
UPDATE 1
UPDATE 1
UPDATE 1
UPDATE 1
UPDATE 1
UPDATE 1
UPDATE 1
UPDATE 1
UPDATE 1
UPDATE 1
UPDATE 1
UPDATE 1
UPDATE 1
UPDATE 1
UPDATE 1
UPDATE 1
UPDATE 1
UPDATE 1
UPDATE 1
UPDATE 1
UPDATE 1
UPDATE 1
UPDATE 1
UPDATE 1
UPDATE 1
UPDATE 1
UPDATE 1
UPDATE 1
UPDATE 1
UPDATE 1
UPDATE 1
UPDATE 1
UPDATE 1
UPDATE 1
UPDATE 1
UPDATE 1
UPDATE 1
UPDATE 1
UPDATE 1
UPDATE 1
UPDATE 1
UPDATE 1
UPDATE 1
UPDATE 1
UPDATE 1
UPDATE 1
UPDATE 1
UPDATE 1
UPDATE 1
UPDATE 1
UPDATE 1
UPDATE 1
UPDATE 1
UPDATE 1
UPDATE 1
UPDATE 1
UPDATE 1
UPDATE 1
UPDATE 1
UPDATE 1
UPDATE 1
UPDATE 1
INSERT 0 0
INSERT 0 0
INSERT 0 0
INSERT 0 0
INSERT 0 0
INSERT 0 0
INSERT 0 0
INSERT 0 0
INSERT 0 0
INSERT 0 0
INSERT 0 0
INSERT 0 0
INSERT 0 0
INSERT 0 0
INSERT 0 0
INSERT 0 0
INSERT 0 0
INSERT 0 0
INSERT 0 0
INSERT 0 0
INSERT 0 0
INSERT 0 0
INSERT 0 0
INSERT 0 0
INSERT 0 0
INSERT 0 0
INSERT 0 0
INSERT 0 0
INSERT 0 0
INSERT 0 1
INSERT 0 2
INSERT 0 0
INSERT 0 0
INSERT 0 0
INSERT 0 0
INSERT 0 0
INSERT 0 0
INSERT 0 0
INSERT 0 0
INSERT 0 0
INSERT 0 0
INSERT 0 0
INSERT 0 0
INSERT 0 0
INSERT 0 0
INSERT 0 0
INSERT 0 0
INSERT 0 0
INSERT 0 0
INSERT 0 0
INSERT 0 0
INSERT 0 0
INSERT 0 0
INSERT 0 0
INSERT 0 0
INSERT 0 0
INSERT 0 0
INSERT 0 0
INSERT 0 0
INSERT 0 0
INSERT 0 0
INSERT 0 0
INSERT 0 0
INSERT 0 0
INSERT 0 0
INSERT 0 0
INSERT 0 0
INSERT 0 0
INSERT 0 0
INSERT 0 0
INSERT 0 0
INSERT 0 0
INSERT 0 0
UPDATE 1
UPDATE 2
INSERT 0 0
INSERT 0 0
INSERT 0 0
INSERT 0 0
INSERT 0 0
INSERT 0 0
INSERT 0 0
INSERT 0 0
INSERT 0 0
INSERT 0 0
INSERT 0 0
INSERT 0 0
INSERT 0 0
INSERT 0 0
INSERT 0 0
INSERT 0 0
INSERT 0 0
INSERT 0 0
INSERT 0 0
INSERT 0 0
INSERT 0 0
INSERT 0 0
INSERT 0 0
INSERT 0 0
INSERT 0 0
INSERT 0 0
INSERT 0 0
INSERT 0 0
INSERT 0 0
INSERT 0 0
INSERT 0 0
INSERT 0 0
INSERT 0 0
DELETE 2
DELETE 1
DELETE 2
DELETE 1
DELETE 2
DELETE 1
INSERT 0 0
INSERT 0 0
UPDATE 1
UPDATE 1
UPDATE 1
UPDATE 1
UPDATE 1
UPDATE 1
UPDATE 1
UPDATE 1
UPDATE 1
UPDATE 1
UPDATE 1
UPDATE 1
UPDATE 1
DELETE 2
DELETE 1
DELETE 2
DELETE 1
UPDATE 1
UPDATE 2
UPDATE 3
UPDATE 0
UPDATE 0
UPDATE 4
UPDATE 0
UPDATE 1
UPDATE 1
UPDATE 1
UPDATE 1
UPDATE 1
UPDATE 1
UPDATE 1
UPDATE 1
UPDATE 1
UPDATE 1
UPDATE 1
UPDATE 1
UPDATE 1
UPDATE 1
UPDATE 1
UPDATE 1
UPDATE 1
UPDATE 1
UPDATE 1
UPDATE 1
UPDATE 1
UPDATE 1
UPDATE 1
UPDATE 1
UPDATE 1
UPDATE 1
UPDATE 1
UPDATE 1
UPDATE 1
UPDATE 1
UPDATE 1
UPDATE 1
UPDATE 1
UPDATE 1
UPDATE 1
UPDATE 1
UPDATE 1
UPDATE 1
UPDATE 1
UPDATE 1
UPDATE 1
UPDATE 1
UPDATE 1
UPDATE 1
UPDATE 1
UPDATE 1
UPDATE 1
UPDATE 1
UPDATE 1
UPDATE 1
INSERT 0 0
INSERT 0 0
INSERT 0 0
INSERT 0 0
INSERT 0 0
INSERT 0 0
INSERT 0 0
INSERT 0 0
INSERT 0 0
INSERT 0 0
INSERT 0 0
INSERT 0 0
INSERT 0 0
INSERT 0 0
INSERT 0 0
INSERT 0 0
INSERT 0 0
INSERT 0 0
INSERT 0 0
INSERT 0 0
INSERT 0 0
INSERT 0 0
INSERT 0 0
INSERT 0 0
INSERT 0 0
INSERT 0 0
INSERT 0 0
INSERT 0 0
INSERT 0 0
INSERT 0 0
INSERT 0 0
INSERT 0 0
INSERT 0 0
INSERT 0 0
INSERT 0 0
INSERT 0 0
INSERT 0 0
INSERT 0 0
INSERT 0 0
INSERT 0 0
INSERT 0 0
INSERT 0 0
INSERT 0 0
INSERT 0 0
INSERT 0 0
INSERT 0 0
INSERT 0 0
INSERT 0 0
INSERT 0 0
INSERT 0 0
INSERT 0 0
INSERT 0 0
INSERT 0 0
INSERT 0 0
INSERT 0 0
INSERT 0 0
INSERT 0 0
INSERT 0 0
INSERT 0 0
INSERT 0 0
INSERT 0 0
INSERT 0 0
INSERT 0 0
INSERT 0 0
INSERT 0 0
INSERT 0 0
INSERT 0 0
INSERT 0 0
INSERT 0 0
INSERT 0 0
INSERT 0 0
INSERT 0 0
INSERT 0 0
INSERT 0 0
INSERT 0 0
INSERT 0 0
INSERT 0 0
INSERT 0 0
INSERT 0 0
INSERT 0 0
INSERT 0 0
INSERT 0 0
INSERT 0 0
INSERT 0 0
INSERT 0 0
INSERT 0 0
INSERT 0 0
INSERT 0 0
INSERT 0 0
INSERT 0 0
INSERT 0 0
INSERT 0 0
INSERT 0 0
INSERT 0 0
INSERT 0 0
INSERT 0 0
INSERT 0 0
INSERT 0 0
INSERT 0 0
INSERT 0 0
INSERT 0 0
INSERT 0 0
INSERT 0 0
UPDATE 1
UPDATE 1
UPDATE 1
UPDATE 1
UPDATE 1
UPDATE 1
UPDATE 1
UPDATE 1
UPDATE 1
UPDATE 1
UPDATE 1
UPDATE 1
UPDATE 1
UPDATE 1
UPDATE 1
UPDATE 1
UPDATE 1
INSERT 0 0
INSERT 0 0
INSERT 0 0
INSERT 0 0
INSERT 0 0
INSERT 0 0
INSERT 0 0
INSERT 0 1
INSERT 0 2
INSERT 0 1
INSERT 0 2
INSERT 0 0
INSERT 0 0
INSERT 0 0
INSERT 0 0
INSERT 0 1
INSERT 0 2
INSERT 0 0
INSERT 0 0
INSERT 0 1
INSERT 0 2
DELETE 2
DELETE 1
DELETE 2
DELETE 1
DELETE 2
DELETE 1
DELETE 2
DELETE 1
INSERT 0 0
INSERT 0 0
INSERT 0 0
INSERT 0 0
UPDATE 1
INSERT 0 0
INSERT 0 0
INSERT 0 0
INSERT 0 0
INSERT 0 0
INSERT 0 0
INSERT 0 0
INSERT 0 0
INSERT 0 0
INSERT 0 0
INSERT 0 0
INSERT 0 0
INSERT 0 0
INSERT 0 0
INSERT 0 0
UPDATE 1
UPDATE 1
UPDATE 1
UPDATE 1
UPDATE 1
UPDATE 1
UPDATE 1
UPDATE 1
UPDATE 1
UPDATE 1
UPDATE 1
UPDATE 1
UPDATE 1
UPDATE 1
UPDATE 1
UPDATE 1
UPDATE 1
UPDATE 1
UPDATE 1
UPDATE 1
UPDATE 1
UPDATE 1
UPDATE 1
UPDATE 1
UPDATE 1
UPDATE 1
UPDATE 1
UPDATE 1
UPDATE 1
UPDATE 1
UPDATE 1
UPDATE 1
UPDATE 1
UPDATE 1
UPDATE 1
UPDATE 1
UPDATE 1
UPDATE 1
UPDATE 1
UPDATE 1
UPDATE 1
UPDATE 1
UPDATE 1
UPDATE 1
UPDATE 1
UPDATE 1
UPDATE 1
UPDATE 1
UPDATE 1
UPDATE 1
UPDATE 1
UPDATE 1
INSERT 0 0
INSERT 0 0
UPDATE 1
UPDATE 1
UPDATE 1
UPDATE 1
UPDATE 1
UPDATE 1
UPDATE 1
UPDATE 1
INSERT 0 0
INSERT 0 0
INSERT 0 1
INSERT 0 2
ALTER TABLE
INSERT 0 1
INSERT 0 2
UPDATE 1
ALTER TABLE
INSERT 0 0
INSERT 0 0
INSERT 0 0
UPDATE 1
INSERT 0 0
INSERT 0 0
INSERT 0 0
INSERT 0 0
INSERT 0 0
INSERT 0 0
UPDATE 1
INSERT 0 0
INSERT 0 0
INSERT 0 0
INSERT 0 0
INSERT 0 0
UPDATE 1
UPDATE 1
UPDATE 1
UPDATE 1
UPDATE 1
UPDATE 1
UPDATE 1
UPDATE 1
UPDATE 1
UPDATE 1
UPDATE 1
UPDATE 1
UPDATE 1
UPDATE 1
UPDATE 1
UPDATE 1
UPDATE 1
UPDATE 1
UPDATE 1
UPDATE 1
UPDATE 1
UPDATE 1
UPDATE 1
UPDATE 1
UPDATE 1
UPDATE 1
UPDATE 1
UPDATE 1
UPDATE 1
UPDATE 1
UPDATE 1
UPDATE 1
UPDATE 1
UPDATE 1
UPDATE 1
UPDATE 1
UPDATE 1
UPDATE 1
UPDATE 1
UPDATE 1
UPDATE 1
UPDATE 1
UPDATE 1
UPDATE 1
UPDATE 1
UPDATE 1
UPDATE 1
UPDATE 1
UPDATE 1
UPDATE 1
UPDATE 1
UPDATE 1
UPDATE 1
UPDATE 1
UPDATE 1
UPDATE 1
UPDATE 1
UPDATE 1
UPDATE 1
UPDATE 1
UPDATE 1
UPDATE 1
UPDATE 1
UPDATE 1
UPDATE 1
UPDATE 1
UPDATE 1
UPDATE 1
UPDATE 1
UPDATE 1
UPDATE 1
UPDATE 1
UPDATE 1
UPDATE 1
UPDATE 1
UPDATE 1
UPDATE 1
UPDATE 1
UPDATE 1
UPDATE 1
UPDATE 1
UPDATE 1
UPDATE 1
UPDATE 1
UPDATE 1
UPDATE 1
UPDATE 1
UPDATE 1
UPDATE 1
UPDATE 1
UPDATE 1
UPDATE 1
UPDATE 1
UPDATE 1
UPDATE 1
UPDATE 1
UPDATE 1
UPDATE 1
UPDATE 1
UPDATE 1
UPDATE 1
UPDATE 1
UPDATE 1
UPDATE 1
UPDATE 1
INSERT 0 0
INSERT 0 0
UPDATE 1
UPDATE 1
UPDATE 1
UPDATE 1
UPDATE 1
UPDATE 1
UPDATE 1
UPDATE 1
UPDATE 1
UPDATE 1
UPDATE 1
UPDATE 1
UPDATE 1
UPDATE 1
UPDATE 1
UPDATE 1
UPDATE 1
UPDATE 1
UPDATE 1
UPDATE 1
UPDATE 1
UPDATE 1
UPDATE 1
UPDATE 1
UPDATE 1
UPDATE 1
UPDATE 1
UPDATE 1
UPDATE 1
UPDATE 1
UPDATE 1
UPDATE 1
UPDATE 1
UPDATE 1
UPDATE 1
UPDATE 1
UPDATE 1
UPDATE 1
UPDATE 1
UPDATE 1
UPDATE 1
UPDATE 1
INSERT 0 0
INSERT 0 0
INSERT 0 0
INSERT 0 0
INSERT 0 0
UPDATE 1
UPDATE 1
UPDATE 1
UPDATE 1
UPDATE 1
UPDATE 1
UPDATE 1
UPDATE 1
UPDATE 1
UPDATE 1
UPDATE 1
UPDATE 1
UPDATE 1
UPDATE 1
UPDATE 1
UPDATE 1
UPDATE 1
UPDATE 1
UPDATE 1
UPDATE 1
UPDATE 1
UPDATE 1
UPDATE 1
UPDATE 1
UPDATE 1
UPDATE 1
UPDATE 1
UPDATE 1
UPDATE 1
UPDATE 1
UPDATE 1
UPDATE 1
UPDATE 1
UPDATE 1
UPDATE 1
UPDATE 1
UPDATE 1
UPDATE 1
UPDATE 1
UPDATE 1
UPDATE 1
UPDATE 1
UPDATE 1
UPDATE 1
UPDATE 1
UPDATE 1
UPDATE 1
UPDATE 1
UPDATE 1
UPDATE 1
UPDATE 1
UPDATE 1
UPDATE 1
UPDATE 1
UPDATE 1
UPDATE 1
UPDATE 1
UPDATE 1
UPDATE 1
UPDATE 1
UPDATE 1
UPDATE 1
UPDATE 1
UPDATE 1
UPDATE 1
UPDATE 1
UPDATE 1
UPDATE 1
UPDATE 1
UPDATE 1
UPDATE 1
UPDATE 1
UPDATE 1
UPDATE 1
UPDATE 1
UPDATE 1
UPDATE 1
UPDATE 1
UPDATE 1
UPDATE 1
UPDATE 1
UPDATE 1
UPDATE 1
UPDATE 1
UPDATE 1
UPDATE 1
UPDATE 1
UPDATE 1
UPDATE 1
UPDATE 1
UPDATE 1
UPDATE 1
UPDATE 1
UPDATE 1
UPDATE 1
UPDATE 1
UPDATE 1
UPDATE 1
UPDATE 1
UPDATE 1
UPDATE 1
UPDATE 1
UPDATE 1
UPDATE 1
UPDATE 1
UPDATE 1
UPDATE 1
UPDATE 1
UPDATE 1
UPDATE 1
UPDATE 1
UPDATE 1
UPDATE 1
UPDATE 1
UPDATE 1
UPDATE 1
UPDATE 1
UPDATE 1
UPDATE 1
UPDATE 1
UPDATE 1
UPDATE 1
UPDATE 1
UPDATE 1
UPDATE 1
UPDATE 1
UPDATE 1
UPDATE 1
UPDATE 1
UPDATE 1
UPDATE 1
UPDATE 1
UPDATE 1
UPDATE 1
UPDATE 1
UPDATE 1
UPDATE 1
UPDATE 1
UPDATE 1
UPDATE 1
UPDATE 1
UPDATE 1
UPDATE 1
UPDATE 1
UPDATE 1
INSERT 0 0
UPDATE 1
UPDATE 1
UPDATE 1
UPDATE 1
UPDATE 1
UPDATE 1
UPDATE 1
UPDATE 1
UPDATE 1
UPDATE 1
UPDATE 1
UPDATE 1
UPDATE 1
UPDATE 1
UPDATE 1
UPDATE 1
UPDATE 1
UPDATE 1
UPDATE 1
UPDATE 1
UPDATE 1
UPDATE 1
UPDATE 1
UPDATE 1
UPDATE 1
UPDATE 1
UPDATE 1
UPDATE 1
UPDATE 1
UPDATE 1
UPDATE 1
UPDATE 1
UPDATE 1
UPDATE 1
UPDATE 1
UPDATE 1
UPDATE 1
UPDATE 1
INSERT 0 0
INSERT 0 1
INSERT 0 2
UPDATE 1
ALTER TABLE
INSERT 0 1
INSERT 0 2
INSERT 0 1
INSERT 0 2
INSERT 0 1
INSERT 0 2
UPDATE 1
UPDATE 1
UPDATE 1
UPDATE 1
UPDATE 1
UPDATE 1
UPDATE 1
UPDATE 1
UPDATE 1
UPDATE 1
UPDATE 1
UPDATE 1
UPDATE 1
INSERT 0 0
INSERT 0 0
INSERT 0 0
INSERT 0 0
INSERT 0 0
INSERT 0 0
INSERT 0 0
INSERT 0 0
INSERT 0 0
INSERT 0 0
INSERT 0 0
INSERT 0 0
INSERT 0 0
INSERT 0 0
INSERT 0 0
INSERT 0 0
INSERT 0 0
INSERT 0 0
INSERT 0 0
UPDATE 1
UPDATE 1
UPDATE 1
UPDATE 1
UPDATE 1
UPDATE 1
UPDATE 1
UPDATE 1
UPDATE 1
UPDATE 1
UPDATE 1
UPDATE 1
UPDATE 1
UPDATE 1
UPDATE 1
UPDATE 1
UPDATE 1
UPDATE 1
UPDATE 1
UPDATE 1
UPDATE 1
UPDATE 1
UPDATE 1
UPDATE 1
UPDATE 1
UPDATE 1
UPDATE 1
UPDATE 1
UPDATE 1
UPDATE 1
UPDATE 1
UPDATE 1
UPDATE 1
UPDATE 1
UPDATE 1
UPDATE 1
UPDATE 1
UPDATE 1
UPDATE 1
UPDATE 1
UPDATE 1
UPDATE 1
UPDATE 1
UPDATE 1
UPDATE 1
UPDATE 1
UPDATE 1
UPDATE 1
UPDATE 1
UPDATE 1
UPDATE 1
UPDATE 1
UPDATE 1
UPDATE 1
UPDATE 1
UPDATE 1
UPDATE 1
UPDATE 1
UPDATE 1
UPDATE 1
UPDATE 1
UPDATE 1
UPDATE 1
INSERT 0 0
INSERT 0 0
INSERT 0 0
INSERT 0 0
INSERT 0 0
UPDATE 1
UPDATE 1
UPDATE 1
UPDATE 1
UPDATE 1
UPDATE 1
UPDATE 1
UPDATE 1
UPDATE 1
UPDATE 1
UPDATE 1
UPDATE 1
UPDATE 1
UPDATE 1
UPDATE 1
UPDATE 1
UPDATE 1
UPDATE 1
UPDATE 1
UPDATE 1
UPDATE 1
UPDATE 1
UPDATE 1
UPDATE 1
UPDATE 1
UPDATE 1
UPDATE 1
UPDATE 1
UPDATE 1
UPDATE 1
UPDATE 1
UPDATE 1
UPDATE 1
UPDATE 1
UPDATE 1
UPDATE 1
UPDATE 1
UPDATE 1
UPDATE 1
UPDATE 1
UPDATE 1
UPDATE 1
UPDATE 1
UPDATE 1
UPDATE 1
UPDATE 1
UPDATE 1
UPDATE 1
UPDATE 1
UPDATE 1
UPDATE 1
UPDATE 1
UPDATE 1
UPDATE 1
UPDATE 1
UPDATE 1
UPDATE 1
UPDATE 1
UPDATE 1
UPDATE 1
UPDATE 1
UPDATE 1
UPDATE 1
UPDATE 1
UPDATE 1
UPDATE 1
UPDATE 1
UPDATE 1
UPDATE 1
UPDATE 1
UPDATE 1
UPDATE 1
UPDATE 1
UPDATE 1
UPDATE 1
UPDATE 1
UPDATE 1
UPDATE 1
UPDATE 1
UPDATE 1
UPDATE 1
UPDATE 1
UPDATE 1
UPDATE 1
UPDATE 1
UPDATE 1
UPDATE 1
UPDATE 1
UPDATE 1
INSERT 0 0
UPDATE 1
UPDATE 1
UPDATE 1
UPDATE 1
UPDATE 1
UPDATE 1
UPDATE 1
UPDATE 1
UPDATE 1
UPDATE 1
UPDATE 1
UPDATE 1
UPDATE 1
UPDATE 1
UPDATE 1
UPDATE 1
UPDATE 1
UPDATE 1
UPDATE 1
UPDATE 1
UPDATE 1
UPDATE 1
UPDATE 1
UPDATE 1
UPDATE 1
UPDATE 1
UPDATE 1
UPDATE 1
UPDATE 1
UPDATE 1
UPDATE 1
UPDATE 1
UPDATE 1
UPDATE 1
UPDATE 1
UPDATE 1
UPDATE 1
UPDATE 1
UPDATE 1
UPDATE 1
UPDATE 1
UPDATE 1
UPDATE 1
UPDATE 1
UPDATE 1
UPDATE 1
UPDATE 1
UPDATE 1
UPDATE 1
UPDATE 1
UPDATE 1
UPDATE 1
UPDATE 1
UPDATE 1
UPDATE 1
UPDATE 1
UPDATE 1
UPDATE 1
UPDATE 1
UPDATE 1
UPDATE 1
UPDATE 1
UPDATE 1
UPDATE 1
UPDATE 1
UPDATE 1
UPDATE 1
UPDATE 1
UPDATE 1
UPDATE 1
UPDATE 1
UPDATE 1
UPDATE 1
UPDATE 1
UPDATE 1
UPDATE 1
UPDATE 1
INSERT 0 0
INSERT 0 0
INSERT 0 0
INSERT 0 1
INSERT 0 2
INSERT 0 1
INSERT 0 2
INSERT 0 0
INSERT 0 0
INSERT 0 0
INSERT 0 0
INSERT 0 0
INSERT 0 0
INSERT 0 0
INSERT 0 0
INSERT 0 0
INSERT 0 0
INSERT 0 0
INSERT 0 0
INSERT 0 0
INSERT 0 0
INSERT 0 0
INSERT 0 0
INSERT 0 0
INSERT 0 0
INSERT 0 0
INSERT 0 1
INSERT 0 2
DELETE 2
DELETE 1
DELETE 2
DELETE 1
DELETE 2
DELETE 1
UPDATE 1
INSERT 0 0
INSERT 0 0
INSERT 0 0
INSERT 0 1
INSERT 0 2
INSERT 0 0
INSERT 0 0
INSERT 0 0
INSERT 0 0
INSERT 0 0
INSERT 0 0
INSERT 0 0
INSERT 0 0
INSERT 0 0
INSERT 0 0
INSERT 0 0
INSERT 0 0
INSERT 0 1
INSERT 0 2
INSERT 0 0
INSERT 0 0
INSERT 0 0
INSERT 0 0
INSERT 0 0
DELETE 2
DELETE 1
DELETE 2
DELETE 1
INSERT 0 0
INSERT 0 0
INSERT 0 0
INSERT 0 0
INSERT 0 0
INSERT 0 0
INSERT 0 0
INSERT 0 0
INSERT 0 0
INSERT 0 0
INSERT 0 0
INSERT 0 0
INSERT 0 0
INSERT 0 0
INSERT 0 0
INSERT 0 0
INSERT 0 0
INSERT 0 0
INSERT 0 0
INSERT 0 0
INSERT 0 0
UPDATE 1
INSERT 0 0
INSERT 0 0
INSERT 0 0
INSERT 0 0
INSERT 0 0
INSERT 0 0
INSERT 0 0
INSERT 0 0
INSERT 0 0
INSERT 0 0
INSERT 0 0
INSERT 0 0
INSERT 0 0
INSERT 0 0
INSERT 0 0
INSERT 0 0
INSERT 0 0
INSERT 0 0
UPDATE 1
INSERT 0 0
INSERT 0 0
INSERT 0 0
INSERT 0 0
INSERT 0 0
INSERT 0 0
INSERT 0 0
INSERT 0 0
INSERT 0 0
INSERT 0 0
INSERT 0 0
INSERT 0 0
INSERT 0 0
INSERT 0 0
INSERT 0 0
INSERT 0 0
INSERT 0 0
UPDATE 1
UPDATE 1
UPDATE 1
UPDATE 1
UPDATE 1
INSERT 0 0
INSERT 0 0
INSERT 0 0
INSERT 0 0
INSERT 0 0
INSERT 0 0
INSERT 0 0
INSERT 0 0
INSERT 0 0
INSERT 0 0
INSERT 0 0
INSERT 0 0
INSERT 0 0
INSERT 0 0
INSERT 0 0
INSERT 0 0
INSERT 0 0
UPDATE 1
UPDATE 1
UPDATE 1
UPDATE 1
UPDATE 1
UPDATE 1
UPDATE 1
UPDATE 1
UPDATE 1
UPDATE 1
UPDATE 1
UPDATE 1
UPDATE 1
UPDATE 1
UPDATE 1
UPDATE 1
UPDATE 1
UPDATE 1
UPDATE 1
UPDATE 1
UPDATE 1
UPDATE 1
UPDATE 1
UPDATE 1
UPDATE 1
UPDATE 1
UPDATE 1
UPDATE 1
UPDATE 1
UPDATE 1
UPDATE 1
UPDATE 1
UPDATE 1
UPDATE 1
UPDATE 1
UPDATE 1
UPDATE 1
UPDATE 1
UPDATE 1
UPDATE 1
UPDATE 1
UPDATE 1
UPDATE 1
UPDATE 1
UPDATE 1
UPDATE 1
UPDATE 1
UPDATE 1
UPDATE 1
UPDATE 1
UPDATE 1
UPDATE 1
UPDATE 1
UPDATE 1
UPDATE 1
INSERT 0 0
INSERT 0 0
INSERT 0 0
INSERT 0 0
INSERT 0 0
INSERT 0 0
INSERT 0 0
INSERT 0 0
INSERT 0 0
INSERT 0 0
INSERT 0 0
INSERT 0 0
INSERT 0 0
INSERT 0 0
INSERT 0 0
UPDATE 1
UPDATE 1
UPDATE 1
UPDATE 1
UPDATE 1
UPDATE 1
UPDATE 1
UPDATE 1
UPDATE 1
UPDATE 1
UPDATE 1
UPDATE 1
UPDATE 1
UPDATE 1
UPDATE 1
UPDATE 1
UPDATE 1
UPDATE 1
UPDATE 1
UPDATE 1
UPDATE 1
UPDATE 1
UPDATE 1
UPDATE 1
UPDATE 1
UPDATE 1
UPDATE 1
UPDATE 1
UPDATE 1
UPDATE 1
UPDATE 1
UPDATE 1
UPDATE 1
UPDATE 1
UPDATE 1
UPDATE 1
UPDATE 1
UPDATE 1
UPDATE 1
UPDATE 1
UPDATE 1
UPDATE 1
UPDATE 1
UPDATE 1
UPDATE 1
UPDATE 1
UPDATE 1
INSERT 0 0
INSERT 0 0
INSERT 0 0
INSERT 0 0
INSERT 0 0
INSERT 0 0
INSERT 0 0
INSERT 0 0
INSERT 0 0
INSERT 0 0
INSERT 0 0
INSERT 0 0
UPDATE 1
UPDATE 1
UPDATE 1
UPDATE 1
UPDATE 1
UPDATE 1
UPDATE 1
UPDATE 1
UPDATE 1
UPDATE 1
UPDATE 1
UPDATE 1
UPDATE 1
UPDATE 1
UPDATE 1
UPDATE 1
UPDATE 1
UPDATE 1
UPDATE 1
UPDATE 1
UPDATE 1
UPDATE 1
UPDATE 1
UPDATE 1
UPDATE 1
UPDATE 1
UPDATE 1
UPDATE 1
UPDATE 1
UPDATE 1
UPDATE 1
UPDATE 1
UPDATE 1
UPDATE 1
UPDATE 1
UPDATE 1
UPDATE 1
UPDATE 1
UPDATE 1
UPDATE 1
INSERT 0 0
INSERT 0 0
INSERT 0 0
INSERT 0 0
INSERT 0 0
INSERT 0 0
INSERT 0 0
INSERT 0 0
INSERT 0 0
INSERT 0 0
INSERT 0 0
INSERT 0 0
INSERT 0 0
INSERT 0 0
UPDATE 1
UPDATE 1
UPDATE 1
UPDATE 1
UPDATE 1
UPDATE 1
UPDATE 1
UPDATE 1
UPDATE 1
UPDATE 1
UPDATE 1
UPDATE 1
UPDATE 1
UPDATE 1
UPDATE 1
UPDATE 1
UPDATE 1
UPDATE 1
UPDATE 1
UPDATE 1
UPDATE 1
UPDATE 1
UPDATE 1
UPDATE 1
UPDATE 1
UPDATE 1
UPDATE 1
UPDATE 1
UPDATE 1
UPDATE 1
UPDATE 1
UPDATE 1
UPDATE 1
UPDATE 1
UPDATE 1
UPDATE 1
UPDATE 1
UPDATE 1
UPDATE 1
UPDATE 1
UPDATE 1
UPDATE 1
INSERT 0 0
INSERT 0 0
INSERT 0 0
INSERT 0 0
INSERT 0 0
INSERT 0 0
INSERT 0 0
INSERT 0 0
INSERT 0 0
INSERT 0 0
INSERT 0 0
UPDATE 1
UPDATE 1
UPDATE 1
UPDATE 1
UPDATE 1
UPDATE 1
UPDATE 1
UPDATE 1
UPDATE 1
UPDATE 1
UPDATE 1
UPDATE 1
UPDATE 1
UPDATE 1
UPDATE 1
UPDATE 1
UPDATE 1
UPDATE 1
UPDATE 1
UPDATE 1
UPDATE 1
UPDATE 1
UPDATE 1
UPDATE 1
UPDATE 1
UPDATE 1
UPDATE 1
UPDATE 1
UPDATE 1
UPDATE 1
UPDATE 1
DELETE 0
DELETE 0
DELETE 2
DELETE 1
DELETE 2
DELETE 1
DELETE 2
DELETE 1
DELETE 2
DELETE 1
DELETE 2
DELETE 1
DELETE 2
DELETE 1
DELETE 2
DELETE 1
DELETE 2
DELETE 1
DELETE 2
DELETE 1
INSERT 0 0
ALTER TABLE
DELETE 2
DELETE 1
DELETE 2
DELETE 1
DELETE 2
DELETE 1
DELETE 0
DELETE 0
DELETE 2
DELETE 1
DELETE 2
DELETE 1
DELETE 2
DELETE 1
DELETE 2
DELETE 1
DELETE 2
DELETE 1
DELETE 2
DELETE 1
INSERT 0 0
UPDATE 1
UPDATE 1
UPDATE 1
UPDATE 1
UPDATE 1
UPDATE 1
UPDATE 1
UPDATE 1
UPDATE 1
UPDATE 1
UPDATE 1
DELETE 0
DELETE 0
DELETE 0
DELETE 0
DELETE 2
DELETE 1
DELETE 2
DELETE 1
DELETE 0
DELETE 0
DELETE 2
DELETE 1
DELETE 2
DELETE 1
DELETE 2
DELETE 1
DELETE 0
DELETE 0
DELETE 2
DELETE 1
DELETE 2
DELETE 1
DELETE 2
DELETE 1
DELETE 2
DELETE 1
DELETE 0
DELETE 0
DELETE 2
DELETE 1
DELETE 0
DELETE 0
INSERT 0 0
UPDATE 1
ALTER TABLE
INSERT 0 0
UPDATE 1
UPDATE 1
UPDATE 1
UPDATE 1
UPDATE 1
UPDATE 1
UPDATE 1
UPDATE 1
UPDATE 1
UPDATE 1
DELETE 2
DELETE 1
DELETE 0
DELETE 0
DELETE 2
DELETE 1
INSERT 0 0
ALTER TABLE
DELETE 2
DELETE 1
DELETE 0
DELETE 0
DELETE 2
DELETE 1
INSERT 0 0
UPDATE 1
UPDATE 1
UPDATE 1
UPDATE 1
UPDATE 1
UPDATE 1
UPDATE 1
UPDATE 1
UPDATE 1
UPDATE 1
UPDATE 1
UPDATE 1
DELETE 2
DELETE 1
DELETE 0
DELETE 0
DELETE 2
DELETE 1
DELETE 2
DELETE 1
DELETE 2
DELETE 1
INSERT 0 0
UPDATE 1
ALTER TABLE
DELETE 2
DELETE 1
DELETE 0
DELETE 0
DELETE 2
DELETE 1
DELETE 2
DELETE 1
DELETE 2
DELETE 1
DELETE 0
DELETE 0
DELETE 2
DELETE 1
INSERT 0 0
ALTER TABLE
DELETE 2
DELETE 1
DELETE 0
DELETE 0
DELETE 2
DELETE 1
DELETE 2
DELETE 1
INSERT 0 0
UPDATE 1
UPDATE 1
UPDATE 1
UPDATE 1
UPDATE 1
UPDATE 1
UPDATE 1
INSERT 0 0
UPDATE 1
UPDATE 1
UPDATE 1
UPDATE 1
UPDATE 1
UPDATE 1
UPDATE 1
UPDATE 1
UPDATE 1
INSERT 0 0
INSERT 0 0
UPDATE 1
UPDATE 1
UPDATE 1
UPDATE 1
UPDATE 1
UPDATE 1
UPDATE 1
UPDATE 1
UPDATE 1
UPDATE 1
UPDATE 1
UPDATE 1
UPDATE 1
UPDATE 1
UPDATE 1
UPDATE 1
UPDATE 1
UPDATE 1
UPDATE 1
UPDATE 1
UPDATE 1
UPDATE 1
UPDATE 1
UPDATE 1
UPDATE 1
UPDATE 2
UPDATE 1
UPDATE 2
UPDATE 1
UPDATE 2
UPDATE 1
UPDATE 2
UPDATE 1
UPDATE 2
UPDATE 1
UPDATE 1
UPDATE 1
UPDATE 1
UPDATE 1
UPDATE 1
UPDATE 1
UPDATE 1
UPDATE 1
UPDATE 1
UPDATE 1
UPDATE 1
UPDATE 1
UPDATE 1
UPDATE 1
UPDATE 1
UPDATE 1
UPDATE 1
UPDATE 1
UPDATE 1
UPDATE 1
UPDATE 1
UPDATE 1
ALTER TABLE
ALTER TABLE
ALTER TABLE
ALTER TABLE
ALTER TABLE
ALTER TABLE
ALTER TABLE
ALTER TABLE
ALTER TABLE
ALTER TABLE
ALTER TABLE
ALTER TABLE
ALTER TABLE
INSERT 0 0
INSERT 0 1
INSERT 0 2
INSERT 0 1
INSERT 0 2
INSERT 0 1
INSERT 0 2
INSERT 0 1
INSERT 0 2
INSERT 0 1
INSERT 0 2
INSERT 0 1
INSERT 0 2
INSERT 0 1
INSERT 0 2
INSERT 0 1
INSERT 0 2
INSERT 0 1
INSERT 0 2
INSERT 0 1
INSERT 0 2
INSERT 0 1
INSERT 0 2
INSERT 0 1
INSERT 0 2
INSERT 0 1
INSERT 0 2
INSERT 0 1
INSERT 0 2
INSERT 0 1
INSERT 0 2
INSERT 0 1
INSERT 0 2
INSERT 0 0
INSERT 0 0
INSERT 0 0
INSERT 0 0
INSERT 0 0
INSERT 0 0
INSERT 0 0
INSERT 0 0
INSERT 0 0
INSERT 0 0
INSERT 0 0
INSERT 0 0
INSERT 0 0
INSERT 0 0
INSERT 0 0
INSERT 0 0
INSERT 0 0
INSERT 0 0
INSERT 0 0
INSERT 0 0
INSERT 0 0
INSERT 0 0
INSERT 0 0
INSERT 0 0
INSERT 0 0
INSERT 0 0
INSERT 0 0
INSERT 0 0
INSERT 0 0
INSERT 0 0
INSERT 0 0
INSERT 0 0
INSERT 0 0
INSERT 0 0
INSERT 0 0
INSERT 0 0
INSERT 0 0
INSERT 0 0
INSERT 0 0
INSERT 0 0
INSERT 0 0
INSERT 0 0
INSERT 0 0
INSERT 0 0
INSERT 0 0
INSERT 0 0
INSERT 0 0
INSERT 0 0
INSERT 0 0
INSERT 0 0
INSERT 0 0
INSERT 0 0
DELETE 2
DELETE 1
UPDATE 1
UPDATE 1
UPDATE 1
UPDATE 1
UPDATE 1
UPDATE 1
UPDATE 1
UPDATE 1
UPDATE 1
UPDATE 1
UPDATE 1
UPDATE 1
UPDATE 1
UPDATE 1
UPDATE 1
UPDATE 1
UPDATE 1
UPDATE 1
UPDATE 1
UPDATE 1
UPDATE 1
UPDATE 2
UPDATE 1
UPDATE 2
INSERT 0 0
INSERT 0 0
UPDATE 1
UPDATE 1
UPDATE 1
UPDATE 1
UPDATE 1
UPDATE 1
UPDATE 1
UPDATE 1
UPDATE 1
UPDATE 1
UPDATE 1
UPDATE 1
UPDATE 1
UPDATE 1
UPDATE 1
UPDATE 1
UPDATE 1
UPDATE 1
UPDATE 1
UPDATE 1
UPDATE 1
UPDATE 1
UPDATE 1
UPDATE 1
UPDATE 1
UPDATE 1
UPDATE 1
UPDATE 1
UPDATE 1
UPDATE 1
UPDATE 1
UPDATE 1
UPDATE 1
UPDATE 1
INSERT 0 0
INSERT 0 0
UPDATE 1
UPDATE 1
UPDATE 1
UPDATE 1
INSERT 0 0
INSERT 0 0
UPDATE 1
INSERT 0 0
INSERT 0 0
UPDATE 1
UPDATE 1
UPDATE 1
UPDATE 1
UPDATE 1
UPDATE 1
INSERT 0 0
INSERT 0 0
UPDATE 1
UPDATE 1
UPDATE 1
UPDATE 1
UPDATE 1
UPDATE 1
UPDATE 1
UPDATE 1
UPDATE 1
UPDATE 1
UPDATE 1
UPDATE 1
UPDATE 1
UPDATE 1
UPDATE 1
UPDATE 1
UPDATE 1
UPDATE 1
UPDATE 1
UPDATE 1
UPDATE 1
UPDATE 1
INSERT 0 0
INSERT 0 0
UPDATE 1
INSERT 0 0
INSERT 0 0
UPDATE 1
INSERT 0 0
INSERT 0 0
UPDATE 1
UPDATE 1
UPDATE 1
UPDATE 1
INSERT 0 0
INSERT 0 0
INSERT 0 0
INSERT 0 0
INSERT 0 0
INSERT 0 0
INSERT 0 0
INSERT 0 0
INSERT 0 0
INSERT 0 0
INSERT 0 0
INSERT 0 0
INSERT 0 0
INSERT 0 0
INSERT 0 0
INSERT 0 0
INSERT 0 1
INSERT 0 2
INSERT 0 0
INSERT 0 0
INSERT 0 0
INSERT 0 1
INSERT 0 2
INSERT 0 0
INSERT 0 0
INSERT 0 0
INSERT 0 0
INSERT 0 0
INSERT 0 0
INSERT 0 0
INSERT 0 0
INSERT 0 0
INSERT 0 0
INSERT 0 0
INSERT 0 0
INSERT 0 0
INSERT 0 0
INSERT 0 0
INSERT 0 0
INSERT 0 0
INSERT 0 0
INSERT 0 0
INSERT 0 0
INSERT 0 0
INSERT 0 0
INSERT 0 0
INSERT 0 0
INSERT 0 0
INSERT 0 1
INSERT 0 2
INSERT 0 0
INSERT 0 0
INSERT 0 0
INSERT 0 0
INSERT 0 0
INSERT 0 0
INSERT 0 0
INSERT 0 0
INSERT 0 0
INSERT 0 0
INSERT 0 0
INSERT 0 0
INSERT 0 0
INSERT 0 0
INSERT 0 1
INSERT 0 2
INSERT 0 0
INSERT 0 0
INSERT 0 0
INSERT 0 0
INSERT 0 1
INSERT 0 2
INSERT 0 0
INSERT 0 0
INSERT 0 0
INSERT 0 1
INSERT 0 2
INSERT 0 0
INSERT 0 0
INSERT 0 1
INSERT 0 2
INSERT 0 0
INSERT 0 0
INSERT 0 0
INSERT 0 0
INSERT 0 1
INSERT 0 2
INSERT 0 0
INSERT 0 0
DELETE 2
DELETE 1
DELETE 2
DELETE 1
UPDATE 1
UPDATE 1
UPDATE 1
UPDATE 1
UPDATE 1
DELETE 2
DELETE 1
DELETE 2
DELETE 1
DELETE 2
DELETE 1
DELETE 2
DELETE 1
DELETE 2
DELETE 1
INSERT 0 0
INSERT 0 0
INSERT 0 0
INSERT 0 0
INSERT 0 0
UPDATE 1
UPDATE 1
UPDATE 1
INSERT 0 0
UPDATE 1
INSERT 0 0
INSERT 0 0
INSERT 0 0
INSERT 0 0
INSERT 0 0
INSERT 0 0
INSERT 0 0
INSERT 0 0
INSERT 0 0
INSERT 0 0
INSERT 0 0
INSERT 0 0
INSERT 0 0
INSERT 0 0
INSERT 0 0
INSERT 0 0
INSERT 0 0
INSERT 0 0
INSERT 0 0
INSERT 0 0
INSERT 0 0
INSERT 0 0
INSERT 0 0
INSERT 0 0
INSERT 0 0
INSERT 0 0
INSERT 0 0
INSERT 0 0
INSERT 0 0
INSERT 0 0
INSERT 0 0
INSERT 0 0
INSERT 0 0
INSERT 0 0
INSERT 0 0
INSERT 0 0
INSERT 0 0
INSERT 0 0
INSERT 0 0
INSERT 0 0
INSERT 0 0
INSERT 0 0
INSERT 0 0
INSERT 0 0
INSERT 0 0
INSERT 0 0
INSERT 0 0
INSERT 0 0
INSERT 0 0
INSERT 0 0
INSERT 0 1
INSERT 0 2
INSERT 0 0
INSERT 0 0
INSERT 0 0
INSERT 0 0
INSERT 0 0
INSERT 0 0
INSERT 0 0
INSERT 0 0
INSERT 0 0
INSERT 0 0
INSERT 0 0
INSERT 0 0
INSERT 0 0
INSERT 0 0
INSERT 0 0
INSERT 0 0
INSERT 0 0
INSERT 0 0
INSERT 0 0
INSERT 0 0
INSERT 0 0
INSERT 0 0
UPDATE 1
UPDATE 1
UPDATE 1
UPDATE 1
UPDATE 1
UPDATE 1
UPDATE 1
UPDATE 1
UPDATE 1
UPDATE 1
UPDATE 1
UPDATE 1
UPDATE 1
UPDATE 1
UPDATE 1
UPDATE 1
UPDATE 1
UPDATE 1
UPDATE 1
UPDATE 1
UPDATE 1
UPDATE 1
UPDATE 1
UPDATE 1
UPDATE 1
UPDATE 1
UPDATE 1
UPDATE 1
UPDATE 1
UPDATE 1
UPDATE 1
UPDATE 1
UPDATE 1
UPDATE 1
UPDATE 1
UPDATE 1
UPDATE 1
UPDATE 1
UPDATE 1
UPDATE 1
UPDATE 1
UPDATE 1
UPDATE 1
UPDATE 1
UPDATE 1
UPDATE 1
UPDATE 1
UPDATE 1
UPDATE 1
UPDATE 1
UPDATE 1
UPDATE 1
UPDATE 1
UPDATE 1
UPDATE 1
UPDATE 1
UPDATE 1
UPDATE 1
UPDATE 1
UPDATE 1
UPDATE 1
UPDATE 1
UPDATE 1
UPDATE 1
UPDATE 1
UPDATE 1
UPDATE 1
UPDATE 1
UPDATE 1
UPDATE 1
UPDATE 1
UPDATE 1
UPDATE 1
UPDATE 1
UPDATE 1
UPDATE 1
UPDATE 1
UPDATE 1
UPDATE 1
UPDATE 1
UPDATE 1
UPDATE 1
UPDATE 1
UPDATE 1
UPDATE 1
UPDATE 1
UPDATE 1
UPDATE 1
UPDATE 1
UPDATE 1
UPDATE 1
UPDATE 1
UPDATE 1
UPDATE 1
UPDATE 1
UPDATE 1
UPDATE 1
UPDATE 1
UPDATE 1
UPDATE 1
UPDATE 1
UPDATE 1
UPDATE 1
UPDATE 1
UPDATE 1
UPDATE 1
UPDATE 1
UPDATE 1
UPDATE 1
UPDATE 1
UPDATE 1
UPDATE 1
UPDATE 1
UPDATE 1
UPDATE 1
UPDATE 1
UPDATE 1
UPDATE 1
UPDATE 1
UPDATE 1
UPDATE 1
UPDATE 1
UPDATE 1
UPDATE 1
UPDATE 1
UPDATE 1
UPDATE 1
UPDATE 1
UPDATE 1
UPDATE 1
UPDATE 1
UPDATE 1
UPDATE 1
UPDATE 1
UPDATE 1
UPDATE 1
UPDATE 1
UPDATE 1
UPDATE 1
UPDATE 1
UPDATE 1
UPDATE 1
UPDATE 1
UPDATE 1
UPDATE 1
UPDATE 1
UPDATE 1
UPDATE 1
UPDATE 1
UPDATE 1
UPDATE 1
UPDATE 1
UPDATE 1
UPDATE 1
UPDATE 1
UPDATE 1
UPDATE 1
UPDATE 1
UPDATE 1
UPDATE 1
UPDATE 1
UPDATE 1
UPDATE 1
UPDATE 1
UPDATE 1
UPDATE 1
UPDATE 1
UPDATE 1
UPDATE 1
UPDATE 1
UPDATE 1
UPDATE 1
UPDATE 1
UPDATE 1
UPDATE 1
UPDATE 1
UPDATE 1
UPDATE 1
UPDATE 1
UPDATE 1
UPDATE 1
UPDATE 1
UPDATE 1
UPDATE 1
UPDATE 1
UPDATE 1
UPDATE 1
UPDATE 1
UPDATE 1
UPDATE 1
UPDATE 1
UPDATE 1
UPDATE 1
UPDATE 1
UPDATE 1
UPDATE 1
UPDATE 1
UPDATE 1
UPDATE 1
UPDATE 1
UPDATE 1
UPDATE 1
UPDATE 1
UPDATE 1
UPDATE 1
UPDATE 1
UPDATE 1
UPDATE 1
UPDATE 1
UPDATE 1
UPDATE 1
UPDATE 1
UPDATE 1
UPDATE 1
UPDATE 1
UPDATE 1
UPDATE 1
UPDATE 1
UPDATE 1
UPDATE 1
UPDATE 1
UPDATE 1
UPDATE 1
UPDATE 1
UPDATE 1
UPDATE 1
UPDATE 1
UPDATE 1
UPDATE 1
UPDATE 1
UPDATE 1
UPDATE 1
UPDATE 1
UPDATE 1
UPDATE 1
UPDATE 1
UPDATE 1
UPDATE 1
UPDATE 1
UPDATE 1
UPDATE 1
UPDATE 1
UPDATE 1
UPDATE 1
UPDATE 1
UPDATE 1
UPDATE 1
UPDATE 1
UPDATE 1
UPDATE 1
UPDATE 1
UPDATE 1
UPDATE 1
UPDATE 1
UPDATE 1
UPDATE 1
UPDATE 1
UPDATE 1
UPDATE 1
UPDATE 1
UPDATE 1
UPDATE 1
UPDATE 1
UPDATE 1
UPDATE 1
UPDATE 1
UPDATE 1
UPDATE 1
UPDATE 1
UPDATE 1
UPDATE 1
UPDATE 1
UPDATE 1
UPDATE 1
UPDATE 1
UPDATE 1
UPDATE 1
UPDATE 1
UPDATE 1
DELETE 2
DELETE 1
DELETE 2
DELETE 1
INSERT 0 0
INSERT 0 0
UPDATE 1
UPDATE 1
UPDATE 1
UPDATE 1
UPDATE 1
UPDATE 1
UPDATE 1
UPDATE 1
UPDATE 1
UPDATE 1
UPDATE 1
UPDATE 1
UPDATE 1
UPDATE 1
UPDATE 1
UPDATE 1
UPDATE 1
UPDATE 1
UPDATE 1
UPDATE 1
UPDATE 1
UPDATE 1
UPDATE 1
UPDATE 1
UPDATE 1
UPDATE 1
INSERT 0 0
INSERT 0 0
INSERT 0 0
INSERT 0 0
INSERT 0 0
INSERT 0 0
INSERT 0 0
INSERT 0 1
INSERT 0 2
INSERT 0 0
INSERT 0 1
INSERT 0 2
INSERT 0 0
INSERT 0 0
INSERT 0 0
INSERT 0 0
INSERT 0 0
INSERT 0 0
INSERT 0 0
INSERT 0 0
INSERT 0 0
INSERT 0 0
INSERT 0 0
INSERT 0 0
INSERT 0 0
INSERT 0 0
INSERT 0 0
INSERT 0 0
INSERT 0 0
DELETE 2
DELETE 1
DELETE 2
DELETE 1
UPDATE 1
UPDATE 2
UPDATE 1
INSERT 0 0
INSERT 0 0
INSERT 0 0
INSERT 0 0
INSERT 0 0
INSERT 0 0
INSERT 0 0
INSERT 0 0
INSERT 0 0
INSERT 0 0
INSERT 0 0
INSERT 0 0
INSERT 0 0
INSERT 0 0
INSERT 0 0
INSERT 0 0
UPDATE 1
UPDATE 1
UPDATE 1
UPDATE 1
UPDATE 1
UPDATE 1
UPDATE 1
UPDATE 1
UPDATE 1
UPDATE 1
UPDATE 1
UPDATE 1
UPDATE 1
UPDATE 1
UPDATE 1
UPDATE 1
UPDATE 1
UPDATE 1
UPDATE 1
UPDATE 1
UPDATE 1
UPDATE 1
UPDATE 1
UPDATE 1
UPDATE 1
UPDATE 1
UPDATE 1
UPDATE 1
UPDATE 1
UPDATE 1
UPDATE 1
UPDATE 1
UPDATE 1
UPDATE 1
UPDATE 1
UPDATE 1
UPDATE 1
UPDATE 1
UPDATE 1
UPDATE 1
UPDATE 1
UPDATE 1
UPDATE 1
UPDATE 1
UPDATE 1
UPDATE 1
UPDATE 1
UPDATE 1
UPDATE 1
UPDATE 1
UPDATE 1
UPDATE 1
UPDATE 1
UPDATE 1
UPDATE 1
UPDATE 1
UPDATE 1
UPDATE 1
UPDATE 1
UPDATE 1
UPDATE 1
UPDATE 1
UPDATE 1
UPDATE 1
UPDATE 1
UPDATE 1
UPDATE 1
UPDATE 1
UPDATE 1
UPDATE 1
UPDATE 1
UPDATE 1
UPDATE 1
UPDATE 1
UPDATE 1
UPDATE 1
UPDATE 1
UPDATE 1
UPDATE 1
UPDATE 1
UPDATE 1
UPDATE 1
UPDATE 1
UPDATE 1
UPDATE 1
UPDATE 1
UPDATE 1
UPDATE 1
UPDATE 1
UPDATE 1
UPDATE 1
UPDATE 1
UPDATE 1
UPDATE 1
UPDATE 1
UPDATE 1
UPDATE 1
UPDATE 1
UPDATE 1
UPDATE 1
UPDATE 1
UPDATE 1
UPDATE 1
INSERT 0 0
INSERT 0 0
INSERT 0 0
INSERT 0 0
INSERT 0 0
INSERT 0 0
INSERT 0 0
INSERT 0 0
INSERT 0 0
INSERT 0 0
INSERT 0 0
INSERT 0 0
INSERT 0 0
INSERT 0 0
INSERT 0 0
INSERT 0 0
INSERT 0 0
INSERT 0 0
INSERT 0 0
UPDATE 1
UPDATE 1
UPDATE 1
UPDATE 1
UPDATE 1
UPDATE 1
UPDATE 1
UPDATE 1
UPDATE 1
UPDATE 1
UPDATE 1
UPDATE 1
UPDATE 1
UPDATE 1
UPDATE 1
UPDATE 1
UPDATE 1
UPDATE 1
UPDATE 1
UPDATE 1
UPDATE 1
UPDATE 1
UPDATE 1
UPDATE 1
UPDATE 1
UPDATE 1
UPDATE 1
UPDATE 1
UPDATE 1
UPDATE 1
UPDATE 1
UPDATE 1
UPDATE 1
UPDATE 1
UPDATE 1
UPDATE 1
UPDATE 1
UPDATE 1
UPDATE 1
UPDATE 1
UPDATE 1
UPDATE 1
UPDATE 1
UPDATE 1
UPDATE 1
UPDATE 1
UPDATE 1
UPDATE 1
UPDATE 1
UPDATE 1
UPDATE 1
UPDATE 1
UPDATE 1
UPDATE 1
UPDATE 1
UPDATE 1
UPDATE 1
UPDATE 1
INSERT 0 0
INSERT 0 0
INSERT 0 0
INSERT 0 0
INSERT 0 0
UPDATE 1
INSERT 0 0
INSERT 0 0
INSERT 0 0
INSERT 0 0
INSERT 0 0
INSERT 0 0
INSERT 0 0
UPDATE 1
UPDATE 1
UPDATE 1
UPDATE 1
UPDATE 1
UPDATE 1
UPDATE 1
UPDATE 1
UPDATE 1
UPDATE 1
UPDATE 1
UPDATE 1
UPDATE 1
UPDATE 1
UPDATE 1
UPDATE 1
UPDATE 1
UPDATE 1
UPDATE 1
UPDATE 1
UPDATE 1
UPDATE 1
UPDATE 1
UPDATE 1
UPDATE 1
UPDATE 1
UPDATE 1
UPDATE 1
UPDATE 1
UPDATE 1
UPDATE 1
UPDATE 1
UPDATE 1
UPDATE 1
UPDATE 1
UPDATE 1
UPDATE 1
UPDATE 1
UPDATE 1
UPDATE 1
UPDATE 1
UPDATE 1
UPDATE 1
UPDATE 1
UPDATE 1
UPDATE 1
UPDATE 1
UPDATE 1
UPDATE 1
UPDATE 1
UPDATE 1
UPDATE 1
UPDATE 1
UPDATE 1
UPDATE 1
UPDATE 1
UPDATE 1
UPDATE 1
UPDATE 1
UPDATE 1
UPDATE 1
UPDATE 1
UPDATE 1
UPDATE 1
UPDATE 1
UPDATE 1
UPDATE 1
UPDATE 1
UPDATE 1
UPDATE 1
UPDATE 1
UPDATE 1
UPDATE 1
UPDATE 1
UPDATE 1
UPDATE 1
UPDATE 1
UPDATE 1
UPDATE 1
UPDATE 1
UPDATE 1
UPDATE 1
UPDATE 1
UPDATE 1
UPDATE 1
UPDATE 1
UPDATE 1
UPDATE 1
UPDATE 1
UPDATE 1
UPDATE 1
UPDATE 1
UPDATE 1
UPDATE 1
UPDATE 1
UPDATE 1
UPDATE 1
UPDATE 1
UPDATE 1
UPDATE 1
UPDATE 1
UPDATE 1
UPDATE 1
UPDATE 1
UPDATE 1
UPDATE 1
UPDATE 1
UPDATE 1
UPDATE 1
UPDATE 1
UPDATE 1
UPDATE 1
UPDATE 1
UPDATE 1
UPDATE 1
UPDATE 1
UPDATE 1
UPDATE 1
UPDATE 1
UPDATE 1
UPDATE 1
UPDATE 1
UPDATE 1
UPDATE 1
UPDATE 1
UPDATE 1
UPDATE 1
UPDATE 1
UPDATE 1
UPDATE 1
UPDATE 1
UPDATE 1
UPDATE 1
UPDATE 1
UPDATE 1
UPDATE 1
UPDATE 1
UPDATE 1
UPDATE 1
UPDATE 1
UPDATE 1
UPDATE 1
UPDATE 1
UPDATE 1
UPDATE 1
UPDATE 1
UPDATE 1
UPDATE 1
UPDATE 1
UPDATE 1
UPDATE 1
UPDATE 1
UPDATE 1
UPDATE 1
UPDATE 1
UPDATE 1
UPDATE 1
UPDATE 1
UPDATE 1
UPDATE 1
 altercolumn 
-------------
 
(1 fila)

INSERT 0 0
UPDATE 1
UPDATE 1
INSERT 0 0
INSERT 0 0
UPDATE 1
UPDATE 1
UPDATE 1
UPDATE 1
UPDATE 1
UPDATE 1
UPDATE 1
UPDATE 1
UPDATE 1
UPDATE 1
UPDATE 1
UPDATE 1
UPDATE 1
UPDATE 1
UPDATE 1
UPDATE 1
UPDATE 1
UPDATE 1
UPDATE 1
UPDATE 1
INSERT 0 0
INSERT 0 0
INSERT 0 0
INSERT 0 0
UPDATE 1
UPDATE 1
UPDATE 1
UPDATE 1
UPDATE 1
UPDATE 1
UPDATE 1
UPDATE 1
UPDATE 1
UPDATE 1
UPDATE 1
UPDATE 1
UPDATE 1
UPDATE 1
UPDATE 1
UPDATE 1
UPDATE 1
UPDATE 1
UPDATE 1
UPDATE 1
UPDATE 1
UPDATE 1
UPDATE 1
UPDATE 1
UPDATE 1
UPDATE 1
UPDATE 1
UPDATE 1
UPDATE 1
UPDATE 1
UPDATE 1
UPDATE 1
UPDATE 1
UPDATE 1
UPDATE 1
UPDATE 1
UPDATE 1
UPDATE 1
UPDATE 1
UPDATE 1
UPDATE 1
UPDATE 1
UPDATE 1
UPDATE 1
UPDATE 1
UPDATE 1
UPDATE 1
UPDATE 1
UPDATE 1
UPDATE 1
UPDATE 1
UPDATE 1
UPDATE 1
UPDATE 1
UPDATE 1
UPDATE 1
UPDATE 1
UPDATE 1
UPDATE 1
UPDATE 1
UPDATE 1
UPDATE 1
UPDATE 1
UPDATE 1
UPDATE 1
UPDATE 1
UPDATE 1
UPDATE 1
UPDATE 1
UPDATE 1
UPDATE 1
UPDATE 1
UPDATE 1
UPDATE 1
UPDATE 1
UPDATE 1
UPDATE 1
UPDATE 1
UPDATE 1
UPDATE 1
UPDATE 1
UPDATE 1
UPDATE 1
UPDATE 1
UPDATE 1
UPDATE 1
UPDATE 1
UPDATE 1
UPDATE 1
UPDATE 1
UPDATE 1
UPDATE 1
UPDATE 1
UPDATE 1
UPDATE 1
UPDATE 1
UPDATE 1
UPDATE 1
UPDATE 1
UPDATE 1
UPDATE 1
UPDATE 1
UPDATE 1
UPDATE 1
UPDATE 1
UPDATE 1
UPDATE 1
UPDATE 1
UPDATE 1
UPDATE 1
UPDATE 1
UPDATE 1
UPDATE 1
UPDATE 1
UPDATE 1
UPDATE 1
UPDATE 1
UPDATE 1
UPDATE 1
UPDATE 1
UPDATE 1
UPDATE 1
UPDATE 1
UPDATE 1
UPDATE 1
UPDATE 1
UPDATE 1
UPDATE 1
UPDATE 1
UPDATE 1
UPDATE 1
UPDATE 1
UPDATE 1
UPDATE 1
UPDATE 1
UPDATE 1
UPDATE 1
UPDATE 1
UPDATE 1
UPDATE 1
UPDATE 1
UPDATE 1
UPDATE 1
UPDATE 1
UPDATE 1
UPDATE 1
UPDATE 1
UPDATE 1
UPDATE 1
UPDATE 1
UPDATE 1
UPDATE 1
UPDATE 1
UPDATE 1
UPDATE 2
UPDATE 1
UPDATE 2
UPDATE 1
UPDATE 2
UPDATE 1
UPDATE 2
UPDATE 1
UPDATE 2
UPDATE 1
UPDATE 2
UPDATE 1
UPDATE 2
UPDATE 1
UPDATE 2
UPDATE 1
UPDATE 2
UPDATE 1
UPDATE 2
UPDATE 1
UPDATE 2
UPDATE 1
UPDATE 2
UPDATE 1
UPDATE 2
UPDATE 1
UPDATE 2
UPDATE 1
UPDATE 2
UPDATE 1
UPDATE 2
UPDATE 1
UPDATE 2
UPDATE 1
UPDATE 2
INSERT 0 0
INSERT 0 0
INSERT 0 0
INSERT 0 0
UPDATE 1
INSERT 0 0
UPDATE 1
UPDATE 1
UPDATE 1
UPDATE 1
UPDATE 1
UPDATE 1
DELETE 2
DELETE 1
DELETE 0
DELETE 0
INSERT 0 0
INSERT 0 0
INSERT 0 0
UPDATE 1
UPDATE 1
UPDATE 1
UPDATE 1
UPDATE 1
UPDATE 1
UPDATE 1
UPDATE 1
UPDATE 1
UPDATE 1
UPDATE 1
UPDATE 1
UPDATE 1
INSERT 0 0
INSERT 0 0
INSERT 0 0
INSERT 0 0
INSERT 0 0
INSERT 0 0
INSERT 0 0
INSERT 0 0
INSERT 0 0
INSERT 0 0
UPDATE 1
UPDATE 1
UPDATE 1
UPDATE 1
UPDATE 1
UPDATE 1
UPDATE 1
UPDATE 1
UPDATE 1
UPDATE 1
UPDATE 1
UPDATE 1
UPDATE 1
UPDATE 1
UPDATE 1
UPDATE 1
UPDATE 1
UPDATE 1
UPDATE 1
UPDATE 1
UPDATE 1
UPDATE 1
UPDATE 1
UPDATE 1
UPDATE 1
UPDATE 1
UPDATE 1
UPDATE 1
UPDATE 1
UPDATE 1
UPDATE 1
UPDATE 1
UPDATE 1
UPDATE 1
UPDATE 1
UPDATE 1
UPDATE 1
UPDATE 1
UPDATE 1
UPDATE 1
UPDATE 1
UPDATE 1
UPDATE 1
UPDATE 1
UPDATE 1
UPDATE 1
UPDATE 1
UPDATE 1
UPDATE 1
UPDATE 1
UPDATE 1
UPDATE 1
UPDATE 1
UPDATE 1
UPDATE 1
UPDATE 1
UPDATE 1
UPDATE 1
UPDATE 1
UPDATE 1
UPDATE 1
UPDATE 1
UPDATE 1
UPDATE 1
UPDATE 1
UPDATE 1
UPDATE 1
UPDATE 1
UPDATE 1
UPDATE 1
UPDATE 1
UPDATE 1
UPDATE 1
UPDATE 1
UPDATE 1
UPDATE 1
UPDATE 1
UPDATE 1
UPDATE 1
UPDATE 1
UPDATE 1
UPDATE 1
UPDATE 1
UPDATE 1
UPDATE 1
UPDATE 1
UPDATE 1
UPDATE 1
UPDATE 1
UPDATE 1
UPDATE 1
UPDATE 1
UPDATE 1
UPDATE 1
UPDATE 1
UPDATE 1
UPDATE 1
UPDATE 1
UPDATE 1
UPDATE 1
UPDATE 1
UPDATE 1
UPDATE 1
UPDATE 1
UPDATE 1
UPDATE 1
UPDATE 1
UPDATE 1
UPDATE 1
UPDATE 1
UPDATE 1
UPDATE 1
UPDATE 1
UPDATE 1
UPDATE 1
UPDATE 1
UPDATE 1
UPDATE 1
UPDATE 1
UPDATE 1
UPDATE 1
UPDATE 1
UPDATE 1
UPDATE 1
UPDATE 1
UPDATE 1
UPDATE 1
UPDATE 1
UPDATE 1
UPDATE 1
UPDATE 1
UPDATE 1
UPDATE 1
UPDATE 1
UPDATE 1
                register_migration_script                
---------------------------------------------------------
 201212211841_TICKET-1001758.sql successfully registered
 201212211841_TICKET-1001758.sql was already applied
(2 filas)

            filename             
---------------------------------
 201212271855_TICKET-1001758.sql
(1 fila)

UPDATE 1
UPDATE 2
                register_migration_script                
---------------------------------------------------------
 201212271855_TICKET-1001758.sql successfully registered
 201212271855_TICKET-1001758.sql was already applied
(2 filas)

            filename            
--------------------------------
 201301021909_GWPeriods2013.sql
(1 fila)

               register_migration_script                
--------------------------------------------------------
 201301021909_GWPeriods2013.sql successfully registered
 201301021909_GWPeriods2013.sql was already applied
(2 filas)

            filename            
--------------------------------
 201301040851_IDEMPIERE-325.sql
(1 fila)

UPDATE 1
UPDATE 1
UPDATE 1
UPDATE 1
UPDATE 1
UPDATE 0
UPDATE 1
UPDATE 1
UPDATE 1
UPDATE 1
UPDATE 1
UPDATE 1
UPDATE 1
UPDATE 1
UPDATE 1
UPDATE 1
UPDATE 1
UPDATE 1
UPDATE 1
UPDATE 1
UPDATE 1
UPDATE 1
UPDATE 1
UPDATE 1
UPDATE 1
UPDATE 1
UPDATE 1
UPDATE 1
UPDATE 1
UPDATE 1
UPDATE 1
UPDATE 1
UPDATE 1
UPDATE 1
UPDATE 1
UPDATE 1
UPDATE 1
UPDATE 1
UPDATE 1
UPDATE 1
UPDATE 1
UPDATE 1
UPDATE 1
UPDATE 1
UPDATE 1
UPDATE 1
UPDATE 1
UPDATE 1
UPDATE 1
UPDATE 1
UPDATE 1
UPDATE 1
UPDATE 1
UPDATE 1
UPDATE 1
UPDATE 1
UPDATE 1
UPDATE 1
UPDATE 1
UPDATE 1
UPDATE 1
UPDATE 1
UPDATE 1
UPDATE 1
UPDATE 1
UPDATE 1
UPDATE 1
UPDATE 1
UPDATE 1
UPDATE 1
UPDATE 1
UPDATE 1
UPDATE 1
UPDATE 1
UPDATE 1
UPDATE 1
UPDATE 1
UPDATE 1
UPDATE 1
UPDATE 1
UPDATE 1
UPDATE 1
UPDATE 1
UPDATE 1
UPDATE 1
UPDATE 1
UPDATE 1
UPDATE 1
UPDATE 1
UPDATE 1
UPDATE 1
UPDATE 1
UPDATE 1
UPDATE 1
UPDATE 1
UPDATE 1
               register_migration_script                
--------------------------------------------------------
 201301040851_IDEMPIERE-325.sql successfully registered
 201301040851_IDEMPIERE-325.sql was already applied
(2 filas)

            filename            
--------------------------------
 201301050051_IDEMPIERE-325.sql
(1 fila)

UPDATE 1
UPDATE 1
UPDATE 1
UPDATE 1
UPDATE 1
               register_migration_script                
--------------------------------------------------------
 201301050051_IDEMPIERE-325.sql successfully registered
 201301050051_IDEMPIERE-325.sql was already applied
(2 filas)

            filename            
--------------------------------
 201301081022_IDEMPIERE-325.sql
(1 fila)

UPDATE 1
UPDATE 1
UPDATE 1
UPDATE 1
UPDATE 1
UPDATE 1
UPDATE 1
UPDATE 1
UPDATE 1
UPDATE 1
UPDATE 1
UPDATE 1
UPDATE 1
UPDATE 1
UPDATE 1
UPDATE 1
UPDATE 1
UPDATE 1
UPDATE 1
UPDATE 1
UPDATE 1
UPDATE 1
UPDATE 1
UPDATE 1
UPDATE 1
UPDATE 1
UPDATE 1
UPDATE 1
UPDATE 1
               register_migration_script                
--------------------------------------------------------
 201301081022_IDEMPIERE-325.sql successfully registered
 201301081022_IDEMPIERE-325.sql was already applied
(2 filas)

            filename             
---------------------------------
 201301091712_TICKET-1001758.sql
(1 fila)

UPDATE 1
ALTER TABLE
UPDATE 1
ALTER TABLE
UPDATE 1
ALTER TABLE
UPDATE 1
ALTER TABLE
UPDATE 1
ALTER TABLE
UPDATE 1
 altercolumn 
-------------
 
(1 fila)

INSERT 0 0
UPDATE 1
 altercolumn 
-------------
 
(1 fila)

INSERT 0 0
 altercolumn 
-------------
 
(1 fila)

INSERT 0 0
UPDATE 1
 altercolumn 
-------------
 
(1 fila)

INSERT 0 0
 altercolumn 
-------------
 
(1 fila)

INSERT 0 0
 altercolumn 
-------------
 
(1 fila)

INSERT 0 0
UPDATE 1
 altercolumn 
-------------
 
(1 fila)

INSERT 0 0
 altercolumn 
-------------
 
(1 fila)

INSERT 0 0
UPDATE 1
 altercolumn 
-------------
 
(1 fila)

INSERT 0 0
 altercolumn 
-------------
 
(1 fila)

INSERT 0 0
INSERT 0 0
UPDATE 1
UPDATE 1
UPDATE 1
UPDATE 1
UPDATE 1
UPDATE 1
UPDATE 1
UPDATE 1
UPDATE 1
UPDATE 1
UPDATE 1
UPDATE 1
UPDATE 1
UPDATE 1
UPDATE 1
UPDATE 1
UPDATE 1
UPDATE 1
UPDATE 1
UPDATE 1
INSERT 0 0
INSERT 0 0
INSERT 0 0
UPDATE 1
UPDATE 1
UPDATE 1
UPDATE 1
UPDATE 1
UPDATE 1
UPDATE 1
UPDATE 1
UPDATE 1
UPDATE 1
UPDATE 1
UPDATE 1
UPDATE 1
UPDATE 1
UPDATE 1
UPDATE 1
UPDATE 1
UPDATE 1
UPDATE 1
UPDATE 1
UPDATE 1
UPDATE 1
UPDATE 1
UPDATE 1
UPDATE 1
UPDATE 1
UPDATE 1
UPDATE 1
UPDATE 1
UPDATE 1
UPDATE 1
UPDATE 1
UPDATE 1
UPDATE 1
UPDATE 1
UPDATE 1
UPDATE 1
UPDATE 1
UPDATE 1
UPDATE 1
UPDATE 1
UPDATE 1
UPDATE 1
UPDATE 1
UPDATE 1
UPDATE 1
UPDATE 1
UPDATE 1
UPDATE 1
UPDATE 1
UPDATE 1
UPDATE 1
UPDATE 1
UPDATE 1
                register_migration_script                
---------------------------------------------------------
 201301091712_TICKET-1001758.sql successfully registered
 201301091712_TICKET-1001758.sql was already applied
(2 filas)

            filename            
--------------------------------
 201301160230_IDEMPIERE-539.sql
(1 fila)

UPDATE 1
UPDATE 2
UPDATE 2
UPDATE 0
UPDATE 0
UPDATE 0
UPDATE 2
UPDATE 0
UPDATE 1
UPDATE 2
UPDATE 2
UPDATE 0
UPDATE 0
UPDATE 0
UPDATE 2
UPDATE 0
INSERT 0 0
INSERT 0 0
INSERT 0 0
INSERT 0 0
INSERT 0 0
INSERT 0 0
INSERT 0 0
UPDATE 1
UPDATE 1
               register_migration_script                
--------------------------------------------------------
 201301160230_IDEMPIERE-539.sql successfully registered
 201301160230_IDEMPIERE-539.sql was already applied
(2 filas)

            filename            
--------------------------------
 201301160719_IDEMPIERE-539.sql
(1 fila)

UPDATE 1
UPDATE 1
UPDATE 1
UPDATE 1
UPDATE 1
UPDATE 1
UPDATE 1
UPDATE 1
UPDATE 1
UPDATE 1
UPDATE 1
UPDATE 1
UPDATE 1
UPDATE 1
               register_migration_script                
--------------------------------------------------------
 201301160719_IDEMPIERE-539.sql successfully registered
 201301160719_IDEMPIERE-539.sql was already applied
(2 filas)

            filename            
--------------------------------
 201301161610_IDEMPIERE-454.sql
(1 fila)

INSERT 0 0
INSERT 0 0
INSERT 0 0
INSERT 0 0
               register_migration_script                
--------------------------------------------------------
 201301161610_IDEMPIERE-454.sql successfully registered
 201301161610_IDEMPIERE-454.sql was already applied
(2 filas)

            filename             
---------------------------------
 201301181034_TICKET-1002007.sql
(1 fila)

INSERT 0 0
                register_migration_script                
---------------------------------------------------------
 201301181034_TICKET-1002007.sql successfully registered
 201301181034_TICKET-1002007.sql was already applied
(2 filas)

            filename             
---------------------------------
 201301181134_TICKET-1001770.sql
(1 fila)

INSERT 0 0
INSERT 0 0
INSERT 0 0
INSERT 0 0
UPDATE 1
UPDATE 1
UPDATE 1
UPDATE 1
UPDATE 1
UPDATE 1
UPDATE 1
UPDATE 1
UPDATE 1
UPDATE 1
UPDATE 1
UPDATE 1
UPDATE 1
UPDATE 1
UPDATE 1
UPDATE 1
UPDATE 1
UPDATE 1
UPDATE 1
UPDATE 1
UPDATE 1
UPDATE 1
UPDATE 1
INSERT 0 0
INSERT 0 0
INSERT 0 0
UPDATE 1
UPDATE 1
UPDATE 1
UPDATE 1
UPDATE 1
UPDATE 1
UPDATE 1
UPDATE 1
UPDATE 1
UPDATE 1
UPDATE 1
UPDATE 1
UPDATE 1
UPDATE 1
UPDATE 1
UPDATE 1
UPDATE 1
UPDATE 1
UPDATE 1
UPDATE 1
UPDATE 1
UPDATE 1
UPDATE 1
                register_migration_script                
---------------------------------------------------------
 201301181134_TICKET-1001770.sql successfully registered
 201301181134_TICKET-1001770.sql was already applied
(2 filas)

            filename            
--------------------------------
 201301181138_IDEMPIERE-567.sql
(1 fila)

UPDATE 1
UPDATE 1
               register_migration_script                
--------------------------------------------------------
 201301181138_IDEMPIERE-567.sql successfully registered
 201301181138_IDEMPIERE-567.sql was already applied
(2 filas)

            filename             
---------------------------------
 201301181905_TICKET-1001770.sql
(1 fila)

INSERT 0 0
UPDATE 1
UPDATE 0
UPDATE 1
 altercolumn 
-------------
 
(1 fila)

INSERT 0 0
 altercolumn 
-------------
 
(1 fila)

INSERT 0 0
INSERT 0 0
INSERT 0 0
INSERT 0 0
INSERT 0 0
INSERT 0 0
INSERT 0 0
INSERT 0 0
INSERT 0 0
INSERT 0 0
INSERT 0 0
INSERT 0 0
INSERT 0 0
INSERT 0 0
INSERT 0 0
INSERT 0 0
INSERT 0 0
UPDATE 1
UPDATE 2
UPDATE 2
INSERT 0 0
INSERT 0 0
INSERT 0 0
INSERT 0 0
UPDATE 1
UPDATE 1
UPDATE 1
UPDATE 1
UPDATE 1
UPDATE 1
UPDATE 1
UPDATE 1
UPDATE 1
UPDATE 1
UPDATE 1
UPDATE 1
UPDATE 1
UPDATE 1
UPDATE 1
UPDATE 1
UPDATE 1
UPDATE 1
UPDATE 1
UPDATE 1
INSERT 0 0
INSERT 0 0
INSERT 0 0
INSERT 0 0
INSERT 0 0
INSERT 0 0
INSERT 0 0
INSERT 0 0
INSERT 0 0
INSERT 0 0
INSERT 0 0
UPDATE 1
UPDATE 1
UPDATE 1
UPDATE 1
UPDATE 1
UPDATE 1
UPDATE 1
UPDATE 1
UPDATE 1
UPDATE 1
UPDATE 1
UPDATE 1
UPDATE 1
UPDATE 1
UPDATE 1
UPDATE 1
UPDATE 1
UPDATE 1
UPDATE 1
UPDATE 1
UPDATE 1
UPDATE 1
UPDATE 1
UPDATE 1
UPDATE 1
UPDATE 1
UPDATE 1
UPDATE 1
UPDATE 1
UPDATE 1
UPDATE 1
UPDATE 1
UPDATE 1
INSERT 0 0
INSERT 0 0
INSERT 0 0
INSERT 0 0
UPDATE 1
UPDATE 1
UPDATE 1
UPDATE 1
UPDATE 1
UPDATE 1
UPDATE 1
UPDATE 1
UPDATE 1
UPDATE 1
UPDATE 1
UPDATE 1
UPDATE 1
UPDATE 1
UPDATE 1
UPDATE 1
UPDATE 1
UPDATE 1
UPDATE 1
UPDATE 1
UPDATE 1
UPDATE 1
INSERT 0 0
INSERT 0 0
INSERT 0 0
INSERT 0 0
INSERT 0 0
INSERT 0 0
INSERT 0 0
INSERT 0 0
INSERT 0 0
INSERT 0 0
INSERT 0 0
                register_migration_script                
---------------------------------------------------------
 201301181905_TICKET-1001770.sql successfully registered
 201301181905_TICKET-1001770.sql was already applied
(2 filas)

            filename             
---------------------------------
 201301211935_TICKET-1001770.sql
(1 fila)

UPDATE 1
INSERT 0 0
UPDATE 1
INSERT 0 0
UPDATE 1
UPDATE 1
UPDATE 1
UPDATE 1
UPDATE 1
UPDATE 1
UPDATE 1
UPDATE 1
UPDATE 1
UPDATE 1
UPDATE 1
UPDATE 1
UPDATE 1
INSERT 0 0
UPDATE 1
UPDATE 1
UPDATE 1
UPDATE 1
UPDATE 1
UPDATE 1
UPDATE 1
UPDATE 1
UPDATE 1
UPDATE 1
UPDATE 1
UPDATE 1
UPDATE 1
UPDATE 1
UPDATE 1
UPDATE 2
UPDATE 1
UPDATE 2
                register_migration_script                
---------------------------------------------------------
 201301211935_TICKET-1001770.sql successfully registered
 201301211935_TICKET-1001770.sql was already applied
(2 filas)

            filename             
---------------------------------
 201301222018_TICKET-1001770.sql
(1 fila)

UPDATE 1
UPDATE 1
UPDATE 1
                register_migration_script                
---------------------------------------------------------
 201301222018_TICKET-1001770.sql successfully registered
 201301222018_TICKET-1001770.sql was already applied
(2 filas)

            filename            
--------------------------------
 201301230719_IDEMPIERE-362.sql
(1 fila)

UPDATE 1
UPDATE 1
UPDATE 1
UPDATE 1
UPDATE 1
UPDATE 1
UPDATE 1
UPDATE 1
UPDATE 1
UPDATE 1
UPDATE 1
UPDATE 1
UPDATE 1
UPDATE 1
UPDATE 1
UPDATE 1
UPDATE 1
UPDATE 1
UPDATE 1
UPDATE 1
UPDATE 1
UPDATE 1
UPDATE 1
UPDATE 1
UPDATE 1
UPDATE 1
UPDATE 1
UPDATE 1
UPDATE 1
UPDATE 1
UPDATE 1
UPDATE 1
UPDATE 1
UPDATE 1
UPDATE 1
UPDATE 1
UPDATE 1
UPDATE 1
UPDATE 1
UPDATE 2
UPDATE 1
UPDATE 2
UPDATE 1
UPDATE 2
UPDATE 1
UPDATE 1
UPDATE 1
UPDATE 1
UPDATE 1
UPDATE 1
UPDATE 1
UPDATE 1
UPDATE 1
UPDATE 1
UPDATE 1
UPDATE 1
UPDATE 1
UPDATE 1
UPDATE 1
UPDATE 1
UPDATE 1
UPDATE 1
UPDATE 1
UPDATE 1
UPDATE 1
UPDATE 1
UPDATE 1
UPDATE 1
UPDATE 1
UPDATE 1
UPDATE 1
UPDATE 1
UPDATE 1
UPDATE 1
UPDATE 1
UPDATE 1
UPDATE 1
UPDATE 1
UPDATE 1
UPDATE 1
UPDATE 1
UPDATE 1
UPDATE 1
UPDATE 1
UPDATE 1
UPDATE 1
UPDATE 1
UPDATE 1
UPDATE 1
UPDATE 1
UPDATE 1
UPDATE 1
UPDATE 1
UPDATE 1
UPDATE 1
UPDATE 1
UPDATE 1
UPDATE 1
UPDATE 1
UPDATE 1
UPDATE 1
UPDATE 1
UPDATE 1
UPDATE 1
UPDATE 1
UPDATE 1
UPDATE 1
UPDATE 1
UPDATE 1
UPDATE 1
UPDATE 1
UPDATE 1
UPDATE 1
UPDATE 1
UPDATE 1
UPDATE 1
UPDATE 1
UPDATE 1
UPDATE 1
UPDATE 1
UPDATE 1
UPDATE 1
UPDATE 1
UPDATE 1
UPDATE 1
UPDATE 1
UPDATE 1
               register_migration_script                
--------------------------------------------------------
 201301230719_IDEMPIERE-362.sql successfully registered
 201301230719_IDEMPIERE-362.sql was already applied
(2 filas)

            filename            
--------------------------------
 201301230948_IDEMPIERE-325.sql
(1 fila)

UPDATE 1
UPDATE 1
UPDATE 1
UPDATE 1
UPDATE 1
UPDATE 1
UPDATE 1
UPDATE 1
UPDATE 1
UPDATE 1
UPDATE 1
UPDATE 1
UPDATE 1
UPDATE 1
UPDATE 1
UPDATE 1
UPDATE 1
UPDATE 1
UPDATE 1
 altercolumn 
-------------
 
(1 fila)

INSERT 0 0
UPDATE 1
UPDATE 1
UPDATE 1
UPDATE 1
UPDATE 1
UPDATE 1
               register_migration_script                
--------------------------------------------------------
 201301230948_IDEMPIERE-325.sql successfully registered
 201301230948_IDEMPIERE-325.sql was already applied
(2 filas)

            filename            
--------------------------------
 2013012430719_IDEMPIERE-90.sql
(1 fila)

INSERT 0 0
INSERT 0 0
INSERT 0 0
INSERT 0 0
               register_migration_script                
--------------------------------------------------------
 2013012430719_IDEMPIERE-90.sql successfully registered
 2013012430719_IDEMPIERE-90.sql was already applied
(2 filas)

            filename            
--------------------------------
 201301251443_IDEMPIERE-234.sql
(1 fila)

UPDATE 1
UPDATE 1
UPDATE 1
UPDATE 1
UPDATE 1
UPDATE 1
UPDATE 1
UPDATE 1
UPDATE 1
UPDATE 1
UPDATE 1
UPDATE 1
UPDATE 1
UPDATE 1
UPDATE 1
UPDATE 1
UPDATE 1
UPDATE 1
UPDATE 1
UPDATE 1
UPDATE 1
UPDATE 1
UPDATE 1
UPDATE 1
UPDATE 1
UPDATE 1
UPDATE 1
UPDATE 1
UPDATE 1
UPDATE 1
UPDATE 1
UPDATE 1
UPDATE 1
UPDATE 1
UPDATE 1
UPDATE 1
UPDATE 1
UPDATE 1
UPDATE 1
UPDATE 1
UPDATE 1
UPDATE 1
UPDATE 1
UPDATE 1
UPDATE 1
UPDATE 1
UPDATE 1
UPDATE 1
UPDATE 1
UPDATE 1
UPDATE 1
UPDATE 1
UPDATE 1
UPDATE 1
UPDATE 1
UPDATE 1
UPDATE 1
UPDATE 1
UPDATE 1
UPDATE 1
UPDATE 1
UPDATE 1
UPDATE 1
UPDATE 1
UPDATE 1
UPDATE 1
UPDATE 1
UPDATE 1
UPDATE 1
UPDATE 1
UPDATE 1
UPDATE 1
UPDATE 1
UPDATE 1
UPDATE 1
UPDATE 1
UPDATE 1
UPDATE 1
UPDATE 1
UPDATE 1
UPDATE 1
UPDATE 1
UPDATE 1
UPDATE 1
UPDATE 1
UPDATE 1
UPDATE 1
UPDATE 1
UPDATE 1
UPDATE 1
UPDATE 1
UPDATE 1
UPDATE 1
UPDATE 1
UPDATE 1
UPDATE 1
UPDATE 1
UPDATE 1
UPDATE 1
UPDATE 1
UPDATE 1
UPDATE 1
UPDATE 1
UPDATE 1
UPDATE 1
UPDATE 1
UPDATE 1
UPDATE 1
UPDATE 1
UPDATE 1
UPDATE 1
UPDATE 1
UPDATE 1
UPDATE 1
UPDATE 1
UPDATE 1
UPDATE 1
UPDATE 1
UPDATE 1
UPDATE 1
UPDATE 1
UPDATE 1
UPDATE 1
UPDATE 1
UPDATE 1
UPDATE 1
UPDATE 1
UPDATE 1
UPDATE 1
UPDATE 1
UPDATE 1
UPDATE 1
UPDATE 1
UPDATE 1
UPDATE 1
UPDATE 1
UPDATE 1
UPDATE 1
UPDATE 1
UPDATE 1
UPDATE 1
UPDATE 1
UPDATE 1
UPDATE 1
UPDATE 1
UPDATE 1
UPDATE 1
UPDATE 1
UPDATE 1
UPDATE 1
UPDATE 1
UPDATE 1
UPDATE 1
UPDATE 1
UPDATE 1
UPDATE 1
UPDATE 1
UPDATE 1
UPDATE 1
               register_migration_script                
--------------------------------------------------------
 201301251443_IDEMPIERE-234.sql successfully registered
 201301251443_IDEMPIERE-234.sql was already applied
(2 filas)

                 filename                 
------------------------------------------
 201301251726_IDEMPIERE-594_DocAction.sql
(1 fila)

UPDATE 1
UPDATE 2
UPDATE 51
UPDATE 0
UPDATE 12
UPDATE 0
UPDATE 58
UPDATE 5
                    register_migration_script                     
------------------------------------------------------------------
 201301251726_IDEMPIERE-594_DocAction.sql successfully registered
 201301251726_IDEMPIERE-594_DocAction.sql was already applied
(2 filas)

            filename             
---------------------------------
 201301251920_TICKET-1001569.sql
(1 fila)

INSERT 0 0
INSERT 0 0
INSERT 0 0
INSERT 0 0
INSERT 0 0
INSERT 0 0
INSERT 0 0
INSERT 0 1
INSERT 0 2
INSERT 0 1
INSERT 0 2
INSERT 0 0
INSERT 0 0
INSERT 0 1
INSERT 0 2
INSERT 0 1
INSERT 0 2
INSERT 0 0
INSERT 0 0
INSERT 0 0
INSERT 0 0
DELETE 2
DELETE 1
DELETE 2
DELETE 1
DELETE 2
DELETE 1
DELETE 2
DELETE 1
INSERT 0 0
INSERT 0 0
INSERT 0 0
INSERT 0 0
INSERT 0 0
INSERT 0 0
INSERT 0 0
INSERT 0 0
INSERT 0 0
INSERT 0 0
INSERT 0 0
INSERT 0 0
INSERT 0 0
INSERT 0 0
UPDATE 1
UPDATE 2
INSERT 0 0
INSERT 0 0
INSERT 0 0
INSERT 0 0
INSERT 0 1
INSERT 0 2
INSERT 0 0
INSERT 0 1
INSERT 0 2
INSERT 0 1
INSERT 0 2
INSERT 0 0
INSERT 0 0
INSERT 0 1
INSERT 0 2
INSERT 0 1
INSERT 0 2
INSERT 0 0
INSERT 0 0
INSERT 0 0
INSERT 0 0
DELETE 2
DELETE 1
DELETE 2
DELETE 1
DELETE 2
DELETE 1
DELETE 2
DELETE 1
DELETE 2
DELETE 1
INSERT 0 0
INSERT 0 0
INSERT 0 0
INSERT 0 0
INSERT 0 0
INSERT 0 0
UPDATE 1
UPDATE 2
UPDATE 1
UPDATE 1
UPDATE 2
UPDATE 0
UPDATE 1
UPDATE 2
UPDATE 1
UPDATE 0
UPDATE 0
UPDATE 0
UPDATE 1
UPDATE 0
UPDATE 1
UPDATE 2
UPDATE 3
UPDATE 0
UPDATE 0
UPDATE 0
UPDATE 2
UPDATE 0
UPDATE 1
UPDATE 2
UPDATE 1
UPDATE 2
INSERT 0 0
INSERT 0 0
ALTER TABLE
INSERT 0 0
ALTER TABLE
INSERT 0 0
INSERT 0 0
UPDATE 1
UPDATE 1
UPDATE 1
UPDATE 1
UPDATE 1
UPDATE 1
UPDATE 1
UPDATE 1
UPDATE 1
UPDATE 1
UPDATE 1
UPDATE 1
UPDATE 1
UPDATE 1
UPDATE 1
UPDATE 1
UPDATE 1
UPDATE 1
UPDATE 1
UPDATE 1
UPDATE 1
UPDATE 1
UPDATE 1
UPDATE 1
UPDATE 1
UPDATE 1
UPDATE 1
UPDATE 1
INSERT 0 0
INSERT 0 0
INSERT 0 0
INSERT 0 0
INSERT 0 0
INSERT 0 0
INSERT 0 0
INSERT 0 0
INSERT 0 0
INSERT 0 0
INSERT 0 0
INSERT 0 0
INSERT 0 0
INSERT 0 0
INSERT 0 0
INSERT 0 0
INSERT 0 0
INSERT 0 0
UPDATE 1
UPDATE 1
UPDATE 1
UPDATE 1
UPDATE 1
UPDATE 1
UPDATE 1
UPDATE 1
UPDATE 1
UPDATE 1
UPDATE 1
UPDATE 1
UPDATE 1
UPDATE 1
UPDATE 1
UPDATE 1
UPDATE 1
UPDATE 1
UPDATE 1
UPDATE 1
UPDATE 1
UPDATE 1
UPDATE 1
UPDATE 1
UPDATE 1
UPDATE 1
UPDATE 1
UPDATE 1
UPDATE 1
UPDATE 1
UPDATE 1
UPDATE 1
UPDATE 1
UPDATE 1
UPDATE 1
UPDATE 1
UPDATE 1
UPDATE 1
UPDATE 1
UPDATE 1
UPDATE 1
UPDATE 1
UPDATE 1
UPDATE 1
UPDATE 1
INSERT 0 0
INSERT 0 0
INSERT 0 0
INSERT 0 0
INSERT 0 0
INSERT 0 0
INSERT 0 0
INSERT 0 0
INSERT 0 0
INSERT 0 0
INSERT 0 0
INSERT 0 0
UPDATE 1
UPDATE 1
UPDATE 1
UPDATE 1
UPDATE 1
UPDATE 1
UPDATE 1
UPDATE 1
UPDATE 1
UPDATE 1
UPDATE 1
UPDATE 1
UPDATE 1
UPDATE 1
UPDATE 1
UPDATE 1
UPDATE 1
UPDATE 1
UPDATE 1
UPDATE 1
UPDATE 1
UPDATE 1
UPDATE 1
UPDATE 1
UPDATE 1
UPDATE 1
UPDATE 1
UPDATE 1
INSERT 0 0
INSERT 0 0
UPDATE 1
UPDATE 1
UPDATE 1
UPDATE 1
UPDATE 1
UPDATE 1
UPDATE 1
UPDATE 1
UPDATE 1
UPDATE 1
UPDATE 1
UPDATE 1
UPDATE 1
UPDATE 1
UPDATE 1
UPDATE 1
UPDATE 1
UPDATE 1
UPDATE 1
UPDATE 1
UPDATE 1
UPDATE 1
UPDATE 1
UPDATE 1
UPDATE 1
UPDATE 1
UPDATE 1
UPDATE 1
UPDATE 1
UPDATE 1
UPDATE 1
UPDATE 1
UPDATE 1
UPDATE 1
UPDATE 1
UPDATE 1
UPDATE 1
UPDATE 1
UPDATE 1
UPDATE 1
UPDATE 1
UPDATE 1
UPDATE 1
UPDATE 1
UPDATE 1
UPDATE 1
UPDATE 1
UPDATE 1
UPDATE 1
UPDATE 1
UPDATE 1
UPDATE 1
UPDATE 1
UPDATE 1
UPDATE 1
UPDATE 1
UPDATE 1
UPDATE 1
UPDATE 1
UPDATE 1
UPDATE 1
UPDATE 1
UPDATE 1
UPDATE 1
UPDATE 1
UPDATE 1
UPDATE 1
UPDATE 1
UPDATE 1
UPDATE 1
UPDATE 1
UPDATE 1
UPDATE 1
UPDATE 1
UPDATE 1
UPDATE 1
UPDATE 1
UPDATE 1
UPDATE 1
UPDATE 1
UPDATE 1
UPDATE 1
UPDATE 1
UPDATE 1
UPDATE 1
UPDATE 1
UPDATE 1
UPDATE 1
UPDATE 1
UPDATE 1
UPDATE 1
UPDATE 1
                register_migration_script                
---------------------------------------------------------
 201301251920_TICKET-1001569.sql successfully registered
 201301251920_TICKET-1001569.sql was already applied
(2 filas)

            filename            
--------------------------------
 201301261235_IDEMPIERE-362.sql
(1 fila)

UPDATE 1
UPDATE 1
UPDATE 1
UPDATE 1
UPDATE 1
               register_migration_script                
--------------------------------------------------------
 201301261235_IDEMPIERE-362.sql successfully registered
 201301261235_IDEMPIERE-362.sql was already applied
(2 filas)

            filename            
--------------------------------
 201301261442_IDEMPIERE-594.sql
(1 fila)

INSERT 0 0
INSERT 0 0
UPDATE 0
UPDATE 1
UPDATE 1
UPDATE 1
UPDATE 1
UPDATE 1
UPDATE 1
UPDATE 1
UPDATE 1
UPDATE 1
UPDATE 1
UPDATE 1
UPDATE 1
UPDATE 1
UPDATE 1
UPDATE 1
UPDATE 1
UPDATE 1
UPDATE 1
UPDATE 1
UPDATE 1
UPDATE 1
UPDATE 1
UPDATE 1
UPDATE 1
UPDATE 1
UPDATE 1
UPDATE 1
UPDATE 1
UPDATE 1
UPDATE 1
UPDATE 1
UPDATE 1
UPDATE 1
UPDATE 1
UPDATE 1
UPDATE 1
UPDATE 1
UPDATE 1
UPDATE 1
UPDATE 1
UPDATE 1
UPDATE 1
UPDATE 1
UPDATE 1
UPDATE 1
UPDATE 1
UPDATE 1
UPDATE 1
UPDATE 1
UPDATE 1
UPDATE 1
UPDATE 1
UPDATE 1
UPDATE 1
UPDATE 1
UPDATE 1
UPDATE 1
UPDATE 1
UPDATE 1
UPDATE 1
UPDATE 1
UPDATE 1
UPDATE 1
UPDATE 1
UPDATE 1
UPDATE 1
UPDATE 1
UPDATE 1
UPDATE 1
UPDATE 1
UPDATE 1
UPDATE 1
UPDATE 1
UPDATE 1
UPDATE 1
UPDATE 1
UPDATE 1
UPDATE 1
INSERT 0 0
INSERT 0 0
UPDATE 1
UPDATE 1
UPDATE 1
UPDATE 1
UPDATE 1
UPDATE 1
UPDATE 1
UPDATE 1
UPDATE 1
UPDATE 1
UPDATE 1
UPDATE 1
UPDATE 1
UPDATE 1
UPDATE 1
UPDATE 1
UPDATE 1
UPDATE 1
UPDATE 1
UPDATE 1
UPDATE 1
UPDATE 1
UPDATE 1
UPDATE 1
UPDATE 1
UPDATE 1
UPDATE 1
UPDATE 1
UPDATE 1
UPDATE 1
UPDATE 1
UPDATE 1
UPDATE 1
UPDATE 1
UPDATE 1
UPDATE 1
UPDATE 1
UPDATE 1
UPDATE 1
UPDATE 1
UPDATE 1
UPDATE 1
UPDATE 1
UPDATE 1
UPDATE 1
UPDATE 1
UPDATE 1
UPDATE 1
UPDATE 1
UPDATE 1
UPDATE 1
UPDATE 1
UPDATE 1
UPDATE 1
UPDATE 1
UPDATE 1
INSERT 0 0
UPDATE 1
UPDATE 1
UPDATE 1
UPDATE 1
UPDATE 1
UPDATE 1
UPDATE 1
UPDATE 1
UPDATE 1
UPDATE 1
UPDATE 1
UPDATE 1
UPDATE 1
UPDATE 1
UPDATE 1
UPDATE 1
UPDATE 1
UPDATE 1
UPDATE 1
UPDATE 1
UPDATE 1
UPDATE 1
UPDATE 1
UPDATE 1
UPDATE 1
UPDATE 1
UPDATE 1
UPDATE 1
UPDATE 1
UPDATE 1
UPDATE 1
UPDATE 1
UPDATE 1
UPDATE 1
UPDATE 1
UPDATE 1
UPDATE 1
UPDATE 1
UPDATE 1
UPDATE 1
INSERT 0 0
INSERT 0 0
INSERT 0 0
UPDATE 1
UPDATE 2
UPDATE 1
UPDATE 1
UPDATE 2
UPDATE 1
UPDATE 2
UPDATE 1
UPDATE 2
UPDATE 1
UPDATE 2
UPDATE 1
UPDATE 1
UPDATE 1
UPDATE 1
UPDATE 1
UPDATE 1
UPDATE 1
UPDATE 1
UPDATE 1
UPDATE 1
UPDATE 1
UPDATE 1
UPDATE 1
UPDATE 1
UPDATE 1
UPDATE 1
UPDATE 1
UPDATE 1
UPDATE 1
UPDATE 1
UPDATE 1
UPDATE 1
UPDATE 1
UPDATE 1
UPDATE 2
UPDATE 1
UPDATE 1
UPDATE 1
UPDATE 1
UPDATE 1
UPDATE 1
UPDATE 1
UPDATE 1
UPDATE 1
UPDATE 1
UPDATE 1
UPDATE 1
UPDATE 1
UPDATE 1
UPDATE 1
UPDATE 1
UPDATE 1
UPDATE 1
UPDATE 1
UPDATE 1
UPDATE 1
UPDATE 1
UPDATE 1
UPDATE 1
UPDATE 1
UPDATE 1
UPDATE 1
UPDATE 1
UPDATE 1
UPDATE 1
UPDATE 1
UPDATE 1
UPDATE 1
UPDATE 1
UPDATE 1
UPDATE 1
UPDATE 1
UPDATE 1
UPDATE 1
UPDATE 1
UPDATE 1
UPDATE 1
UPDATE 1
UPDATE 1
UPDATE 1
UPDATE 1
UPDATE 1
UPDATE 1
UPDATE 1
UPDATE 1
UPDATE 2
UPDATE 1
UPDATE 1
UPDATE 1
UPDATE 1
UPDATE 1
UPDATE 1
UPDATE 1
UPDATE 1
UPDATE 1
UPDATE 1
UPDATE 1
UPDATE 1
UPDATE 1
UPDATE 1
UPDATE 1
UPDATE 1
UPDATE 1
UPDATE 1
UPDATE 1
UPDATE 1
UPDATE 1
UPDATE 1
UPDATE 1
UPDATE 1
UPDATE 1
UPDATE 1
UPDATE 1
UPDATE 1
UPDATE 1
UPDATE 1
UPDATE 1
UPDATE 1
UPDATE 1
UPDATE 1
UPDATE 1
UPDATE 1
UPDATE 1
UPDATE 1
UPDATE 1
UPDATE 1
UPDATE 1
UPDATE 1
UPDATE 1
UPDATE 1
UPDATE 1
UPDATE 1
UPDATE 1
UPDATE 1
UPDATE 1
UPDATE 1
UPDATE 1
UPDATE 1
UPDATE 1
UPDATE 1
UPDATE 1
UPDATE 1
UPDATE 1
UPDATE 1
UPDATE 1
UPDATE 1
UPDATE 1
UPDATE 1
UPDATE 1
UPDATE 1
UPDATE 1
UPDATE 1
UPDATE 1
UPDATE 1
UPDATE 1
               register_migration_script                
--------------------------------------------------------
 201301261442_IDEMPIERE-594.sql successfully registered
 201301261442_IDEMPIERE-594.sql was already applied
(2 filas)

            filename            
--------------------------------
 201301261704_IDEMPIERE-362.sql
(1 fila)

UPDATE 1
UPDATE 1
UPDATE 1
UPDATE 1
UPDATE 1
UPDATE 1
UPDATE 1
UPDATE 1
UPDATE 1
UPDATE 1
UPDATE 1
UPDATE 1
UPDATE 1
UPDATE 1
UPDATE 1
UPDATE 1
UPDATE 1
UPDATE 1
UPDATE 1
UPDATE 1
UPDATE 1
UPDATE 1
UPDATE 1
UPDATE 1
UPDATE 1
UPDATE 1
UPDATE 1
UPDATE 1
UPDATE 1
UPDATE 1
UPDATE 1
UPDATE 1
UPDATE 1
UPDATE 1
UPDATE 1
UPDATE 1
UPDATE 1
UPDATE 1
UPDATE 1
UPDATE 1
UPDATE 1
UPDATE 1
UPDATE 1
UPDATE 1
UPDATE 1
UPDATE 1
UPDATE 1
UPDATE 1
UPDATE 1
UPDATE 1
UPDATE 1
UPDATE 1
UPDATE 1
UPDATE 1
UPDATE 1
UPDATE 1
UPDATE 1
UPDATE 1
UPDATE 1
UPDATE 1
UPDATE 1
UPDATE 1
UPDATE 1
UPDATE 1
UPDATE 1
UPDATE 1
UPDATE 1
UPDATE 1
UPDATE 1
UPDATE 1
UPDATE 1
UPDATE 1
UPDATE 1
UPDATE 1
UPDATE 1
UPDATE 1
UPDATE 1
UPDATE 1
UPDATE 1
UPDATE 1
UPDATE 1
UPDATE 1
UPDATE 1
UPDATE 1
UPDATE 1
UPDATE 1
UPDATE 1
UPDATE 1
UPDATE 1
UPDATE 1
UPDATE 1
UPDATE 1
UPDATE 1
UPDATE 1
UPDATE 1
UPDATE 1
UPDATE 1
UPDATE 1
               register_migration_script                
--------------------------------------------------------
 201301261704_IDEMPIERE-362.sql successfully registered
 201301261704_IDEMPIERE-362.sql was already applied
(2 filas)

            filename            
--------------------------------
 201301291606_IDEMPIERE-325.sql
(1 fila)

UPDATE 1
UPDATE 1
UPDATE 1
UPDATE 1
UPDATE 1
UPDATE 1
UPDATE 1
UPDATE 1
UPDATE 1
UPDATE 1
               register_migration_script                
--------------------------------------------------------
 201301291606_IDEMPIERE-325.sql successfully registered
 201301291606_IDEMPIERE-325.sql was already applied
(2 filas)

            filename            
--------------------------------
 201301291609_IDEMPIERE-362.sql
(1 fila)

UPDATE 1
UPDATE 1
UPDATE 1
               register_migration_script                
--------------------------------------------------------
 201301291609_IDEMPIERE-362.sql successfully registered
 201301291609_IDEMPIERE-362.sql was already applied
(2 filas)

            filename            
--------------------------------
 201301291642_IDEMPIERE-594.sql
(1 fila)

UPDATE 1
UPDATE 1
UPDATE 1
UPDATE 1
UPDATE 1
UPDATE 1
UPDATE 1
UPDATE 1
UPDATE 1
UPDATE 1
UPDATE 1
UPDATE 1
UPDATE 1
UPDATE 1
UPDATE 1
UPDATE 1
UPDATE 1
UPDATE 1
UPDATE 1
UPDATE 1
UPDATE 1
UPDATE 1
UPDATE 1
UPDATE 1
UPDATE 1
UPDATE 1
UPDATE 1
UPDATE 1
UPDATE 1
UPDATE 1
UPDATE 1
UPDATE 1
UPDATE 1
UPDATE 1
UPDATE 1
UPDATE 1
UPDATE 1
UPDATE 1
UPDATE 1
UPDATE 1
UPDATE 1
UPDATE 1
UPDATE 1
UPDATE 1
UPDATE 1
UPDATE 1
UPDATE 1
UPDATE 1
UPDATE 1
UPDATE 1
UPDATE 1
UPDATE 1
UPDATE 1
UPDATE 1
UPDATE 1
UPDATE 1
UPDATE 1
UPDATE 1
UPDATE 1
UPDATE 1
UPDATE 1
UPDATE 1
UPDATE 1
UPDATE 1
UPDATE 1
UPDATE 1
UPDATE 1
UPDATE 1
UPDATE 1
UPDATE 1
UPDATE 1
UPDATE 1
UPDATE 1
UPDATE 1
UPDATE 1
UPDATE 1
UPDATE 1
UPDATE 1
UPDATE 1
UPDATE 1
UPDATE 1
UPDATE 199
UPDATE 3
               register_migration_script                
--------------------------------------------------------
 201301291642_IDEMPIERE-594.sql successfully registered
 201301291642_IDEMPIERE-594.sql was already applied
(2 filas)

            filename            
--------------------------------
 201301291707_IDEMPIERE-362.sql
(1 fila)

UPDATE 1
UPDATE 1
               register_migration_script                
--------------------------------------------------------
 201301291707_IDEMPIERE-362.sql successfully registered
 201301291707_IDEMPIERE-362.sql was already applied
(2 filas)

            filename            
--------------------------------
 201301291717_IDEMPIERE-294.sql
(1 fila)

ALTER TABLE
ALTER TABLE
               register_migration_script                
--------------------------------------------------------
 201301291717_IDEMPIERE-294.sql successfully registered
 201301291717_IDEMPIERE-294.sql was already applied
(2 filas)

            filename            
--------------------------------
 201301301425_IDEMPIERE-325.sql
(1 fila)

UPDATE 1
UPDATE 1
UPDATE 1
UPDATE 1
UPDATE 1
UPDATE 1
UPDATE 1
UPDATE 1
UPDATE 1
UPDATE 1
UPDATE 1
UPDATE 1
UPDATE 1
UPDATE 1
UPDATE 1
UPDATE 1
UPDATE 1
UPDATE 1
UPDATE 1
UPDATE 1
UPDATE 1
UPDATE 1
UPDATE 1
UPDATE 1
UPDATE 1
UPDATE 1
UPDATE 1
UPDATE 1
UPDATE 1
UPDATE 1
UPDATE 1
UPDATE 1
UPDATE 1
UPDATE 1
 altercolumn 
-------------
 
(1 fila)

INSERT 0 0
UPDATE 1
UPDATE 1
UPDATE 1
UPDATE 1
UPDATE 1
UPDATE 0
               register_migration_script                
--------------------------------------------------------
 201301301425_IDEMPIERE-325.sql successfully registered
 201301301425_IDEMPIERE-325.sql was already applied
(2 filas)

            filename             
---------------------------------
 201301311640_TICKET-1001569.sql
(1 fila)

INSERT 0 0
UPDATE 1
UPDATE 2
INSERT 0 0
UPDATE 1
UPDATE 1
                register_migration_script                
---------------------------------------------------------
 201301311640_TICKET-1001569.sql successfully registered
 201301311640_TICKET-1001569.sql was already applied
(2 filas)

            filename            
--------------------------------
 201302040742_IDEMPIERE-325.sql
(1 fila)

UPDATE 1
UPDATE 1
UPDATE 1
UPDATE 1
UPDATE 1
UPDATE 1
UPDATE 1
UPDATE 1
UPDATE 1
UPDATE 1
UPDATE 1
UPDATE 1
UPDATE 1
UPDATE 1
               register_migration_script                
--------------------------------------------------------
 201302040742_IDEMPIERE-325.sql successfully registered
 201302040742_IDEMPIERE-325.sql was already applied
(2 filas)

            filename             
---------------------------------
 201302071920_TICKET-1002211.sql
(1 fila)

INSERT 0 0
INSERT 0 0
INSERT 0 0
INSERT 0 0
INSERT 0 0
INSERT 0 0
INSERT 0 0
INSERT 0 0
INSERT 0 0
INSERT 0 1
INSERT 0 2
INSERT 0 0
INSERT 0 1
INSERT 0 2
INSERT 0 1
INSERT 0 2
INSERT 0 1
INSERT 0 2
INSERT 0 0
INSERT 0 0
INSERT 0 1
INSERT 0 2
DELETE 2
DELETE 1
DELETE 2
DELETE 1
DELETE 2
DELETE 1
DELETE 2
DELETE 1
DELETE 2
DELETE 1
INSERT 0 0
INSERT 0 0
INSERT 0 0
INSERT 0 0
INSERT 0 0
INSERT 0 0
INSERT 0 1
INSERT 0 2
INSERT 0 1
INSERT 0 2
INSERT 0 1
INSERT 0 2
INSERT 0 0
INSERT 0 0
INSERT 0 0
INSERT 0 0
INSERT 0 0
INSERT 0 0
INSERT 0 0
INSERT 0 0
INSERT 0 0
INSERT 0 0
INSERT 0 0
INSERT 0 1
INSERT 0 2
INSERT 0 0
INSERT 0 0
INSERT 0 1
INSERT 0 2
INSERT 0 1
INSERT 0 2
INSERT 0 0
INSERT 0 0
INSERT 0 1
INSERT 0 2
DELETE 2
DELETE 1
DELETE 2
DELETE 1
DELETE 2
DELETE 1
DELETE 2
DELETE 1
INSERT 0 1
INSERT 0 2
UPDATE 1
INSERT 0 0
INSERT 0 0
INSERT 0 0
INSERT 0 0
INSERT 0 0
INSERT 0 0
INSERT 0 0
INSERT 0 0
INSERT 0 0
INSERT 0 0
INSERT 0 0
INSERT 0 0
INSERT 0 0
INSERT 0 1
INSERT 0 2
INSERT 0 0
INSERT 0 0
UPDATE 1
UPDATE 2
UPDATE 1
DELETE 2
DELETE 1
INSERT 0 0
INSERT 0 0
INSERT 0 0
INSERT 0 0
INSERT 0 0
INSERT 0 0
INSERT 0 0
INSERT 0 0
INSERT 0 0
INSERT 0 0
INSERT 0 1
INSERT 0 2
INSERT 0 1
INSERT 0 2
INSERT 0 1
INSERT 0 2
UPDATE 1
UPDATE 1
UPDATE 1
UPDATE 1
UPDATE 1
UPDATE 1
UPDATE 1
UPDATE 1
UPDATE 1
UPDATE 1
UPDATE 1
UPDATE 1
UPDATE 1
UPDATE 1
UPDATE 1
UPDATE 1
UPDATE 1
UPDATE 1
UPDATE 1
UPDATE 1
UPDATE 1
UPDATE 1
UPDATE 1
UPDATE 1
UPDATE 1
UPDATE 1
UPDATE 1
UPDATE 1
UPDATE 1
UPDATE 1
UPDATE 1
UPDATE 1
UPDATE 1
UPDATE 1
INSERT 0 0
INSERT 0 0
INSERT 0 0
INSERT 0 0
INSERT 0 0
INSERT 0 0
INSERT 0 1
INSERT 0 2
INSERT 0 0
INSERT 0 0
UPDATE 1
UPDATE 1
UPDATE 1
UPDATE 1
UPDATE 1
UPDATE 1
UPDATE 1
UPDATE 1
UPDATE 1
UPDATE 1
UPDATE 1
UPDATE 1
UPDATE 1
UPDATE 1
UPDATE 1
UPDATE 1
UPDATE 1
UPDATE 1
UPDATE 1
UPDATE 1
UPDATE 1
UPDATE 1
UPDATE 1
UPDATE 1
INSERT 0 0
INSERT 0 0
INSERT 0 0
INSERT 0 0
INSERT 0 0
INSERT 0 0
INSERT 0 0
INSERT 0 0
INSERT 0 0
UPDATE 1
UPDATE 1
UPDATE 1
UPDATE 1
UPDATE 1
UPDATE 1
UPDATE 1
UPDATE 1
UPDATE 1
UPDATE 1
UPDATE 1
UPDATE 1
UPDATE 1
UPDATE 1
UPDATE 1
UPDATE 1
UPDATE 1
UPDATE 1
UPDATE 1
UPDATE 1
UPDATE 1
UPDATE 1
UPDATE 1
UPDATE 1
UPDATE 1
UPDATE 1
INSERT 0 0
INSERT 0 0
UPDATE 1
UPDATE 2
UPDATE 1
UPDATE 2
UPDATE 1
UPDATE 2
UPDATE 1
UPDATE 2
UPDATE 9
UPDATE 0
UPDATE 0
UPDATE 0
UPDATE 9
UPDATE 0
UPDATE 1
UPDATE 2
UPDATE 2
UPDATE 0
UPDATE 0
UPDATE 0
UPDATE 2
UPDATE 0
UPDATE 1
UPDATE 2
UPDATE 1
UPDATE 2
UPDATE 1
UPDATE 2
UPDATE 1
UPDATE 2
INSERT 0 0
INSERT 0 0
INSERT 0 0
INSERT 0 0
INSERT 0 1
INSERT 0 2
INSERT 0 1
INSERT 0 2
INSERT 0 1
INSERT 0 2
INSERT 0 1
INSERT 0 2
INSERT 0 1
INSERT 0 2
INSERT 0 1
INSERT 0 2
UPDATE 1
UPDATE 1
UPDATE 1
UPDATE 1
UPDATE 1
UPDATE 1
UPDATE 1
UPDATE 1
UPDATE 1
UPDATE 1
UPDATE 1
UPDATE 1
INSERT 0 0
INSERT 0 0
INSERT 0 0
INSERT 0 0
INSERT 0 0
UPDATE 1
UPDATE 2
UPDATE 1
UPDATE 1
UPDATE 2
UPDATE 1
 altercolumn 
-------------
 
(1 fila)

INSERT 0 0
                register_migration_script                
---------------------------------------------------------
 201302071920_TICKET-1002211.sql successfully registered
 201302071920_TICKET-1002211.sql was already applied
(2 filas)

            filename             
---------------------------------
 201302081706_TICKET-1002211.sql
(1 fila)

UPDATE 1
UPDATE 2
UPDATE 1
UPDATE 0
UPDATE 0
UPDATE 0
UPDATE 1
UPDATE 0
UPDATE 1
UPDATE 2
UPDATE 1
UPDATE 0
UPDATE 0
UPDATE 0
UPDATE 1
UPDATE 1
UPDATE 2
UPDATE 1
UPDATE 2
UPDATE 1
UPDATE 2
UPDATE 1
UPDATE 2
UPDATE 1
UPDATE 2
                register_migration_script                
---------------------------------------------------------
 201302081706_TICKET-1002211.sql successfully registered
 201302081706_TICKET-1002211.sql was already applied
(2 filas)

                  filename                  
--------------------------------------------
 201302081954_IDEMPIERE-621_altercolumn.sql
(1 fila)

CREATE FUNCTION
                     register_migration_script                      
--------------------------------------------------------------------
 201302081954_IDEMPIERE-621_altercolumn.sql successfully registered
 201302081954_IDEMPIERE-621_altercolumn.sql was already applied
(2 filas)

            filename             
---------------------------------
 2013020830719_IDEMPIERE-589.sql
(1 fila)

INSERT 0 0
UPDATE 1
UPDATE 1
UPDATE 1
UPDATE 1
UPDATE 1
UPDATE 1
UPDATE 1
UPDATE 1
UPDATE 1
UPDATE 1
UPDATE 2
UPDATE 51
UPDATE 0
UPDATE 12
UPDATE 0
UPDATE 58
UPDATE 5
                register_migration_script                
---------------------------------------------------------
 2013020830719_IDEMPIERE-589.sql successfully registered
 2013020830719_IDEMPIERE-589.sql was already applied
(2 filas)

            filename            
--------------------------------
 201302110600_IDEMPIERE-454.sql
(1 fila)

INSERT 0 0
INSERT 0 0
INSERT 0 0
INSERT 0 0
INSERT 0 0
INSERT 0 0
INSERT 0 0
               register_migration_script                
--------------------------------------------------------
 201302110600_IDEMPIERE-454.sql successfully registered
 201302110600_IDEMPIERE-454.sql was already applied
(2 filas)

            filename            
--------------------------------
 201302140947_IDEMPIERE-385.sql
(1 fila)

UPDATE 1
UPDATE 2
UPDATE 1
UPDATE 0
UPDATE 0
UPDATE 0
UPDATE 1
UPDATE 0
               register_migration_script                
--------------------------------------------------------
 201302140947_IDEMPIERE-385.sql successfully registered
 201302140947_IDEMPIERE-385.sql was already applied
(2 filas)

            filename            
--------------------------------
 201302151223_IDEMPIERE-635.sql
(1 fila)

UPDATE 1
UPDATE 1
               register_migration_script                
--------------------------------------------------------
 201302151223_IDEMPIERE-635.sql successfully registered
 201302151223_IDEMPIERE-635.sql was already applied
(2 filas)

            filename            
--------------------------------
 201302171931_IDEMPIERE-637.sql
(1 fila)

UPDATE 1
UPDATE 1
UPDATE 1
UPDATE 1
UPDATE 1
UPDATE 1
               register_migration_script                
--------------------------------------------------------
 201302171931_IDEMPIERE-637.sql successfully registered
 201302171931_IDEMPIERE-637.sql was already applied
(2 filas)

            filename            
--------------------------------
 201302181158_IDEMPIERE-640.sql
(1 fila)

               register_migration_script                
--------------------------------------------------------
 201302181158_IDEMPIERE-640.sql successfully registered
 201302181158_IDEMPIERE-640.sql was already applied
(2 filas)

            filename            
--------------------------------
 201302190222_IDEMPIERE-613.sql
(1 fila)

UPDATE 1
UPDATE 1
UPDATE 1
               register_migration_script                
--------------------------------------------------------
 201302190222_IDEMPIERE-613.sql successfully registered
 201302190222_IDEMPIERE-613.sql was already applied
(2 filas)

            filename            
--------------------------------
 201302190934_IDEMPIERE-393.sql
(1 fila)

INSERT 0 0
INSERT 0 0
UPDATE 1
               register_migration_script                
--------------------------------------------------------
 201302190934_IDEMPIERE-393.sql successfully registered
 201302190934_IDEMPIERE-393.sql was already applied
(2 filas)

            filename            
--------------------------------
 201302191525_IDEMPIERE-602.sql
(1 fila)

ALTER TABLE
               register_migration_script                
--------------------------------------------------------
 201302191525_IDEMPIERE-602.sql successfully registered
 201302191525_IDEMPIERE-602.sql was already applied
(2 filas)

            filename             
---------------------------------
 201302191851_TICKET-1002211.sql
(1 fila)

INSERT 0 0
INSERT 0 0
INSERT 0 0
INSERT 0 0
INSERT 0 0
INSERT 0 0
INSERT 0 0
INSERT 0 0
UPDATE 1
UPDATE 1
UPDATE 1
UPDATE 1
UPDATE 1
UPDATE 1
UPDATE 1
UPDATE 1
UPDATE 1
UPDATE 1
UPDATE 1
UPDATE 1
UPDATE 1
UPDATE 1
UPDATE 1
UPDATE 1
INSERT 0 0
INSERT 0 0
UPDATE 1
UPDATE 1
UPDATE 1
UPDATE 1
UPDATE 1
UPDATE 1
UPDATE 1
UPDATE 1
INSERT 0 0
INSERT 0 0
UPDATE 1
UPDATE 1
UPDATE 1
UPDATE 1
UPDATE 1
UPDATE 1
UPDATE 1
UPDATE 1
UPDATE 1
UPDATE 1
UPDATE 1
UPDATE 1
UPDATE 1
UPDATE 1
UPDATE 1
UPDATE 1
UPDATE 1
UPDATE 1
UPDATE 1
UPDATE 1
UPDATE 1
UPDATE 1
UPDATE 1
UPDATE 1
UPDATE 1
UPDATE 1
UPDATE 1
UPDATE 1
UPDATE 1
UPDATE 1
UPDATE 1
UPDATE 1
UPDATE 1
UPDATE 1
UPDATE 1
UPDATE 1
UPDATE 1
INSERT 0 0
INSERT 0 0
INSERT 0 0
UPDATE 1
UPDATE 1
UPDATE 1
UPDATE 1
UPDATE 1
UPDATE 1
UPDATE 1
UPDATE 1
UPDATE 1
UPDATE 1
UPDATE 1
UPDATE 1
UPDATE 1
UPDATE 1
UPDATE 1
UPDATE 1
UPDATE 1
UPDATE 1
UPDATE 1
UPDATE 1
UPDATE 1
UPDATE 1
UPDATE 1
UPDATE 1
UPDATE 1
UPDATE 1
UPDATE 1
UPDATE 1
UPDATE 1
UPDATE 1
UPDATE 1
UPDATE 1
UPDATE 1
UPDATE 1
UPDATE 1
UPDATE 1
UPDATE 1
UPDATE 1
UPDATE 1
UPDATE 1
UPDATE 1
UPDATE 1
UPDATE 1
UPDATE 1
UPDATE 1
UPDATE 1
UPDATE 1
UPDATE 1
UPDATE 1
INSERT 0 0
INSERT 0 0
UPDATE 1
UPDATE 1
UPDATE 1
UPDATE 1
UPDATE 1
UPDATE 1
UPDATE 1
UPDATE 1
UPDATE 1
UPDATE 1
UPDATE 1
UPDATE 1
UPDATE 1
UPDATE 1
UPDATE 1
INSERT 0 0
INSERT 0 0
INSERT 0 0
INSERT 0 0
INSERT 0 0
INSERT 0 0
INSERT 0 0
INSERT 0 0
INSERT 0 0
INSERT 0 0
INSERT 0 0
INSERT 0 0
UPDATE 1
UPDATE 1
UPDATE 1
UPDATE 1
UPDATE 1
UPDATE 1
UPDATE 1
UPDATE 1
UPDATE 1
UPDATE 1
UPDATE 1
UPDATE 1
UPDATE 1
UPDATE 1
UPDATE 1
UPDATE 1
UPDATE 1
UPDATE 1
UPDATE 1
UPDATE 1
UPDATE 1
UPDATE 1
UPDATE 1
UPDATE 1
UPDATE 1
UPDATE 1
UPDATE 1
UPDATE 1
UPDATE 1
UPDATE 1
UPDATE 1
UPDATE 1
UPDATE 1
UPDATE 1
UPDATE 1
UPDATE 1
UPDATE 1
UPDATE 1
UPDATE 1
UPDATE 1
UPDATE 1
UPDATE 1
UPDATE 1
UPDATE 1
UPDATE 1
UPDATE 1
UPDATE 1
UPDATE 1
UPDATE 1
UPDATE 1
UPDATE 1
UPDATE 1
UPDATE 1
UPDATE 1
UPDATE 1
UPDATE 1
UPDATE 1
UPDATE 1
UPDATE 1
UPDATE 1
UPDATE 1
UPDATE 1
UPDATE 0
UPDATE 0
UPDATE 0
UPDATE 0
UPDATE 0
UPDATE 0
DELETE 2
DELETE 1
DELETE 2
DELETE 1
DELETE 2
DELETE 1
DELETE 2
DELETE 1
DELETE 2
DELETE 1
DELETE 2
DELETE 1
UPDATE 1
 altercolumn 
-------------
 
(1 fila)

INSERT 0 0
 altercolumn 
-------------
 
(1 fila)

INSERT 0 0
DELETE 2
DELETE 1
DELETE 2
DELETE 1
DELETE 2
DELETE 1
DELETE 2
DELETE 1
DELETE 2
DELETE 1
DELETE 2
DELETE 1
UPDATE 1
UPDATE 1
UPDATE 1
UPDATE 1
UPDATE 1
UPDATE 1
UPDATE 1
UPDATE 1
UPDATE 1
DELETE 2
DELETE 1
UPDATE 1
UPDATE 1
 altercolumn 
-------------
 
(1 fila)

INSERT 0 0
 altercolumn 
-------------
 
(1 fila)

INSERT 0 0
DELETE 2
DELETE 1
UPDATE 1
                register_migration_script                
---------------------------------------------------------
 201302191851_TICKET-1002211.sql successfully registered
 201302191851_TICKET-1002211.sql was already applied
(2 filas)

            filename            
--------------------------------
 201302221504_IDEMPIERE-325.sql
(1 fila)

UPDATE 1
               register_migration_script                
--------------------------------------------------------
 201302221504_IDEMPIERE-325.sql successfully registered
 201302221504_IDEMPIERE-325.sql was already applied
(2 filas)

            filename             
---------------------------------
 201302221708_TICKET-1001758.sql
(1 fila)

UPDATE 1
UPDATE 2
UPDATE 5
UPDATE 0
UPDATE 1
UPDATE 0
UPDATE 9
UPDATE 0
UPDATE 1
UPDATE 2
UPDATE 2
UPDATE 0
UPDATE 0
UPDATE 0
UPDATE 3
UPDATE 0
UPDATE 1
UPDATE 2
UPDATE 2
UPDATE 0
UPDATE 0
UPDATE 0
UPDATE 3
UPDATE 0
UPDATE 1
UPDATE 2
UPDATE 2
UPDATE 0
UPDATE 0
UPDATE 0
UPDATE 3
UPDATE 0
UPDATE 1
UPDATE 2
UPDATE 3
UPDATE 0
UPDATE 0
UPDATE 0
UPDATE 4
UPDATE 0
UPDATE 1
UPDATE 1
UPDATE 1
UPDATE 1
UPDATE 1
UPDATE 1
UPDATE 1
UPDATE 1
UPDATE 1
UPDATE 1
UPDATE 1
UPDATE 1
UPDATE 1
UPDATE 1
UPDATE 1
UPDATE 1
INSERT 0 0
INSERT 0 0
UPDATE 1
UPDATE 1
UPDATE 1
UPDATE 1
UPDATE 1
UPDATE 1
UPDATE 1
UPDATE 1
UPDATE 1
UPDATE 1
UPDATE 1
UPDATE 1
UPDATE 1
UPDATE 1
UPDATE 1
UPDATE 1
UPDATE 1
UPDATE 1
UPDATE 1
UPDATE 1
UPDATE 1
UPDATE 1
UPDATE 1
UPDATE 1
UPDATE 1
UPDATE 1
UPDATE 1
UPDATE 1
UPDATE 1
UPDATE 1
UPDATE 1
UPDATE 1
UPDATE 1
UPDATE 1
UPDATE 1
UPDATE 1
UPDATE 1
UPDATE 1
UPDATE 1
UPDATE 1
UPDATE 1
UPDATE 1
UPDATE 1
UPDATE 1
UPDATE 1
UPDATE 1
UPDATE 1
UPDATE 1
UPDATE 1
UPDATE 1
UPDATE 1
UPDATE 1
UPDATE 1
UPDATE 1
UPDATE 1
UPDATE 1
UPDATE 1
UPDATE 1
UPDATE 1
UPDATE 1
UPDATE 1
UPDATE 1
UPDATE 1
UPDATE 1
UPDATE 1
 altercolumn 
-------------
 
(1 fila)

INSERT 0 0
UPDATE 0
UPDATE 1
                register_migration_script                
---------------------------------------------------------
 201302221708_TICKET-1001758.sql successfully registered
 201302221708_TICKET-1001758.sql was already applied
(2 filas)

            filename            
--------------------------------
 201303010917_IDEMPIERE-671.sql
(1 fila)

DROP INDEX
CREATE INDEX
               register_migration_script                
--------------------------------------------------------
 201303010917_IDEMPIERE-671.sql successfully registered
 201303010917_IDEMPIERE-671.sql was already applied
(2 filas)

                  filename                   
---------------------------------------------
 201303041619_TICKET-1001763_1099Extract.sql
(1 fila)

INSERT 0 0
INSERT 0 0
INSERT 0 0
INSERT 0 0
INSERT 0 0
INSERT 0 0
INSERT 0 1
INSERT 0 2
INSERT 0 0
INSERT 0 1
INSERT 0 2
INSERT 0 0
INSERT 0 0
INSERT 0 0
INSERT 0 0
DELETE 2
DELETE 1
DELETE 2
DELETE 1
UPDATE 1
UPDATE 1
UPDATE 1
UPDATE 2
UPDATE 1
UPDATE 0
UPDATE 0
UPDATE 0
UPDATE 0
UPDATE 0
INSERT 0 0
INSERT 0 0
INSERT 0 0
INSERT 0 0
INSERT 0 0
INSERT 0 0
INSERT 0 0
INSERT 0 0
INSERT 0 0
INSERT 0 0
INSERT 0 0
INSERT 0 0
INSERT 0 0
INSERT 0 0
INSERT 0 0
INSERT 0 0
INSERT 0 0
INSERT 0 0
INSERT 0 0
INSERT 0 0
INSERT 0 0
INSERT 0 0
INSERT 0 0
INSERT 0 0
INSERT 0 0
INSERT 0 0
INSERT 0 0
INSERT 0 0
INSERT 0 0
INSERT 0 0
INSERT 0 0
INSERT 0 0
INSERT 0 0
INSERT 0 0
INSERT 0 0
INSERT 0 0
UPDATE 1
UPDATE 2
UPDATE 2
UPDATE 0
UPDATE 0
UPDATE 0
UPDATE 0
UPDATE 1
UPDATE 1
UPDATE 2
UPDATE 2
UPDATE 0
UPDATE 0
UPDATE 0
UPDATE 0
UPDATE 1
UPDATE 1
UPDATE 2
UPDATE 2
UPDATE 0
UPDATE 0
UPDATE 0
UPDATE 0
UPDATE 1
UPDATE 1
UPDATE 2
UPDATE 2
UPDATE 0
UPDATE 0
UPDATE 0
UPDATE 0
UPDATE 1
UPDATE 1
UPDATE 2
UPDATE 2
UPDATE 0
UPDATE 0
UPDATE 0
UPDATE 0
UPDATE 1
UPDATE 1
UPDATE 2
UPDATE 2
UPDATE 0
UPDATE 0
UPDATE 0
UPDATE 0
UPDATE 1
UPDATE 1
UPDATE 2
UPDATE 2
UPDATE 0
UPDATE 0
UPDATE 0
UPDATE 0
UPDATE 1
UPDATE 1
UPDATE 2
UPDATE 2
UPDATE 0
UPDATE 0
UPDATE 0
UPDATE 0
UPDATE 1
UPDATE 1
UPDATE 2
UPDATE 2
UPDATE 0
UPDATE 0
UPDATE 0
UPDATE 0
UPDATE 1
UPDATE 1
UPDATE 2
UPDATE 2
UPDATE 0
UPDATE 0
UPDATE 0
UPDATE 0
UPDATE 1
UPDATE 1
UPDATE 2
UPDATE 2
UPDATE 0
UPDATE 0
UPDATE 0
UPDATE 0
UPDATE 1
UPDATE 1
UPDATE 2
UPDATE 2
UPDATE 0
UPDATE 0
UPDATE 0
UPDATE 0
UPDATE 1
UPDATE 1
UPDATE 2
UPDATE 2
UPDATE 0
UPDATE 0
UPDATE 0
UPDATE 0
UPDATE 1
UPDATE 1
UPDATE 2
UPDATE 2
UPDATE 0
UPDATE 0
UPDATE 0
UPDATE 0
UPDATE 1
UPDATE 1
UPDATE 2
UPDATE 2
UPDATE 0
UPDATE 0
UPDATE 0
UPDATE 0
UPDATE 1
UPDATE 1
UPDATE 2
UPDATE 2
UPDATE 0
UPDATE 0
UPDATE 0
UPDATE 0
UPDATE 1
INSERT 0 0
INSERT 0 0
INSERT 0 0
INSERT 0 0
INSERT 0 0
INSERT 0 0
CREATE VIEW
INSERT 0 0
INSERT 0 0
INSERT 0 0
INSERT 0 0
INSERT 0 0
INSERT 0 0
INSERT 0 0
INSERT 0 0
INSERT 0 0
INSERT 0 0
INSERT 0 0
INSERT 0 0
INSERT 0 0
INSERT 0 0
INSERT 0 0
INSERT 0 0
INSERT 0 0
INSERT 0 0
INSERT 0 0
INSERT 0 0
INSERT 0 0
INSERT 0 0
INSERT 0 0
INSERT 0 0
INSERT 0 0
INSERT 0 0
INSERT 0 0
INSERT 0 0
INSERT 0 0
INSERT 0 0
INSERT 0 0
INSERT 0 0
INSERT 0 0
INSERT 0 0
INSERT 0 0
INSERT 0 0
INSERT 0 0
INSERT 0 0
INSERT 0 0
INSERT 0 0
INSERT 0 0
INSERT 0 0
INSERT 0 0
INSERT 0 0
INSERT 0 0
UPDATE 1
UPDATE 2
UPDATE 1
UPDATE 0
UPDATE 0
UPDATE 0
UPDATE 0
UPDATE 1
UPDATE 1
UPDATE 2
UPDATE 1
UPDATE 0
UPDATE 0
UPDATE 0
UPDATE 0
UPDATE 1
UPDATE 1
UPDATE 2
UPDATE 2
UPDATE 0
UPDATE 0
UPDATE 0
UPDATE 1
UPDATE 1
UPDATE 1
UPDATE 2
UPDATE 1
UPDATE 0
UPDATE 0
UPDATE 0
UPDATE 0
UPDATE 1
INSERT 0 0
INSERT 0 0
INSERT 0 0
INSERT 0 0
INSERT 0 0
INSERT 0 0
INSERT 0 0
INSERT 0 0
INSERT 0 0
INSERT 0 0
INSERT 0 0
INSERT 0 0
INSERT 0 0
INSERT 0 0
INSERT 0 0
INSERT 0 0
INSERT 0 0
INSERT 0 0
INSERT 0 0
INSERT 0 0
INSERT 0 0
INSERT 0 0
INSERT 0 0
INSERT 0 0
INSERT 0 0
INSERT 0 0
ALTER TABLE
INSERT 0 0
INSERT 0 0
ALTER TABLE
INSERT 0 0
ALTER TABLE
INSERT 0 0
INSERT 0 0
INSERT 0 0
INSERT 0 0
INSERT 0 0
INSERT 0 0
INSERT 0 0
INSERT 0 0
INSERT 0 0
INSERT 0 0
INSERT 0 0
INSERT 0 0
UPDATE 1
UPDATE 1
UPDATE 1
UPDATE 1
UPDATE 1
UPDATE 1
UPDATE 1
UPDATE 1
UPDATE 1
UPDATE 1
UPDATE 1
UPDATE 1
UPDATE 1
UPDATE 1
UPDATE 1
UPDATE 1
UPDATE 1
UPDATE 1
UPDATE 1
UPDATE 1
UPDATE 1
UPDATE 1
UPDATE 1
UPDATE 1
UPDATE 1
UPDATE 1
UPDATE 1
UPDATE 1
UPDATE 1
UPDATE 1
UPDATE 1
UPDATE 1
INSERT 0 0
INSERT 0 0
INSERT 0 0
INSERT 0 0
INSERT 0 0
INSERT 0 0
INSERT 0 0
INSERT 0 0
UPDATE 1
UPDATE 1
UPDATE 1
UPDATE 1
UPDATE 1
UPDATE 1
UPDATE 1
UPDATE 1
UPDATE 1
UPDATE 1
UPDATE 1
UPDATE 1
UPDATE 1
UPDATE 1
UPDATE 1
UPDATE 1
UPDATE 1
UPDATE 1
UPDATE 1
UPDATE 1
UPDATE 1
UPDATE 1
UPDATE 1
UPDATE 1
UPDATE 1
UPDATE 1
UPDATE 1
UPDATE 1
UPDATE 1
UPDATE 1
UPDATE 1
UPDATE 1
UPDATE 1
UPDATE 1
INSERT 0 0
INSERT 0 0
INSERT 0 0
INSERT 0 0
INSERT 0 0
UPDATE 1
UPDATE 1
UPDATE 1
UPDATE 1
UPDATE 1
UPDATE 1
UPDATE 1
UPDATE 1
UPDATE 1
UPDATE 1
UPDATE 1
UPDATE 1
UPDATE 1
UPDATE 1
UPDATE 1
UPDATE 1
UPDATE 1
UPDATE 1
UPDATE 1
UPDATE 1
UPDATE 1
UPDATE 1
UPDATE 1
UPDATE 1
UPDATE 1
UPDATE 1
UPDATE 1
UPDATE 1
UPDATE 1
UPDATE 1
UPDATE 1
UPDATE 1
UPDATE 1
UPDATE 1
UPDATE 1
UPDATE 1
UPDATE 1
UPDATE 1
UPDATE 1
UPDATE 1
UPDATE 1
UPDATE 1
UPDATE 1
UPDATE 1
UPDATE 1
UPDATE 1
UPDATE 1
UPDATE 1
UPDATE 1
UPDATE 1
UPDATE 1
UPDATE 1
UPDATE 1
UPDATE 1
UPDATE 1
UPDATE 1
UPDATE 1
UPDATE 1
UPDATE 1
UPDATE 1
UPDATE 1
UPDATE 1
UPDATE 1
UPDATE 1
INSERT 0 0
INSERT 0 0
INSERT 0 0
UPDATE 1
UPDATE 1
UPDATE 1
UPDATE 1
UPDATE 1
UPDATE 1
UPDATE 1
UPDATE 1
UPDATE 1
UPDATE 1
UPDATE 1
UPDATE 1
UPDATE 1
UPDATE 1
UPDATE 1
UPDATE 1
UPDATE 1
UPDATE 1
UPDATE 1
UPDATE 1
UPDATE 1
UPDATE 1
UPDATE 1
UPDATE 1
UPDATE 1
UPDATE 1
UPDATE 1
UPDATE 1
UPDATE 1
UPDATE 1
UPDATE 1
UPDATE 1
UPDATE 1
UPDATE 1
UPDATE 1
UPDATE 1
UPDATE 1
UPDATE 1
UPDATE 1
UPDATE 1
UPDATE 1
UPDATE 1
UPDATE 1
UPDATE 1
UPDATE 1
UPDATE 1
UPDATE 1
UPDATE 1
UPDATE 1
UPDATE 1
UPDATE 1
UPDATE 1
UPDATE 1
UPDATE 1
UPDATE 1
UPDATE 1
UPDATE 1
UPDATE 1
UPDATE 1
UPDATE 1
UPDATE 1
UPDATE 1
UPDATE 1
UPDATE 1
UPDATE 1
UPDATE 1
UPDATE 1
UPDATE 1
UPDATE 1
UPDATE 1
UPDATE 1
UPDATE 1
UPDATE 1
UPDATE 1
UPDATE 1
UPDATE 1
UPDATE 1
UPDATE 1
UPDATE 1
UPDATE 1
UPDATE 1
UPDATE 1
UPDATE 1
UPDATE 1
UPDATE 1
UPDATE 1
UPDATE 1
UPDATE 1
UPDATE 1
UPDATE 1
UPDATE 1
UPDATE 1
UPDATE 1
UPDATE 1
UPDATE 1
UPDATE 1
UPDATE 1
UPDATE 1
UPDATE 1
UPDATE 1
UPDATE 1
UPDATE 1
UPDATE 1
UPDATE 1
UPDATE 1
UPDATE 1
UPDATE 1
UPDATE 1
UPDATE 1
UPDATE 1
UPDATE 1
UPDATE 1
UPDATE 1
UPDATE 1
UPDATE 1
INSERT 0 0
INSERT 0 0
INSERT 0 0
INSERT 0 0
UPDATE 1
UPDATE 1
UPDATE 1
UPDATE 1
UPDATE 1
UPDATE 1
UPDATE 1
UPDATE 1
UPDATE 1
UPDATE 1
UPDATE 1
UPDATE 1
UPDATE 1
UPDATE 1
UPDATE 1
UPDATE 1
UPDATE 1
UPDATE 1
UPDATE 1
UPDATE 1
UPDATE 1
UPDATE 1
UPDATE 1
UPDATE 1
UPDATE 1
UPDATE 1
UPDATE 1
UPDATE 1
UPDATE 1
UPDATE 1
UPDATE 1
UPDATE 1
UPDATE 1
UPDATE 1
UPDATE 1
UPDATE 1
UPDATE 1
UPDATE 1
UPDATE 1
UPDATE 1
UPDATE 1
UPDATE 1
UPDATE 1
UPDATE 1
UPDATE 1
UPDATE 1
UPDATE 1
UPDATE 1
UPDATE 1
UPDATE 1
UPDATE 1
UPDATE 1
UPDATE 1
UPDATE 1
UPDATE 1
UPDATE 1
UPDATE 1
UPDATE 1
UPDATE 1
UPDATE 1
UPDATE 1
UPDATE 1
UPDATE 1
UPDATE 1
UPDATE 1
UPDATE 1
UPDATE 1
UPDATE 1
UPDATE 1
UPDATE 1
UPDATE 1
UPDATE 1
UPDATE 1
UPDATE 1
UPDATE 1
UPDATE 1
UPDATE 1
UPDATE 1
UPDATE 1
UPDATE 1
UPDATE 1
UPDATE 1
UPDATE 1
UPDATE 1
UPDATE 1
UPDATE 1
UPDATE 1
UPDATE 1
UPDATE 1
UPDATE 1
UPDATE 1
UPDATE 1
UPDATE 1
UPDATE 1
UPDATE 1
UPDATE 1
UPDATE 1
UPDATE 1
UPDATE 1
UPDATE 1
UPDATE 1
UPDATE 1
UPDATE 1
UPDATE 1
UPDATE 1
UPDATE 1
UPDATE 1
UPDATE 1
UPDATE 1
UPDATE 1
UPDATE 1
UPDATE 1
UPDATE 1
UPDATE 1
UPDATE 1
UPDATE 1
UPDATE 1
UPDATE 1
UPDATE 1
UPDATE 1
UPDATE 1
UPDATE 1
UPDATE 1
UPDATE 1
UPDATE 1
UPDATE 1
UPDATE 1
UPDATE 1
UPDATE 1
UPDATE 1
UPDATE 1
UPDATE 1
UPDATE 1
UPDATE 1
UPDATE 1
UPDATE 1
UPDATE 1
UPDATE 1
UPDATE 1
UPDATE 1
UPDATE 1
UPDATE 1
UPDATE 1
UPDATE 1
UPDATE 1
UPDATE 1
UPDATE 1
UPDATE 1
UPDATE 1
UPDATE 1
UPDATE 1
UPDATE 1
UPDATE 1
UPDATE 1
UPDATE 1
UPDATE 1
UPDATE 1
UPDATE 1
UPDATE 1
UPDATE 1
UPDATE 1
UPDATE 1
UPDATE 1
UPDATE 1
UPDATE 1
UPDATE 1
UPDATE 1
UPDATE 1
UPDATE 1
UPDATE 1
UPDATE 1
UPDATE 1
UPDATE 1
UPDATE 1
UPDATE 1
UPDATE 1
UPDATE 1
UPDATE 1
UPDATE 1
UPDATE 1
UPDATE 1
UPDATE 1
UPDATE 1
UPDATE 1
UPDATE 1
UPDATE 1
UPDATE 1
UPDATE 1
UPDATE 1
UPDATE 1
UPDATE 1
UPDATE 1
UPDATE 1
UPDATE 1
UPDATE 1
UPDATE 1
UPDATE 1
UPDATE 1
UPDATE 1
UPDATE 1
UPDATE 1
UPDATE 1
UPDATE 1
UPDATE 1
UPDATE 1
UPDATE 1
UPDATE 1
UPDATE 1
UPDATE 1
UPDATE 1
UPDATE 1
UPDATE 1
UPDATE 1
UPDATE 1
UPDATE 1
UPDATE 1
UPDATE 1
UPDATE 1
UPDATE 1
UPDATE 1
UPDATE 1
UPDATE 1
UPDATE 1
UPDATE 1
UPDATE 1
UPDATE 1
UPDATE 1
UPDATE 1
UPDATE 1
UPDATE 1
UPDATE 1
UPDATE 1
UPDATE 1
UPDATE 1
UPDATE 1
UPDATE 1
UPDATE 1
UPDATE 1
UPDATE 1
UPDATE 1
UPDATE 1
UPDATE 1
UPDATE 1
UPDATE 1
UPDATE 1
UPDATE 1
UPDATE 1
UPDATE 1
UPDATE 1
UPDATE 1
UPDATE 1
UPDATE 1
INSERT 0 0
INSERT 0 0
UPDATE 1
UPDATE 1
UPDATE 1
UPDATE 1
UPDATE 1
UPDATE 1
UPDATE 1
UPDATE 1
UPDATE 1
UPDATE 1
UPDATE 1
UPDATE 1
UPDATE 1
UPDATE 1
UPDATE 1
UPDATE 1
UPDATE 1
UPDATE 1
UPDATE 1
UPDATE 1
UPDATE 1
UPDATE 1
UPDATE 1
UPDATE 1
UPDATE 1
UPDATE 1
UPDATE 1
UPDATE 1
UPDATE 1
UPDATE 1
UPDATE 1
UPDATE 1
UPDATE 1
UPDATE 1
UPDATE 1
UPDATE 1
UPDATE 1
UPDATE 1
UPDATE 1
UPDATE 1
UPDATE 1
UPDATE 1
UPDATE 1
UPDATE 1
UPDATE 1
UPDATE 1
UPDATE 1
UPDATE 1
UPDATE 1
UPDATE 1
UPDATE 1
UPDATE 1
UPDATE 1
UPDATE 1
UPDATE 1
UPDATE 1
UPDATE 1
UPDATE 1
UPDATE 1
UPDATE 1
UPDATE 1
UPDATE 1
UPDATE 1
UPDATE 1
UPDATE 1
UPDATE 1
UPDATE 1
UPDATE 1
UPDATE 1
UPDATE 1
UPDATE 1
UPDATE 1
UPDATE 1
UPDATE 1
UPDATE 1
UPDATE 1
UPDATE 1
UPDATE 1
UPDATE 1
UPDATE 1
UPDATE 1
UPDATE 1
UPDATE 1
UPDATE 1
UPDATE 1
UPDATE 1
UPDATE 1
UPDATE 1
UPDATE 1
UPDATE 1
UPDATE 1
UPDATE 1
UPDATE 1
INSERT 0 0
UPDATE 2
INSERT 0 0
UPDATE 2
INSERT 0 0
UPDATE 2
INSERT 0 0
UPDATE 2
INSERT 0 0
UPDATE 2
INSERT 0 0
UPDATE 2
INSERT 0 0
UPDATE 2
INSERT 0 0
UPDATE 2
INSERT 0 0
UPDATE 2
INSERT 0 0
UPDATE 2
INSERT 0 0
UPDATE 2
INSERT 0 0
UPDATE 2
INSERT 0 0
UPDATE 2
INSERT 0 0
UPDATE 2
INSERT 0 0
UPDATE 2
INSERT 0 0
UPDATE 2
INSERT 0 0
UPDATE 2
INSERT 0 0
UPDATE 2
INSERT 0 0
UPDATE 2
INSERT 0 0
UPDATE 2
INSERT 0 0
UPDATE 2
INSERT 0 0
UPDATE 2
INSERT 0 0
UPDATE 2
INSERT 0 0
UPDATE 2
INSERT 0 0
UPDATE 2
INSERT 0 0
UPDATE 2
INSERT 0 0
UPDATE 2
INSERT 0 0
UPDATE 2
INSERT 0 0
UPDATE 2
INSERT 0 0
UPDATE 2
INSERT 0 0
UPDATE 2
INSERT 0 0
UPDATE 2
INSERT 0 0
UPDATE 2
INSERT 0 0
UPDATE 2
INSERT 0 0
UPDATE 2
INSERT 0 0
UPDATE 2
INSERT 0 0
UPDATE 2
INSERT 0 0
UPDATE 2
INSERT 0 0
UPDATE 2
INSERT 0 0
UPDATE 2
UPDATE 1
UPDATE 1
UPDATE 1
UPDATE 1
UPDATE 1
UPDATE 1
UPDATE 1
UPDATE 1
UPDATE 1
UPDATE 1
UPDATE 1
UPDATE 1
UPDATE 1
UPDATE 1
UPDATE 1
UPDATE 1
UPDATE 1
UPDATE 1
UPDATE 1
UPDATE 1
UPDATE 1
UPDATE 1
UPDATE 1
UPDATE 1
UPDATE 1
UPDATE 1
UPDATE 1
UPDATE 1
UPDATE 1
UPDATE 1
UPDATE 1
UPDATE 1
UPDATE 1
UPDATE 1
UPDATE 1
UPDATE 1
UPDATE 2
UPDATE 2
UPDATE 0
UPDATE 0
UPDATE 0
UPDATE 1
UPDATE 1
UPDATE 1
UPDATE 2
UPDATE 1
UPDATE 2
UPDATE 1
UPDATE 2
UPDATE 1
UPDATE 2
UPDATE 1
UPDATE 2
UPDATE 1
UPDATE 2
UPDATE 1
UPDATE 2
UPDATE 1
UPDATE 2
UPDATE 1
UPDATE 2
UPDATE 1
UPDATE 2
UPDATE 1
UPDATE 2
UPDATE 1
UPDATE 2
UPDATE 1
UPDATE 2
UPDATE 1
UPDATE 2
UPDATE 1
UPDATE 2
UPDATE 1
UPDATE 2
UPDATE 1
UPDATE 2
UPDATE 1
UPDATE 1
UPDATE 1
UPDATE 1
UPDATE 1
UPDATE 1
UPDATE 1
UPDATE 1
UPDATE 1
UPDATE 1
UPDATE 1
UPDATE 1
UPDATE 1
UPDATE 1
UPDATE 1
UPDATE 1
UPDATE 1
UPDATE 1
UPDATE 1
UPDATE 1
UPDATE 1
UPDATE 1
UPDATE 1
UPDATE 1
UPDATE 1
UPDATE 1
UPDATE 1
UPDATE 1
UPDATE 1
UPDATE 1
UPDATE 1
UPDATE 1
UPDATE 1
UPDATE 1
UPDATE 1
UPDATE 1
UPDATE 1
UPDATE 1
UPDATE 1
UPDATE 1
UPDATE 1
UPDATE 1
UPDATE 1
UPDATE 1
UPDATE 1
UPDATE 1
UPDATE 1
UPDATE 1
UPDATE 1
UPDATE 1
UPDATE 1
UPDATE 1
CREATE FUNCTION
                      register_migration_script                      
---------------------------------------------------------------------
 201303041619_TICKET-1001763_1099Extract.sql successfully registered
 201303041619_TICKET-1001763_1099Extract.sql was already applied
(2 filas)

                   filename                   
----------------------------------------------
 201303041621_TICKET-1001763_BankRegister.sql
(1 fila)

INSERT 0 0
INSERT 0 0
INSERT 0 0
INSERT 0 0
INSERT 0 1
INSERT 0 2
INSERT 0 0
INSERT 0 0
INSERT 0 1
INSERT 0 2
INSERT 0 1
INSERT 0 2
INSERT 0 1
INSERT 0 2
INSERT 0 1
INSERT 0 2
INSERT 0 1
INSERT 0 2
INSERT 0 1
INSERT 0 2
INSERT 0 1
INSERT 0 2
DELETE 2
DELETE 1
DELETE 2
DELETE 1
DELETE 2
DELETE 1
DELETE 2
DELETE 1
DELETE 2
DELETE 1
DELETE 2
DELETE 1
DELETE 0
DELETE 0
DELETE 2
DELETE 1
DELETE 2
DELETE 1
INSERT 0 0
INSERT 0 0
INSERT 0 0
INSERT 0 0
INSERT 0 0
INSERT 0 0
INSERT 0 0
INSERT 0 0
INSERT 0 0
INSERT 0 0
INSERT 0 0
INSERT 0 0
UPDATE 0
INSERT 0 0
UPDATE 0
INSERT 0 0
UPDATE 0
INSERT 0 0
UPDATE 0
INSERT 0 0
UPDATE 0
INSERT 0 0
UPDATE 0
INSERT 0 0
UPDATE 0
INSERT 0 0
UPDATE 0
INSERT 0 0
UPDATE 0
INSERT 0 0
UPDATE 0
INSERT 0 0
UPDATE 0
INSERT 0 0
UPDATE 0
INSERT 0 0
UPDATE 0
INSERT 0 0
UPDATE 0
UPDATE 0
UPDATE 0
UPDATE 0
UPDATE 0
UPDATE 0
UPDATE 0
UPDATE 0
UPDATE 0
UPDATE 0
UPDATE 0
UPDATE 0
UPDATE 0
UPDATE 0
UPDATE 0
UPDATE 0
UPDATE 0
UPDATE 0
UPDATE 0
UPDATE 0
UPDATE 0
UPDATE 0
UPDATE 0
UPDATE 0
UPDATE 0
UPDATE 0
UPDATE 1
INSERT 0 0
UPDATE 2
INSERT 0 0
UPDATE 2
INSERT 0 0
UPDATE 2
INSERT 0 0
UPDATE 2
INSERT 0 0
UPDATE 2
INSERT 0 0
UPDATE 2
INSERT 0 0
UPDATE 2
INSERT 0 0
UPDATE 2
INSERT 0 0
UPDATE 2
INSERT 0 0
UPDATE 2
INSERT 0 0
UPDATE 2
INSERT 0 0
UPDATE 2
INSERT 0 0
UPDATE 2
UPDATE 0
UPDATE 0
UPDATE 0
UPDATE 0
UPDATE 0
UPDATE 0
UPDATE 0
UPDATE 0
UPDATE 0
UPDATE 0
UPDATE 0
UPDATE 0
UPDATE 0
DELETE 0
UPDATE 1
INSERT 0 0
INSERT 0 0
INSERT 0 0
INSERT 0 0
INSERT 0 0
INSERT 0 0
UPDATE 1
UPDATE 1
UPDATE 1
UPDATE 1
UPDATE 1
UPDATE 1
UPDATE 1
UPDATE 1
UPDATE 1
UPDATE 1
UPDATE 1
UPDATE 1
UPDATE 1
UPDATE 1
UPDATE 1
UPDATE 1
UPDATE 1
UPDATE 1
UPDATE 1
UPDATE 1
UPDATE 1
UPDATE 1
UPDATE 1
UPDATE 1
UPDATE 1
UPDATE 1
UPDATE 1
UPDATE 1
UPDATE 1
UPDATE 1
UPDATE 1
UPDATE 1
UPDATE 1
UPDATE 1
                      register_migration_script                       
----------------------------------------------------------------------
 201303041621_TICKET-1001763_BankRegister.sql successfully registered
 201303041621_TICKET-1001763_BankRegister.sql was already applied
(2 filas)

                     filename                     
--------------------------------------------------
 201303041623_TICKET-1001763_ProductWhereUsed.sql
(1 fila)

CREATE VIEW
INSERT 0 0
INSERT 0 0
INSERT 0 0
INSERT 0 0
INSERT 0 0
INSERT 0 0
INSERT 0 0
INSERT 0 0
INSERT 0 0
INSERT 0 0
INSERT 0 0
INSERT 0 0
INSERT 0 0
INSERT 0 0
INSERT 0 0
INSERT 0 0
UPDATE 1
UPDATE 2
UPDATE 1
UPDATE 0
UPDATE 0
UPDATE 0
UPDATE 0
UPDATE 1
UPDATE 1
UPDATE 2
UPDATE 1
UPDATE 0
UPDATE 0
UPDATE 0
UPDATE 0
UPDATE 1
UPDATE 1
UPDATE 2
UPDATE 1
UPDATE 0
UPDATE 0
UPDATE 0
UPDATE 0
UPDATE 1
INSERT 0 0
INSERT 0 0
UPDATE 1
UPDATE 2
INSERT 0 0
INSERT 0 0
UPDATE 1
UPDATE 1
UPDATE 1
UPDATE 1
UPDATE 1
UPDATE 1
UPDATE 1
UPDATE 1
UPDATE 1
UPDATE 1
UPDATE 1
UPDATE 1
UPDATE 1
UPDATE 1
UPDATE 1
UPDATE 1
UPDATE 1
UPDATE 1
UPDATE 1
UPDATE 1
UPDATE 1
UPDATE 1
UPDATE 1
UPDATE 1
UPDATE 1
INSERT 0 0
UPDATE 2
INSERT 0 0
UPDATE 2
INSERT 0 0
UPDATE 2
INSERT 0 0
UPDATE 2
INSERT 0 0
UPDATE 2
INSERT 0 0
UPDATE 2
INSERT 0 0
UPDATE 2
INSERT 0 0
UPDATE 2
INSERT 0 0
UPDATE 2
INSERT 0 0
UPDATE 2
INSERT 0 0
UPDATE 2
INSERT 0 0
UPDATE 2
UPDATE 1
UPDATE 1
UPDATE 1
UPDATE 1
UPDATE 1
UPDATE 1
UPDATE 1
UPDATE 1
UPDATE 1
UPDATE 1
UPDATE 1
UPDATE 2
UPDATE 1
UPDATE 1
                        register_migration_script                         
--------------------------------------------------------------------------
 201303041623_TICKET-1001763_ProductWhereUsed.sql successfully registered
 201303041623_TICKET-1001763_ProductWhereUsed.sql was already applied
(2 filas)

                 filename                 
------------------------------------------
 201303041624_TICKET-1001763_FactView.sql
(1 fila)

INSERT 0 0
INSERT 0 0
CREATE VIEW
CREATE VIEW
INSERT 0 0
INSERT 0 0
INSERT 0 0
INSERT 0 0
INSERT 0 0
INSERT 0 0
INSERT 0 0
INSERT 0 0
INSERT 0 0
INSERT 0 0
INSERT 0 0
INSERT 0 0
INSERT 0 0
INSERT 0 0
INSERT 0 0
INSERT 0 0
INSERT 0 0
INSERT 0 0
INSERT 0 0
INSERT 0 0
INSERT 0 0
UPDATE 1
UPDATE 2
UPDATE 1
UPDATE 0
UPDATE 0
UPDATE 0
UPDATE 0
UPDATE 1
UPDATE 1
UPDATE 2
UPDATE 1
UPDATE 0
UPDATE 0
UPDATE 0
UPDATE 0
UPDATE 1
UPDATE 1
UPDATE 2
UPDATE 1
UPDATE 0
UPDATE 0
UPDATE 0
UPDATE 0
UPDATE 1
UPDATE 1
UPDATE 2
UPDATE 1
UPDATE 0
UPDATE 0
UPDATE 0
UPDATE 0
UPDATE 1
INSERT 0 0
INSERT 0 0
INSERT 0 0
INSERT 0 0
INSERT 0 0
INSERT 0 0
INSERT 0 0
INSERT 0 0
INSERT 0 0
INSERT 0 0
INSERT 0 0
INSERT 0 0
INSERT 0 0
INSERT 0 0
INSERT 0 0
INSERT 0 0
INSERT 0 0
INSERT 0 0
INSERT 0 0
INSERT 0 0
INSERT 0 0
INSERT 0 0
INSERT 0 0
INSERT 0 0
INSERT 0 0
INSERT 0 0
INSERT 0 0
INSERT 0 0
INSERT 0 0
INSERT 0 0
INSERT 0 0
INSERT 0 0
INSERT 0 0
INSERT 0 0
INSERT 0 0
INSERT 0 0
INSERT 0 0
INSERT 0 0
INSERT 0 0
INSERT 0 0
INSERT 0 0
INSERT 0 0
INSERT 0 0
INSERT 0 0
INSERT 0 0
INSERT 0 0
INSERT 0 0
INSERT 0 0
INSERT 0 0
INSERT 0 0
INSERT 0 0
INSERT 0 0
INSERT 0 0
INSERT 0 0
INSERT 0 0
INSERT 0 0
INSERT 0 0
INSERT 0 0
INSERT 0 0
INSERT 0 0
INSERT 0 0
INSERT 0 0
INSERT 0 0
INSERT 0 0
INSERT 0 0
INSERT 0 0
INSERT 0 0
INSERT 0 0
INSERT 0 0
INSERT 0 0
INSERT 0 0
INSERT 0 0
INSERT 0 0
INSERT 0 0
INSERT 0 0
UPDATE 1
UPDATE 2
UPDATE 1
UPDATE 0
UPDATE 0
UPDATE 0
UPDATE 0
UPDATE 1
UPDATE 1
UPDATE 2
UPDATE 1
UPDATE 0
UPDATE 0
UPDATE 0
UPDATE 0
UPDATE 1
UPDATE 1
UPDATE 2
UPDATE 1
UPDATE 0
UPDATE 0
UPDATE 0
UPDATE 0
UPDATE 1
UPDATE 1
UPDATE 2
UPDATE 1
UPDATE 0
UPDATE 0
UPDATE 0
UPDATE 0
UPDATE 1
UPDATE 1
UPDATE 2
UPDATE 1
UPDATE 0
UPDATE 0
UPDATE 0
UPDATE 0
UPDATE 1
UPDATE 1
UPDATE 2
UPDATE 1
UPDATE 0
UPDATE 0
UPDATE 0
UPDATE 0
UPDATE 1
UPDATE 1
UPDATE 2
UPDATE 1
UPDATE 0
UPDATE 0
UPDATE 0
UPDATE 0
UPDATE 1
UPDATE 1
UPDATE 2
UPDATE 1
UPDATE 0
UPDATE 0
UPDATE 0
UPDATE 0
UPDATE 1
UPDATE 1
UPDATE 2
UPDATE 1
UPDATE 0
UPDATE 0
UPDATE 0
UPDATE 0
UPDATE 1
UPDATE 1
UPDATE 2
UPDATE 1
UPDATE 0
UPDATE 0
UPDATE 0
UPDATE 0
UPDATE 1
UPDATE 1
UPDATE 2
UPDATE 1
UPDATE 0
UPDATE 0
UPDATE 0
UPDATE 0
UPDATE 1
UPDATE 1
UPDATE 2
UPDATE 1
UPDATE 0
UPDATE 0
UPDATE 0
UPDATE 0
UPDATE 1
UPDATE 1
UPDATE 2
UPDATE 1
UPDATE 0
UPDATE 0
UPDATE 0
UPDATE 0
UPDATE 1
UPDATE 1
UPDATE 2
UPDATE 1
UPDATE 0
UPDATE 0
UPDATE 0
UPDATE 0
UPDATE 1
UPDATE 1
UPDATE 2
UPDATE 1
UPDATE 0
UPDATE 0
UPDATE 0
UPDATE 0
UPDATE 1
UPDATE 1
UPDATE 2
UPDATE 1
UPDATE 0
UPDATE 0
UPDATE 0
UPDATE 0
UPDATE 1
UPDATE 1
UPDATE 2
UPDATE 1
UPDATE 0
UPDATE 0
UPDATE 0
UPDATE 0
UPDATE 1
UPDATE 1
UPDATE 2
UPDATE 1
UPDATE 0
UPDATE 0
UPDATE 0
UPDATE 0
UPDATE 1
UPDATE 1
UPDATE 2
UPDATE 1
UPDATE 0
UPDATE 0
UPDATE 0
UPDATE 0
UPDATE 1
UPDATE 1
UPDATE 2
UPDATE 1
UPDATE 0
UPDATE 0
UPDATE 0
UPDATE 0
UPDATE 1
UPDATE 1
UPDATE 2
UPDATE 1
UPDATE 0
UPDATE 0
UPDATE 0
UPDATE 0
UPDATE 1
UPDATE 1
UPDATE 2
UPDATE 1
UPDATE 0
UPDATE 0
UPDATE 0
UPDATE 0
UPDATE 1
UPDATE 1
UPDATE 2
UPDATE 1
UPDATE 0
UPDATE 0
UPDATE 0
UPDATE 0
UPDATE 1
UPDATE 1
UPDATE 2
UPDATE 1
UPDATE 0
UPDATE 0
UPDATE 0
UPDATE 0
UPDATE 1
UPDATE 1
UPDATE 2
UPDATE 1
UPDATE 0
UPDATE 0
UPDATE 0
UPDATE 0
UPDATE 1
UPDATE 1
UPDATE 2
UPDATE 1
UPDATE 0
UPDATE 0
UPDATE 0
UPDATE 0
UPDATE 1
UPDATE 1
UPDATE 2
UPDATE 1
UPDATE 0
UPDATE 0
UPDATE 0
UPDATE 0
UPDATE 1
UPDATE 1
UPDATE 2
UPDATE 1
UPDATE 0
UPDATE 0
UPDATE 0
UPDATE 0
UPDATE 1
UPDATE 1
UPDATE 2
UPDATE 1
UPDATE 0
UPDATE 0
UPDATE 0
UPDATE 0
UPDATE 1
UPDATE 1
UPDATE 2
UPDATE 1
UPDATE 0
UPDATE 0
UPDATE 0
UPDATE 0
UPDATE 1
UPDATE 1
UPDATE 2
UPDATE 1
UPDATE 0
UPDATE 0
UPDATE 0
UPDATE 0
UPDATE 1
UPDATE 1
UPDATE 2
UPDATE 1
UPDATE 0
UPDATE 0
UPDATE 0
UPDATE 0
UPDATE 1
INSERT 0 0
INSERT 0 0
INSERT 0 0
INSERT 0 0
INSERT 0 0
INSERT 0 0
INSERT 0 0
UPDATE 1
INSERT 0 0
UPDATE 2
INSERT 0 0
UPDATE 2
INSERT 0 0
UPDATE 2
INSERT 0 0
UPDATE 2
INSERT 0 0
UPDATE 2
INSERT 0 0
UPDATE 2
INSERT 0 0
UPDATE 2
INSERT 0 0
UPDATE 2
INSERT 0 0
UPDATE 2
INSERT 0 0
UPDATE 2
INSERT 0 0
UPDATE 2
INSERT 0 0
UPDATE 2
INSERT 0 0
UPDATE 2
INSERT 0 0
UPDATE 2
INSERT 0 0
UPDATE 2
INSERT 0 0
UPDATE 2
INSERT 0 0
UPDATE 2
UPDATE 1
UPDATE 1
UPDATE 1
UPDATE 1
UPDATE 1
UPDATE 1
UPDATE 1
UPDATE 1
UPDATE 1
UPDATE 1
UPDATE 1
UPDATE 1
UPDATE 1
UPDATE 1
UPDATE 1
UPDATE 1
INSERT 0 0
UPDATE 2
INSERT 0 0
UPDATE 2
INSERT 0 0
UPDATE 2
INSERT 0 0
UPDATE 2
INSERT 0 0
UPDATE 2
INSERT 0 0
UPDATE 2
INSERT 0 0
UPDATE 2
INSERT 0 0
UPDATE 2
INSERT 0 0
UPDATE 2
INSERT 0 0
UPDATE 2
INSERT 0 0
UPDATE 2
INSERT 0 0
UPDATE 2
INSERT 0 0
UPDATE 2
INSERT 0 0
UPDATE 2
INSERT 0 0
UPDATE 2
INSERT 0 0
UPDATE 2
INSERT 0 0
UPDATE 2
INSERT 0 0
UPDATE 2
INSERT 0 0
UPDATE 2
INSERT 0 0
UPDATE 2
INSERT 0 0
UPDATE 2
INSERT 0 0
UPDATE 2
INSERT 0 0
UPDATE 2
INSERT 0 0
UPDATE 2
INSERT 0 0
UPDATE 2
INSERT 0 0
UPDATE 2
INSERT 0 0
UPDATE 2
INSERT 0 0
UPDATE 2
INSERT 0 0
UPDATE 2
INSERT 0 0
UPDATE 2
INSERT 0 0
UPDATE 2
INSERT 0 0
UPDATE 2
INSERT 0 0
UPDATE 2
INSERT 0 0
UPDATE 2
INSERT 0 0
UPDATE 2
INSERT 0 0
UPDATE 2
INSERT 0 0
UPDATE 2
INSERT 0 0
UPDATE 2
INSERT 0 0
UPDATE 2
INSERT 0 0
UPDATE 2
INSERT 0 0
UPDATE 2
INSERT 0 0
UPDATE 2
INSERT 0 0
UPDATE 2
UPDATE 1
UPDATE 1
UPDATE 1
UPDATE 1
UPDATE 1
UPDATE 1
UPDATE 1
UPDATE 1
UPDATE 1
UPDATE 1
UPDATE 1
UPDATE 1
UPDATE 1
UPDATE 1
UPDATE 1
UPDATE 1
UPDATE 1
UPDATE 1
UPDATE 1
UPDATE 1
UPDATE 1
UPDATE 1
UPDATE 1
UPDATE 1
UPDATE 1
UPDATE 1
UPDATE 1
UPDATE 1
UPDATE 1
UPDATE 1
UPDATE 1
UPDATE 1
UPDATE 1
UPDATE 1
UPDATE 1
UPDATE 1
UPDATE 1
UPDATE 1
UPDATE 1
UPDATE 1
UPDATE 1
UPDATE 1
UPDATE 1
INSERT 0 0
INSERT 0 0
INSERT 0 0
INSERT 0 0
UPDATE 1
UPDATE 1
UPDATE 1
UPDATE 1
UPDATE 1
UPDATE 1
UPDATE 1
UPDATE 1
UPDATE 1
UPDATE 1
UPDATE 1
UPDATE 1
UPDATE 1
UPDATE 1
UPDATE 1
UPDATE 1
UPDATE 1
UPDATE 1
UPDATE 1
UPDATE 1
UPDATE 1
UPDATE 1
UPDATE 1
UPDATE 1
UPDATE 1
UPDATE 1
UPDATE 1
UPDATE 1
UPDATE 1
UPDATE 1
UPDATE 1
UPDATE 1
UPDATE 1
INSERT 0 1
INSERT 0 2
INSERT 0 1
UPDATE 1
UPDATE 1
UPDATE 1
UPDATE 1
DELETE 2
DELETE 1
UPDATE 1
UPDATE 1
UPDATE 2
UPDATE 0
UPDATE 0
UPDATE 0
UPDATE 1
UPDATE 1
INSERT 0 0
INSERT 0 0
                    register_migration_script                     
------------------------------------------------------------------
 201303041624_TICKET-1001763_FactView.sql successfully registered
 201303041624_TICKET-1001763_FactView.sql was already applied
(2 filas)

            filename            
--------------------------------
 201303050754_IDEMPIERE-673.sql
(1 fila)

INSERT 0 0
INSERT 0 0
INSERT 0 0
UPDATE 1
UPDATE 1
UPDATE 1
UPDATE 1
UPDATE 1
UPDATE 1
UPDATE 1
UPDATE 1
               register_migration_script                
--------------------------------------------------------
 201303050754_IDEMPIERE-673.sql successfully registered
 201303050754_IDEMPIERE-673.sql was already applied
(2 filas)

            filename            
--------------------------------
 201303050820_IDEMPIERE-674.sql
(1 fila)

INSERT 0 0
INSERT 0 0
UPDATE 1
INSERT 0 0
UPDATE 1
UPDATE 1
UPDATE 1
UPDATE 1
UPDATE 1
UPDATE 1
UPDATE 1
UPDATE 1
UPDATE 1
UPDATE 1
UPDATE 1
UPDATE 1
UPDATE 1
UPDATE 1
UPDATE 1
UPDATE 1
UPDATE 1
UPDATE 1
UPDATE 1
UPDATE 1
UPDATE 1
UPDATE 1
UPDATE 1
UPDATE 1
UPDATE 1
UPDATE 1
UPDATE 1
UPDATE 1
UPDATE 1
UPDATE 1
UPDATE 1
UPDATE 1
UPDATE 1
UPDATE 1
UPDATE 1
               register_migration_script                
--------------------------------------------------------
 201303050820_IDEMPIERE-674.sql successfully registered
 201303050820_IDEMPIERE-674.sql was already applied
(2 filas)

            filename            
--------------------------------
 201303051733_IDEMPIERE-347.sql
(1 fila)

UPDATE 1
               register_migration_script                
--------------------------------------------------------
 201303051733_IDEMPIERE-347.sql successfully registered
 201303051733_IDEMPIERE-347.sql was already applied
(2 filas)

            filename             
---------------------------------
 201303061816_TICKET-1002354.sql
(1 fila)

INSERT 0 0
UPDATE 1
                register_migration_script                
---------------------------------------------------------
 201303061816_TICKET-1002354.sql successfully registered
 201303061816_TICKET-1002354.sql was already applied
(2 filas)

            filename            
--------------------------------
 201303062333_IDEMPIERE-698.sql
(1 fila)

INSERT 0 0
               register_migration_script                
--------------------------------------------------------
 201303062333_IDEMPIERE-698.sql successfully registered
 201303062333_IDEMPIERE-698.sql was already applied
(2 filas)

            filename            
--------------------------------
 201303071224_IDEMPIERE-704.sql
(1 fila)

INSERT 0 0
INSERT 0 0
               register_migration_script                
--------------------------------------------------------
 201303071224_IDEMPIERE-704.sql successfully registered
 201303071224_IDEMPIERE-704.sql was already applied
(2 filas)

            filename            
--------------------------------
 201303071741_IDEMPIERE-626.sql
(1 fila)

UPDATE 1
 altercolumn 
-------------
 
(1 fila)

INSERT 0 0
UPDATE 0
UPDATE 1
 altercolumn 
-------------
 
(1 fila)

INSERT 0 0
UPDATE 0
               register_migration_script                
--------------------------------------------------------
 201303071741_IDEMPIERE-626.sql successfully registered
 201303071741_IDEMPIERE-626.sql was already applied
(2 filas)

            filename            
--------------------------------
 201303081134_IDEMPIERE-714.sql
(1 fila)

UPDATE 1
UPDATE 1
UPDATE 1
UPDATE 1
UPDATE 1
UPDATE 1
UPDATE 1
UPDATE 1
UPDATE 1
UPDATE 1
               register_migration_script                
--------------------------------------------------------
 201303081134_IDEMPIERE-714.sql successfully registered
 201303081134_IDEMPIERE-714.sql was already applied
(2 filas)

            filename            
--------------------------------
 201303102231_IDEMPIERE-717.sql
(1 fila)

INSERT 0 0
INSERT 0 0
INSERT 0 0
INSERT 0 0
               register_migration_script                
--------------------------------------------------------
 201303102231_IDEMPIERE-717.sql successfully registered
 201303102231_IDEMPIERE-717.sql was already applied
(2 filas)

            filename            
--------------------------------
 201303102242_IDEMPIERE-594.sql
(1 fila)

UPDATE 1
INSERT 0 0
UPDATE 1
UPDATE 1
UPDATE 1
UPDATE 1
UPDATE 1
UPDATE 1
UPDATE 1
UPDATE 1
UPDATE 1
UPDATE 1
UPDATE 1
UPDATE 1
INSERT 0 0
UPDATE 1
UPDATE 1
UPDATE 1
UPDATE 1
UPDATE 1
UPDATE 1
UPDATE 1
UPDATE 1
UPDATE 1
               register_migration_script                
--------------------------------------------------------
 201303102242_IDEMPIERE-594.sql successfully registered
 201303102242_IDEMPIERE-594.sql was already applied
(2 filas)

            filename            
--------------------------------
 201303120925-IDEMPIERE-724.sql
(1 fila)

UPDATE 1
               register_migration_script                
--------------------------------------------------------
 201303120925-IDEMPIERE-724.sql successfully registered
 201303120925-IDEMPIERE-724.sql was already applied
(2 filas)

            filename            
--------------------------------
 201303121104_IDEMPIERE-166.sql
(1 fila)

UPDATE 1
               register_migration_script                
--------------------------------------------------------
 201303121104_IDEMPIERE-166.sql successfully registered
 201303121104_IDEMPIERE-166.sql was already applied
(2 filas)

            filename            
--------------------------------
 201303121619_IDEMPIERE-726.sql
(1 fila)

INSERT 0 0
INSERT 0 0
INSERT 0 0
UPDATE 1
UPDATE 1
UPDATE 1
UPDATE 1
UPDATE 1
UPDATE 1
UPDATE 1
UPDATE 1
UPDATE 1
UPDATE 1
UPDATE 1
UPDATE 1
UPDATE 1
UPDATE 1
UPDATE 1
UPDATE 1
UPDATE 1
UPDATE 1
UPDATE 1
               register_migration_script                
--------------------------------------------------------
 201303121619_IDEMPIERE-726.sql successfully registered
 201303121619_IDEMPIERE-726.sql was already applied
(2 filas)

            filename            
--------------------------------
 201303121637_IDEMPIERE-626.sql
(1 fila)

UPDATE 1
UPDATE 1
UPDATE 1
UPDATE 1
UPDATE 1
UPDATE 1
UPDATE 1
UPDATE 1
UPDATE 1
UPDATE 1
UPDATE 1
UPDATE 1
UPDATE 1
UPDATE 1
UPDATE 1
UPDATE 1
UPDATE 1
UPDATE 1
UPDATE 1
UPDATE 1
UPDATE 1
UPDATE 1
UPDATE 1
UPDATE 1
UPDATE 1
UPDATE 1
UPDATE 1
UPDATE 1
UPDATE 1
UPDATE 1
UPDATE 1
UPDATE 1
UPDATE 1
UPDATE 1
UPDATE 1
UPDATE 1
UPDATE 1
UPDATE 1
UPDATE 1
UPDATE 1
UPDATE 1
UPDATE 1
UPDATE 1
UPDATE 1
UPDATE 1
UPDATE 1
UPDATE 1
UPDATE 1
UPDATE 1
UPDATE 1
UPDATE 1
UPDATE 1
UPDATE 1
UPDATE 1
UPDATE 1
UPDATE 1
UPDATE 1
UPDATE 1
UPDATE 1
UPDATE 1
UPDATE 1
UPDATE 1
UPDATE 1
UPDATE 1
UPDATE 1
UPDATE 1
UPDATE 1
UPDATE 1
UPDATE 1
UPDATE 1
UPDATE 1
UPDATE 1
UPDATE 1
UPDATE 1
UPDATE 1
UPDATE 1
UPDATE 1
UPDATE 1
UPDATE 1
UPDATE 1
UPDATE 1
UPDATE 1
UPDATE 1
UPDATE 1
UPDATE 1
UPDATE 1
UPDATE 1
UPDATE 1
UPDATE 1
UPDATE 1
UPDATE 1
UPDATE 1
UPDATE 1
UPDATE 1
UPDATE 1
UPDATE 1
UPDATE 1
UPDATE 1
UPDATE 1
UPDATE 1
UPDATE 1
UPDATE 1
UPDATE 1
UPDATE 1
UPDATE 1
UPDATE 1
UPDATE 1
UPDATE 1
UPDATE 1
UPDATE 1
UPDATE 1
UPDATE 1
UPDATE 1
UPDATE 1
UPDATE 1
UPDATE 1
UPDATE 1
UPDATE 1
UPDATE 1
UPDATE 1
UPDATE 1
UPDATE 1
UPDATE 1
UPDATE 1
UPDATE 1
UPDATE 1
UPDATE 1
UPDATE 1
UPDATE 1
UPDATE 1
UPDATE 1
UPDATE 1
UPDATE 1
UPDATE 1
UPDATE 1
UPDATE 1
UPDATE 1
UPDATE 1
UPDATE 1
UPDATE 1
UPDATE 1
UPDATE 1
UPDATE 1
UPDATE 1
UPDATE 1
UPDATE 1
UPDATE 1
UPDATE 1
UPDATE 1
UPDATE 1
UPDATE 1
UPDATE 1
UPDATE 1
UPDATE 1
UPDATE 1
UPDATE 1
UPDATE 1
UPDATE 1
UPDATE 1
UPDATE 1
UPDATE 1
UPDATE 1
UPDATE 1
UPDATE 1
UPDATE 1
UPDATE 1
UPDATE 1
UPDATE 1
UPDATE 1
UPDATE 1
UPDATE 1
UPDATE 1
UPDATE 1
UPDATE 1
UPDATE 1
UPDATE 1
UPDATE 1
UPDATE 1
UPDATE 1
UPDATE 1
UPDATE 1
UPDATE 1
UPDATE 1
UPDATE 1
UPDATE 1
UPDATE 1
UPDATE 1
UPDATE 1
UPDATE 1
UPDATE 1
UPDATE 1
UPDATE 1
UPDATE 1
UPDATE 1
UPDATE 1
UPDATE 1
UPDATE 1
UPDATE 1
UPDATE 1
UPDATE 1
UPDATE 1
UPDATE 1
UPDATE 1
UPDATE 1
UPDATE 1
UPDATE 1
UPDATE 1
UPDATE 1
UPDATE 1
               register_migration_script                
--------------------------------------------------------
 201303121637_IDEMPIERE-626.sql successfully registered
 201303121637_IDEMPIERE-626.sql was already applied
(2 filas)

            filename             
---------------------------------
 201303131539_TICKET-1002211.sql
(1 fila)

INSERT 0 0
UPDATE 1
UPDATE 1
UPDATE 1
UPDATE 1
UPDATE 1
UPDATE 1
INSERT 0 0
INSERT 0 0
INSERT 0 0
INSERT 0 0
INSERT 0 0
INSERT 0 0
INSERT 0 0
INSERT 0 0
INSERT 0 0
INSERT 0 0
INSERT 0 0
INSERT 0 0
UPDATE 1
UPDATE 1
UPDATE 1
UPDATE 1
UPDATE 1
UPDATE 1
UPDATE 1
UPDATE 1
UPDATE 1
UPDATE 1
UPDATE 1
UPDATE 1
UPDATE 1
UPDATE 1
UPDATE 1
UPDATE 1
UPDATE 1
UPDATE 1
UPDATE 1
UPDATE 1
UPDATE 1
UPDATE 1
UPDATE 1
UPDATE 1
UPDATE 1
UPDATE 1
UPDATE 1
UPDATE 1
UPDATE 1
UPDATE 1
UPDATE 1
UPDATE 1
UPDATE 1
UPDATE 1
UPDATE 1
UPDATE 1
UPDATE 1
UPDATE 1
UPDATE 1
UPDATE 1
UPDATE 1
UPDATE 1
UPDATE 1
UPDATE 1
UPDATE 1
UPDATE 1
UPDATE 1
UPDATE 1
UPDATE 1
UPDATE 1
UPDATE 1
UPDATE 1
UPDATE 1
UPDATE 1
UPDATE 1
UPDATE 1
UPDATE 1
UPDATE 1
UPDATE 1
UPDATE 1
UPDATE 1
UPDATE 1
UPDATE 1
UPDATE 1
UPDATE 1
UPDATE 1
UPDATE 1
UPDATE 1
UPDATE 1
UPDATE 1
UPDATE 1
UPDATE 1
UPDATE 1
UPDATE 1
UPDATE 1
                register_migration_script                
---------------------------------------------------------
 201303131539_TICKET-1002211.sql successfully registered
 201303131539_TICKET-1002211.sql was already applied
(2 filas)

            filename            
--------------------------------
 201303131830_IDEMPIERE-661.sql
(1 fila)

UPDATE 1
UPDATE 0
UPDATE 1
               register_migration_script                
--------------------------------------------------------
 201303131830_IDEMPIERE-661.sql successfully registered
 201303131830_IDEMPIERE-661.sql was already applied
(2 filas)

            filename            
--------------------------------
 201303150600_IDEMPIERE-708.sql
(1 fila)

CREATE FUNCTION
               register_migration_script                
--------------------------------------------------------
 201303150600_IDEMPIERE-708.sql successfully registered
 201303150600_IDEMPIERE-708.sql was already applied
(2 filas)

            filename            
--------------------------------
 201303151018_IDEMPIERE-752.sql
(1 fila)

               register_migration_script                
--------------------------------------------------------
 201303151018_IDEMPIERE-752.sql successfully registered
 201303151018_IDEMPIERE-752.sql was already applied
(2 filas)

            filename            
--------------------------------
 201303151137_IDEMPIERE-765.sql
(1 fila)

               register_migration_script                
--------------------------------------------------------
 201303151137_IDEMPIERE-765.sql successfully registered
 201303151137_IDEMPIERE-765.sql was already applied
(2 filas)

            filename            
--------------------------------
 201303151727_IDEMPIERE-489.sql
(1 fila)

SET
INSERT 0 0
INSERT 0 0
UPDATE 1
 altercolumn 
-------------
 
(1 fila)

INSERT 0 0
UPDATE 109
 altercolumn 
-------------
 
(1 fila)

INSERT 0 0
INSERT 0 0
INSERT 0 0
INSERT 0 0
UPDATE 1
UPDATE 1
UPDATE 1
UPDATE 1
UPDATE 1
UPDATE 1
UPDATE 1
UPDATE 1
UPDATE 1
UPDATE 1
UPDATE 1
UPDATE 1
UPDATE 1
UPDATE 1
UPDATE 1
UPDATE 1
UPDATE 1
UPDATE 1
UPDATE 1
UPDATE 1
UPDATE 1
UPDATE 1
UPDATE 1
UPDATE 1
UPDATE 1
UPDATE 1
UPDATE 1
UPDATE 1
UPDATE 1
UPDATE 1
UPDATE 1
UPDATE 1
 altercolumn 
-------------
 
(1 fila)

INSERT 0 0
 altercolumn 
-------------
 
(1 fila)

INSERT 0 0
UPDATE 109
UPDATE 1
UPDATE 1
UPDATE 1
UPDATE 1
UPDATE 1
UPDATE 1
UPDATE 1
UPDATE 1
UPDATE 1
UPDATE 1
UPDATE 1
UPDATE 1
UPDATE 1
UPDATE 1
UPDATE 1
UPDATE 1
UPDATE 1
UPDATE 1
UPDATE 1
UPDATE 1
UPDATE 1
UPDATE 1
UPDATE 1
UPDATE 1
UPDATE 1
UPDATE 1
UPDATE 1
UPDATE 1
UPDATE 1
UPDATE 1
UPDATE 1
UPDATE 1
UPDATE 1
UPDATE 1
UPDATE 1
UPDATE 1
UPDATE 1
UPDATE 1
UPDATE 1
UPDATE 1
UPDATE 1
UPDATE 1
UPDATE 1
UPDATE 1
UPDATE 1
UPDATE 1
UPDATE 1
UPDATE 1
               register_migration_script                
--------------------------------------------------------
 201303151727_IDEMPIERE-489.sql successfully registered
 201303151727_IDEMPIERE-489.sql was already applied
(2 filas)

            filename            
--------------------------------
 201303171552_IDEMPIERE-747.sql
(1 fila)

UPDATE 1
UPDATE 2
               register_migration_script                
--------------------------------------------------------
 201303171552_IDEMPIERE-747.sql successfully registered
 201303171552_IDEMPIERE-747.sql was already applied
(2 filas)

            filename            
--------------------------------
 201303180337_IDEMPIERE-362.sql
(1 fila)

UPDATE 1
UPDATE 1
UPDATE 1
               register_migration_script                
--------------------------------------------------------
 201303180337_IDEMPIERE-362.sql successfully registered
 201303180337_IDEMPIERE-362.sql was already applied
(2 filas)

            filename            
--------------------------------
 201303181045_IDEMPIERE-704.sql
(1 fila)

UPDATE 1
UPDATE 1
               register_migration_script                
--------------------------------------------------------
 201303181045_IDEMPIERE-704.sql successfully registered
 201303181045_IDEMPIERE-704.sql was already applied
(2 filas)

            filename            
--------------------------------
 201303181330_IDEMPIERE-764.sql
(1 fila)

UPDATE 1
UPDATE 1
UPDATE 1
UPDATE 3
UPDATE 0
UPDATE 0
UPDATE 0
UPDATE 1
UPDATE 2
UPDATE 1
UPDATE 0
UPDATE 0
UPDATE 0
UPDATE 1
UPDATE 0
UPDATE 1
UPDATE 1
UPDATE 0
UPDATE 0
UPDATE 0
DROP FUNCTION
CREATE FUNCTION
UPDATE 1
UPDATE 1
UPDATE 1
               register_migration_script                
--------------------------------------------------------
 201303181330_IDEMPIERE-764.sql successfully registered
 201303181330_IDEMPIERE-764.sql was already applied
(2 filas)

            filename            
--------------------------------
 201303181413_IDEMPIERE-764.sql
(1 fila)

UPDATE 1
UPDATE 2
UPDATE 1
UPDATE 1
UPDATE 2
UPDATE 1
UPDATE 0
UPDATE 0
UPDATE 0
UPDATE 1
UPDATE 0
UPDATE 1
UPDATE 2
UPDATE 1
UPDATE 0
UPDATE 0
UPDATE 0
UPDATE 1
UPDATE 0
               register_migration_script                
--------------------------------------------------------
 201303181413_IDEMPIERE-764.sql successfully registered
 201303181413_IDEMPIERE-764.sql was already applied
(2 filas)

            filename            
--------------------------------
 201303181447_IDEMPIERE-764.sql
(1 fila)

UPDATE 1
UPDATE 1
UPDATE 1
UPDATE 1
UPDATE 1
UPDATE 3
UPDATE 0
UPDATE 0
UPDATE 0
UPDATE 1
UPDATE 1
UPDATE 0
UPDATE 0
UPDATE 0
UPDATE 1
UPDATE 2
UPDATE 1
UPDATE 0
UPDATE 0
UPDATE 0
UPDATE 1
UPDATE 0
UPDATE 1
UPDATE 2
UPDATE 1
UPDATE 0
UPDATE 0
UPDATE 0
UPDATE 1
UPDATE 0
UPDATE 1
               register_migration_script                
--------------------------------------------------------
 201303181447_IDEMPIERE-764.sql successfully registered
 201303181447_IDEMPIERE-764.sql was already applied
(2 filas)

            filename            
--------------------------------
 201303181543_IDEMPIERE-764.sql
(1 fila)

UPDATE 1
UPDATE 1
UPDATE 1
UPDATE 1
UPDATE 0
UPDATE 0
UPDATE 0
UPDATE 1
UPDATE 2
UPDATE 1
UPDATE 0
UPDATE 0
UPDATE 0
UPDATE 1
UPDATE 0
               register_migration_script                
--------------------------------------------------------
 201303181543_IDEMPIERE-764.sql successfully registered
 201303181543_IDEMPIERE-764.sql was already applied
(2 filas)

            filename            
--------------------------------
 201303181615_IDEMPIERE-764.sql
(1 fila)

UPDATE 1
UPDATE 1
UPDATE 43
UPDATE 1
UPDATE 43
UPDATE 1
UPDATE 2
UPDATE 1
               register_migration_script                
--------------------------------------------------------
 201303181615_IDEMPIERE-764.sql successfully registered
 201303181615_IDEMPIERE-764.sql was already applied
(2 filas)

            filename            
--------------------------------
 201303181636_IDEMPIERE-764.sql
(1 fila)

UPDATE 1
UPDATE 1
UPDATE 1
UPDATE 1
UPDATE 1
UPDATE 1
UPDATE 1
UPDATE 1
UPDATE 1
UPDATE 1
UPDATE 1
UPDATE 1
UPDATE 5
UPDATE 0
UPDATE 1
UPDATE 0
UPDATE 1
UPDATE 2
UPDATE 0
UPDATE 0
UPDATE 0
UPDATE 1
UPDATE 2
UPDATE 1
UPDATE 0
UPDATE 0
UPDATE 0
UPDATE 2
UPDATE 0
UPDATE 1
UPDATE 2
UPDATE 0
UPDATE 0
UPDATE 0
UPDATE 1
UPDATE 2
UPDATE 1
UPDATE 0
UPDATE 0
UPDATE 0
UPDATE 2
UPDATE 0
UPDATE 1
UPDATE 2
UPDATE 0
UPDATE 0
UPDATE 0
UPDATE 1
UPDATE 2
UPDATE 1
UPDATE 0
UPDATE 0
UPDATE 0
UPDATE 2
UPDATE 0
UPDATE 1
UPDATE 2
UPDATE 1
UPDATE 0
UPDATE 0
UPDATE 0
UPDATE 2
UPDATE 0
UPDATE 1
UPDATE 3
UPDATE 0
UPDATE 0
UPDATE 0
UPDATE 1
UPDATE 2
UPDATE 1
UPDATE 0
UPDATE 0
UPDATE 0
UPDATE 1
UPDATE 0
UPDATE 1
UPDATE 1
UPDATE 1
UPDATE 1
               register_migration_script                
--------------------------------------------------------
 201303181636_IDEMPIERE-764.sql successfully registered
 201303181636_IDEMPIERE-764.sql was already applied
(2 filas)

            filename             
---------------------------------
 201303191127_TICKET-1001025.sql
(1 fila)

DROP VIEW
CREATE VIEW
DROP VIEW
CREATE VIEW
DROP VIEW
CREATE VIEW
DROP VIEW
CREATE VIEW
DROP VIEW
CREATE VIEW
DROP VIEW
CREATE VIEW
DROP VIEW
CREATE VIEW
DROP VIEW
CREATE VIEW
CREATE VIEW
DROP VIEW
CREATE VIEW
DROP VIEW
CREATE VIEW
DROP VIEW
CREATE VIEW
DROP VIEW
CREATE VIEW
CREATE VIEW
DROP VIEW
CREATE VIEW
DROP VIEW
CREATE VIEW
DROP VIEW
CREATE VIEW
DROP VIEW
CREATE VIEW
DROP VIEW
CREATE VIEW
DROP VIEW
CREATE VIEW
DROP VIEW
CREATE VIEW
DROP VIEW
CREATE VIEW
DROP VIEW
CREATE VIEW
DROP VIEW
CREATE VIEW
DROP VIEW
CREATE VIEW
DROP VIEW
CREATE VIEW
DROP VIEW
CREATE VIEW
DROP VIEW
CREATE VIEW
DROP VIEW
CREATE VIEW
DROP VIEW
CREATE VIEW
DROP VIEW
CREATE VIEW
DROP VIEW
CREATE VIEW
CREATE VIEW
CREATE VIEW
DROP VIEW
CREATE VIEW
CREATE VIEW
DROP VIEW
CREATE VIEW
DROP VIEW
CREATE VIEW
DROP VIEW
CREATE VIEW
DROP VIEW
CREATE VIEW
DROP VIEW
CREATE VIEW
CREATE VIEW
DROP VIEW
CREATE VIEW
DROP VIEW
CREATE VIEW
CREATE VIEW
                register_migration_script                
---------------------------------------------------------
 201303191127_TICKET-1001025.sql successfully registered
 201303191127_TICKET-1001025.sql was already applied
(2 filas)

            filename             
---------------------------------
 201303191132_TICKET-1001025.sql
(1 fila)

INSERT 0 0
INSERT 0 0
INSERT 0 0
INSERT 0 0
INSERT 0 0
INSERT 0 0
INSERT 0 0
INSERT 0 0
INSERT 0 0
INSERT 0 0
INSERT 0 0
INSERT 0 0
INSERT 0 0
INSERT 0 0
INSERT 0 0
INSERT 0 0
INSERT 0 0
INSERT 0 0
INSERT 0 0
INSERT 0 0
INSERT 0 0
INSERT 0 0
INSERT 0 0
INSERT 0 0
INSERT 0 0
INSERT 0 0
INSERT 0 0
INSERT 0 0
INSERT 0 0
INSERT 0 0
INSERT 0 0
INSERT 0 0
INSERT 0 0
INSERT 0 0
INSERT 0 0
INSERT 0 0
INSERT 0 0
INSERT 0 0
INSERT 0 0
INSERT 0 0
INSERT 0 0
INSERT 0 0
INSERT 0 0
INSERT 0 0
INSERT 0 0
INSERT 0 0
INSERT 0 0
INSERT 0 0
INSERT 0 0
INSERT 0 0
INSERT 0 0
INSERT 0 0
INSERT 0 0
INSERT 0 0
INSERT 0 0
INSERT 0 0
INSERT 0 0
INSERT 0 0
INSERT 0 0
INSERT 0 0
INSERT 0 0
INSERT 0 0
INSERT 0 0
INSERT 0 0
INSERT 0 0
INSERT 0 0
INSERT 0 0
INSERT 0 0
INSERT 0 0
INSERT 0 0
INSERT 0 0
INSERT 0 0
INSERT 0 0
INSERT 0 0
INSERT 0 0
INSERT 0 0
INSERT 0 0
INSERT 0 0
INSERT 0 0
INSERT 0 0
INSERT 0 0
INSERT 0 0
INSERT 0 0
INSERT 0 0
INSERT 0 0
INSERT 0 0
INSERT 0 0
INSERT 0 0
INSERT 0 0
INSERT 0 0
INSERT 0 0
INSERT 0 0
INSERT 0 0
INSERT 0 0
INSERT 0 0
INSERT 0 0
INSERT 0 0
INSERT 0 0
INSERT 0 0
INSERT 0 0
INSERT 0 0
INSERT 0 0
INSERT 0 0
INSERT 0 0
INSERT 0 0
INSERT 0 0
INSERT 0 0
INSERT 0 0
INSERT 0 0
INSERT 0 0
INSERT 0 0
INSERT 0 0
INSERT 0 0
INSERT 0 0
INSERT 0 0
INSERT 0 0
INSERT 0 0
INSERT 0 0
INSERT 0 0
INSERT 0 0
INSERT 0 0
INSERT 0 0
INSERT 0 0
INSERT 0 0
INSERT 0 0
INSERT 0 0
INSERT 0 0
INSERT 0 0
INSERT 0 0
INSERT 0 0
INSERT 0 0
INSERT 0 0
INSERT 0 0
INSERT 0 0
INSERT 0 0
INSERT 0 0
INSERT 0 1
INSERT 0 2
INSERT 0 0
INSERT 0 0
INSERT 0 0
INSERT 0 0
INSERT 0 0
INSERT 0 0
INSERT 0 0
INSERT 0 0
INSERT 0 0
INSERT 0 0
INSERT 0 0
INSERT 0 0
INSERT 0 0
INSERT 0 0
INSERT 0 0
INSERT 0 0
INSERT 0 0
INSERT 0 0
INSERT 0 0
INSERT 0 0
INSERT 0 0
INSERT 0 0
INSERT 0 0
INSERT 0 0
INSERT 0 0
INSERT 0 0
INSERT 0 0
INSERT 0 0
INSERT 0 0
INSERT 0 0
INSERT 0 0
INSERT 0 0
INSERT 0 0
INSERT 0 0
INSERT 0 0
INSERT 0 0
INSERT 0 0
INSERT 0 0
INSERT 0 0
INSERT 0 0
INSERT 0 0
INSERT 0 0
INSERT 0 0
INSERT 0 0
INSERT 0 0
INSERT 0 0
INSERT 0 0
INSERT 0 0
INSERT 0 0
INSERT 0 0
INSERT 0 0
INSERT 0 0
INSERT 0 0
INSERT 0 0
INSERT 0 0
INSERT 0 0
INSERT 0 0
INSERT 0 0
INSERT 0 0
INSERT 0 0
INSERT 0 0
INSERT 0 0
INSERT 0 0
INSERT 0 0
INSERT 0 0
INSERT 0 0
INSERT 0 0
INSERT 0 0
INSERT 0 0
INSERT 0 0
INSERT 0 0
INSERT 0 0
INSERT 0 0
INSERT 0 0
INSERT 0 0
INSERT 0 0
INSERT 0 0
INSERT 0 0
INSERT 0 0
INSERT 0 0
INSERT 0 0
INSERT 0 0
INSERT 0 0
INSERT 0 0
INSERT 0 0
INSERT 0 0
INSERT 0 0
INSERT 0 0
INSERT 0 0
INSERT 0 0
INSERT 0 0
INSERT 0 0
INSERT 0 0
INSERT 0 0
INSERT 0 0
INSERT 0 1
INSERT 0 2
INSERT 0 0
INSERT 0 0
INSERT 0 0
INSERT 0 1
INSERT 0 2
INSERT 0 0
INSERT 0 0
INSERT 0 0
INSERT 0 0
INSERT 0 0
INSERT 0 0
INSERT 0 0
INSERT 0 0
INSERT 0 0
INSERT 0 0
INSERT 0 0
INSERT 0 0
INSERT 0 0
INSERT 0 0
INSERT 0 0
INSERT 0 0
INSERT 0 0
INSERT 0 0
INSERT 0 0
INSERT 0 0
INSERT 0 0
INSERT 0 0
INSERT 0 0
INSERT 0 0
INSERT 0 0
INSERT 0 0
INSERT 0 0
INSERT 0 0
INSERT 0 0
INSERT 0 0
INSERT 0 0
INSERT 0 0
INSERT 0 0
INSERT 0 0
INSERT 0 0
INSERT 0 0
INSERT 0 0
INSERT 0 0
INSERT 0 0
INSERT 0 0
INSERT 0 0
INSERT 0 0
INSERT 0 0
INSERT 0 0
INSERT 0 0
INSERT 0 0
INSERT 0 0
INSERT 0 0
INSERT 0 0
INSERT 0 0
INSERT 0 0
INSERT 0 0
INSERT 0 0
INSERT 0 0
INSERT 0 0
INSERT 0 0
INSERT 0 0
INSERT 0 0
INSERT 0 0
INSERT 0 0
INSERT 0 0
INSERT 0 0
INSERT 0 0
INSERT 0 0
INSERT 0 0
INSERT 0 0
INSERT 0 0
INSERT 0 0
INSERT 0 1
INSERT 0 2
INSERT 0 0
INSERT 0 0
INSERT 0 0
INSERT 0 0
INSERT 0 0
INSERT 0 0
INSERT 0 0
INSERT 0 1
INSERT 0 2
INSERT 0 0
INSERT 0 0
INSERT 0 0
INSERT 0 0
INSERT 0 0
INSERT 0 0
INSERT 0 0
INSERT 0 0
INSERT 0 0
INSERT 0 0
INSERT 0 0
INSERT 0 0
INSERT 0 0
INSERT 0 0
INSERT 0 0
INSERT 0 0
INSERT 0 0
INSERT 0 0
INSERT 0 0
INSERT 0 0
INSERT 0 0
INSERT 0 0
INSERT 0 0
INSERT 0 0
INSERT 0 0
INSERT 0 0
INSERT 0 0
INSERT 0 0
INSERT 0 0
INSERT 0 0
INSERT 0 0
INSERT 0 0
INSERT 0 0
INSERT 0 0
INSERT 0 0
INSERT 0 0
INSERT 0 0
INSERT 0 0
INSERT 0 0
INSERT 0 0
INSERT 0 0
INSERT 0 0
INSERT 0 0
INSERT 0 0
INSERT 0 0
INSERT 0 0
INSERT 0 0
INSERT 0 0
INSERT 0 0
INSERT 0 1
INSERT 0 2
INSERT 0 0
INSERT 0 0
INSERT 0 0
INSERT 0 0
INSERT 0 0
INSERT 0 0
INSERT 0 0
INSERT 0 0
INSERT 0 0
INSERT 0 0
INSERT 0 0
INSERT 0 0
INSERT 0 0
INSERT 0 0
INSERT 0 0
INSERT 0 0
INSERT 0 0
INSERT 0 0
INSERT 0 0
INSERT 0 0
INSERT 0 0
INSERT 0 0
INSERT 0 0
INSERT 0 0
INSERT 0 0
INSERT 0 0
INSERT 0 0
INSERT 0 0
INSERT 0 0
INSERT 0 0
INSERT 0 0
INSERT 0 0
INSERT 0 0
INSERT 0 0
INSERT 0 0
INSERT 0 0
INSERT 0 0
INSERT 0 0
INSERT 0 0
INSERT 0 0
INSERT 0 0
INSERT 0 0
INSERT 0 0
INSERT 0 0
INSERT 0 0
INSERT 0 0
INSERT 0 0
INSERT 0 0
INSERT 0 0
INSERT 0 0
INSERT 0 0
INSERT 0 0
INSERT 0 0
INSERT 0 0
INSERT 0 0
INSERT 0 0
INSERT 0 0
INSERT 0 0
INSERT 0 0
INSERT 0 0
INSERT 0 0
INSERT 0 0
INSERT 0 0
INSERT 0 0
INSERT 0 0
INSERT 0 0
INSERT 0 0
INSERT 0 0
INSERT 0 0
INSERT 0 0
INSERT 0 0
INSERT 0 0
INSERT 0 0
INSERT 0 0
INSERT 0 0
INSERT 0 0
INSERT 0 0
INSERT 0 0
INSERT 0 0
INSERT 0 0
INSERT 0 0
INSERT 0 0
INSERT 0 0
INSERT 0 0
INSERT 0 0
INSERT 0 0
INSERT 0 0
INSERT 0 0
INSERT 0 0
INSERT 0 0
INSERT 0 0
INSERT 0 0
INSERT 0 0
INSERT 0 0
INSERT 0 0
INSERT 0 0
INSERT 0 0
INSERT 0 0
INSERT 0 0
UPDATE 1
UPDATE 1
UPDATE 2
UPDATE 1
UPDATE 1
UPDATE 1
UPDATE 2
UPDATE 1
UPDATE 0
UPDATE 0
UPDATE 0
UPDATE 0
UPDATE 1
UPDATE 1
UPDATE 1
UPDATE 2
INSERT 0 0
UPDATE 1
UPDATE 1
UPDATE 1
UPDATE 1
UPDATE 1
INSERT 0 0
UPDATE 1
UPDATE 1
UPDATE 1
UPDATE 2
UPDATE 3
UPDATE 0
UPDATE 0
UPDATE 0
UPDATE 0
INSERT 0 0
UPDATE 1
UPDATE 1
INSERT 0 0
UPDATE 1
UPDATE 1
UPDATE 1
UPDATE 1
UPDATE 1
UPDATE 1
UPDATE 2
UPDATE 1
UPDATE 0
UPDATE 0
UPDATE 0
UPDATE 0
UPDATE 1
UPDATE 1
UPDATE 1
UPDATE 1
UPDATE 1
UPDATE 1
UPDATE 1
UPDATE 1
UPDATE 1
UPDATE 1
UPDATE 1
UPDATE 1
UPDATE 1
UPDATE 1
UPDATE 1
UPDATE 1
UPDATE 1
UPDATE 1
UPDATE 1
UPDATE 1
UPDATE 0
UPDATE 0
UPDATE 1
UPDATE 1
UPDATE 1
UPDATE 1
UPDATE 1
UPDATE 1
UPDATE 1
UPDATE 2
UPDATE 0
UPDATE 1
UPDATE 1
UPDATE 1
UPDATE 1
UPDATE 1
UPDATE 1
UPDATE 1
UPDATE 1
UPDATE 2
UPDATE 1
UPDATE 0
UPDATE 0
UPDATE 0
UPDATE 0
UPDATE 1
UPDATE 1
UPDATE 2
UPDATE 3
UPDATE 0
UPDATE 0
UPDATE 0
UPDATE 0
UPDATE 1
UPDATE 1
UPDATE 2
UPDATE 3
UPDATE 0
UPDATE 0
UPDATE 0
UPDATE 0
UPDATE 1
UPDATE 1
UPDATE 2
UPDATE 1
UPDATE 0
UPDATE 0
UPDATE 0
UPDATE 0
UPDATE 1
UPDATE 2
UPDATE 0
UPDATE 0
UPDATE 0
UPDATE 0
UPDATE 1
UPDATE 1
UPDATE 1
UPDATE 1
UPDATE 2
UPDATE 3
UPDATE 0
UPDATE 0
UPDATE 0
UPDATE 0
UPDATE 1
UPDATE 1
UPDATE 1
UPDATE 2
UPDATE 1
UPDATE 0
UPDATE 0
UPDATE 0
UPDATE 0
UPDATE 1
UPDATE 1
UPDATE 2
UPDATE 3
UPDATE 0
UPDATE 0
UPDATE 0
UPDATE 0
UPDATE 1
UPDATE 1
UPDATE 2
UPDATE 1
UPDATE 0
UPDATE 0
UPDATE 0
UPDATE 0
UPDATE 1
UPDATE 1
UPDATE 2
UPDATE 3
UPDATE 0
UPDATE 0
UPDATE 0
UPDATE 0
UPDATE 1
UPDATE 1
UPDATE 2
UPDATE 3
UPDATE 0
UPDATE 0
UPDATE 0
UPDATE 0
UPDATE 1
UPDATE 1
INSERT 0 0
INSERT 0 0
INSERT 0 0
INSERT 0 0
INSERT 0 0
INSERT 0 0
INSERT 0 0
DELETE 2
DELETE 1
DELETE 2
DELETE 1
DELETE 2
DELETE 1
DELETE 2
DELETE 1
DELETE 0
DELETE 0
DELETE 2
DELETE 1
DELETE 2
DELETE 1
INSERT 0 0
INSERT 0 0
INSERT 0 0
INSERT 0 0
INSERT 0 0
INSERT 0 0
INSERT 0 0
INSERT 0 0
INSERT 0 1
INSERT 0 2
INSERT 0 0
INSERT 0 0
INSERT 0 0
INSERT 0 0
INSERT 0 0
INSERT 0 0
INSERT 0 0
INSERT 0 0
INSERT 0 0
INSERT 0 0
INSERT 0 0
INSERT 0 0
INSERT 0 0
INSERT 0 0
INSERT 0 0
INSERT 0 0
INSERT 0 0
INSERT 0 0
INSERT 0 0
INSERT 0 0
INSERT 0 0
INSERT 0 0
INSERT 0 0
INSERT 0 0
INSERT 0 0
INSERT 0 0
INSERT 0 0
INSERT 0 0
INSERT 0 0
INSERT 0 0
INSERT 0 0
INSERT 0 0
INSERT 0 0
INSERT 0 0
INSERT 0 0
INSERT 0 0
INSERT 0 0
INSERT 0 0
INSERT 0 0
INSERT 0 0
INSERT 0 0
INSERT 0 0
INSERT 0 0
INSERT 0 0
INSERT 0 0
INSERT 0 0
INSERT 0 0
INSERT 0 1
INSERT 0 2
INSERT 0 0
INSERT 0 0
INSERT 0 0
INSERT 0 0
INSERT 0 0
INSERT 0 0
INSERT 0 0
INSERT 0 0
INSERT 0 0
INSERT 0 0
INSERT 0 0
INSERT 0 0
INSERT 0 0
INSERT 0 0
INSERT 0 0
INSERT 0 0
INSERT 0 0
INSERT 0 0
INSERT 0 0
INSERT 0 0
INSERT 0 0
INSERT 0 0
INSERT 0 0
INSERT 0 0
INSERT 0 0
INSERT 0 0
INSERT 0 0
INSERT 0 0
INSERT 0 0
INSERT 0 0
INSERT 0 0
INSERT 0 0
INSERT 0 0
INSERT 0 0
INSERT 0 0
INSERT 0 0
INSERT 0 1
INSERT 0 2
INSERT 0 0
INSERT 0 0
INSERT 0 0
INSERT 0 0
INSERT 0 1
INSERT 0 2
INSERT 0 0
INSERT 0 0
INSERT 0 0
INSERT 0 0
INSERT 0 0
INSERT 0 0
INSERT 0 0
INSERT 0 0
INSERT 0 0
INSERT 0 0
INSERT 0 0
INSERT 0 0
INSERT 0 0
INSERT 0 0
INSERT 0 0
INSERT 0 0
INSERT 0 0
INSERT 0 0
INSERT 0 0
INSERT 0 0
INSERT 0 0
INSERT 0 0
INSERT 0 0
INSERT 0 0
INSERT 0 0
INSERT 0 0
INSERT 0 0
INSERT 0 0
INSERT 0 0
INSERT 0 0
INSERT 0 0
INSERT 0 0
INSERT 0 0
INSERT 0 0
INSERT 0 0
INSERT 0 0
INSERT 0 0
INSERT 0 0
INSERT 0 0
INSERT 0 0
INSERT 0 0
INSERT 0 0
INSERT 0 0
INSERT 0 0
INSERT 0 0
INSERT 0 0
INSERT 0 0
INSERT 0 0
INSERT 0 0
INSERT 0 0
INSERT 0 0
UPDATE 1
UPDATE 1
UPDATE 1
UPDATE 0
UPDATE 0
UPDATE 0
UPDATE 1
UPDATE 1
UPDATE 0
UPDATE 0
UPDATE 1
UPDATE 0
UPDATE 0
UPDATE 0
UPDATE 0
UPDATE 0
UPDATE 0
UPDATE 0
UPDATE 1
UPDATE 1
UPDATE 1
UPDATE 1
UPDATE 1
UPDATE 1
UPDATE 1
UPDATE 1
UPDATE 1
UPDATE 1
UPDATE 1
INSERT 0 0
INSERT 0 0
INSERT 0 0
INSERT 0 0
INSERT 0 0
INSERT 0 0
INSERT 0 0
INSERT 0 0
DELETE 0
DELETE 0
DELETE 0
DELETE 0
DELETE 2
DELETE 1
DELETE 2
DELETE 1
DELETE 2
DELETE 1
DELETE 2
DELETE 1
DELETE 0
DELETE 0
DELETE 0
DELETE 0
INSERT 0 0
INSERT 0 0
INSERT 0 0
INSERT 0 0
INSERT 0 0
INSERT 0 0
INSERT 0 0
INSERT 0 0
INSERT 0 0
INSERT 0 0
INSERT 0 0
INSERT 0 0
INSERT 0 0
INSERT 0 0
INSERT 0 0
INSERT 0 0
INSERT 0 0
INSERT 0 0
INSERT 0 0
INSERT 0 0
INSERT 0 0
INSERT 0 0
INSERT 0 0
INSERT 0 0
INSERT 0 0
INSERT 0 0
INSERT 0 0
INSERT 0 0
INSERT 0 0
INSERT 0 0
INSERT 0 0
INSERT 0 0
INSERT 0 0
INSERT 0 0
INSERT 0 0
INSERT 0 0
INSERT 0 0
INSERT 0 0
INSERT 0 0
INSERT 0 0
INSERT 0 0
INSERT 0 0
INSERT 0 0
INSERT 0 0
INSERT 0 0
INSERT 0 0
INSERT 0 0
INSERT 0 0
INSERT 0 0
INSERT 0 0
INSERT 0 0
INSERT 0 0
INSERT 0 0
INSERT 0 0
INSERT 0 0
INSERT 0 0
INSERT 0 0
INSERT 0 0
INSERT 0 0
INSERT 0 0
INSERT 0 0
INSERT 0 0
INSERT 0 0
INSERT 0 1
INSERT 0 2
INSERT 0 0
INSERT 0 1
INSERT 0 2
INSERT 0 0
INSERT 0 1
INSERT 0 2
INSERT 0 0
INSERT 0 0
INSERT 0 0
INSERT 0 1
INSERT 0 2
INSERT 0 0
INSERT 0 0
INSERT 0 0
INSERT 0 0
INSERT 0 0
INSERT 0 0
INSERT 0 0
INSERT 0 0
INSERT 0 0
INSERT 0 0
INSERT 0 0
INSERT 0 0
INSERT 0 0
INSERT 0 0
INSERT 0 0
INSERT 0 0
INSERT 0 0
INSERT 0 0
INSERT 0 0
INSERT 0 0
INSERT 0 0
INSERT 0 0
INSERT 0 0
INSERT 0 0
INSERT 0 0
INSERT 0 0
INSERT 0 0
INSERT 0 0
INSERT 0 0
INSERT 0 0
INSERT 0 0
INSERT 0 0
INSERT 0 0
INSERT 0 0
INSERT 0 0
INSERT 0 0
INSERT 0 0
INSERT 0 0
INSERT 0 0
INSERT 0 0
INSERT 0 0
INSERT 0 0
INSERT 0 0
INSERT 0 0
INSERT 0 0
INSERT 0 0
INSERT 0 0
INSERT 0 0
INSERT 0 0
INSERT 0 0
INSERT 0 0
INSERT 0 0
INSERT 0 0
INSERT 0 0
INSERT 0 0
INSERT 0 0
INSERT 0 0
INSERT 0 0
INSERT 0 0
INSERT 0 0
INSERT 0 0
INSERT 0 0
INSERT 0 0
INSERT 0 0
INSERT 0 0
INSERT 0 0
INSERT 0 0
INSERT 0 0
INSERT 0 0
INSERT 0 0
INSERT 0 0
INSERT 0 0
INSERT 0 0
INSERT 0 0
INSERT 0 0
INSERT 0 0
INSERT 0 0
INSERT 0 0
INSERT 0 0
INSERT 0 0
INSERT 0 0
INSERT 0 0
INSERT 0 0
INSERT 0 0
INSERT 0 0
INSERT 0 0
INSERT 0 0
INSERT 0 0
INSERT 0 0
INSERT 0 0
INSERT 0 0
INSERT 0 0
INSERT 0 0
INSERT 0 0
INSERT 0 0
INSERT 0 0
INSERT 0 0
INSERT 0 0
INSERT 0 0
INSERT 0 0
INSERT 0 0
INSERT 0 0
INSERT 0 0
INSERT 0 0
INSERT 0 0
INSERT 0 0
INSERT 0 0
INSERT 0 0
INSERT 0 0
INSERT 0 0
INSERT 0 0
INSERT 0 0
INSERT 0 0
INSERT 0 0
INSERT 0 0
INSERT 0 0
INSERT 0 0
INSERT 0 0
INSERT 0 0
INSERT 0 0
INSERT 0 0
INSERT 0 0
INSERT 0 0
INSERT 0 0
INSERT 0 0
INSERT 0 0
INSERT 0 0
INSERT 0 0
INSERT 0 0
INSERT 0 0
INSERT 0 0
INSERT 0 0
INSERT 0 0
INSERT 0 0
INSERT 0 0
INSERT 0 0
INSERT 0 0
INSERT 0 0
INSERT 0 0
INSERT 0 0
INSERT 0 0
INSERT 0 0
INSERT 0 0
INSERT 0 0
INSERT 0 0
INSERT 0 0
INSERT 0 0
INSERT 0 0
INSERT 0 1
INSERT 0 2
INSERT 0 1
INSERT 0 2
INSERT 0 0
INSERT 0 0
INSERT 0 0
INSERT 0 0
INSERT 0 0
INSERT 0 0
INSERT 0 0
INSERT 0 0
INSERT 0 0
INSERT 0 0
INSERT 0 0
INSERT 0 0
INSERT 0 0
INSERT 0 0
INSERT 0 0
INSERT 0 0
INSERT 0 0
INSERT 0 0
INSERT 0 0
INSERT 0 0
INSERT 0 0
INSERT 0 0
INSERT 0 0
INSERT 0 0
INSERT 0 0
INSERT 0 0
INSERT 0 0
INSERT 0 0
INSERT 0 0
INSERT 0 0
INSERT 0 0
INSERT 0 0
INSERT 0 0
INSERT 0 0
INSERT 0 0
INSERT 0 0
INSERT 0 0
INSERT 0 0
INSERT 0 0
INSERT 0 0
INSERT 0 0
INSERT 0 0
INSERT 0 0
INSERT 0 0
INSERT 0 0
INSERT 0 0
INSERT 0 0
INSERT 0 0
INSERT 0 0
INSERT 0 0
INSERT 0 0
INSERT 0 0
INSERT 0 0
INSERT 0 0
INSERT 0 0
INSERT 0 0
INSERT 0 0
INSERT 0 0
INSERT 0 0
INSERT 0 0
INSERT 0 0
INSERT 0 0
INSERT 0 0
INSERT 0 0
INSERT 0 0
INSERT 0 0
INSERT 0 0
INSERT 0 0
INSERT 0 0
INSERT 0 0
INSERT 0 0
INSERT 0 0
INSERT 0 0
INSERT 0 0
INSERT 0 0
INSERT 0 0
INSERT 0 0
INSERT 0 0
INSERT 0 0
INSERT 0 0
INSERT 0 0
INSERT 0 0
INSERT 0 0
INSERT 0 0
INSERT 0 0
INSERT 0 0
INSERT 0 0
INSERT 0 0
INSERT 0 0
INSERT 0 0
INSERT 0 0
INSERT 0 0
INSERT 0 0
INSERT 0 0
INSERT 0 0
INSERT 0 0
INSERT 0 0
INSERT 0 0
INSERT 0 0
INSERT 0 0
INSERT 0 0
INSERT 0 0
INSERT 0 0
INSERT 0 0
INSERT 0 0
INSERT 0 0
INSERT 0 0
INSERT 0 0
INSERT 0 0
INSERT 0 0
INSERT 0 0
INSERT 0 0
INSERT 0 0
INSERT 0 0
INSERT 0 0
INSERT 0 0
INSERT 0 0
INSERT 0 0
INSERT 0 0
INSERT 0 0
INSERT 0 0
INSERT 0 0
INSERT 0 0
INSERT 0 0
INSERT 0 0
INSERT 0 0
INSERT 0 0
INSERT 0 0
INSERT 0 0
INSERT 0 0
INSERT 0 0
INSERT 0 0
INSERT 0 0
INSERT 0 0
INSERT 0 0
INSERT 0 0
INSERT 0 0
INSERT 0 0
INSERT 0 0
INSERT 0 0
INSERT 0 0
INSERT 0 0
INSERT 0 0
INSERT 0 0
INSERT 0 0
INSERT 0 0
INSERT 0 0
INSERT 0 0
INSERT 0 0
INSERT 0 0
INSERT 0 0
INSERT 0 0
INSERT 0 0
INSERT 0 0
INSERT 0 0
INSERT 0 0
INSERT 0 0
INSERT 0 0
INSERT 0 0
INSERT 0 0
INSERT 0 0
INSERT 0 0
INSERT 0 0
INSERT 0 0
INSERT 0 0
INSERT 0 0
INSERT 0 0
INSERT 0 0
INSERT 0 0
INSERT 0 0
INSERT 0 0
INSERT 0 0
INSERT 0 0
INSERT 0 0
INSERT 0 0
INSERT 0 0
INSERT 0 0
INSERT 0 0
INSERT 0 0
INSERT 0 0
INSERT 0 0
INSERT 0 0
INSERT 0 0
INSERT 0 0
INSERT 0 0
INSERT 0 0
INSERT 0 0
INSERT 0 0
INSERT 0 0
INSERT 0 0
INSERT 0 0
INSERT 0 0
INSERT 0 0
INSERT 0 0
INSERT 0 1
INSERT 0 2
UPDATE 1
UPDATE 1
UPDATE 1
UPDATE 1
UPDATE 1
UPDATE 1
UPDATE 1
UPDATE 1
UPDATE 1
UPDATE 1
UPDATE 1
UPDATE 1
UPDATE 1
UPDATE 1
UPDATE 1
UPDATE 1
UPDATE 1
UPDATE 1
UPDATE 1
UPDATE 1
UPDATE 1
UPDATE 1
UPDATE 1
UPDATE 1
UPDATE 1
UPDATE 1
UPDATE 1
UPDATE 1
UPDATE 1
UPDATE 1
UPDATE 1
UPDATE 1
UPDATE 1
UPDATE 1
UPDATE 1
UPDATE 1
UPDATE 1
UPDATE 1
UPDATE 1
UPDATE 1
UPDATE 1
UPDATE 1
UPDATE 1
UPDATE 1
UPDATE 1
UPDATE 1
UPDATE 1
UPDATE 1
UPDATE 1
UPDATE 1
UPDATE 1
UPDATE 1
UPDATE 1
UPDATE 1
UPDATE 1
UPDATE 1
UPDATE 1
UPDATE 1
UPDATE 1
UPDATE 1
UPDATE 1
UPDATE 1
UPDATE 1
UPDATE 1
UPDATE 1
INSERT 0 0
INSERT 0 0
INSERT 0 0
INSERT 0 0
INSERT 0 0
INSERT 0 0
INSERT 0 0
UPDATE 1
DELETE 2
DELETE 1
DELETE 2
DELETE 1
DELETE 2
DELETE 1
DELETE 2
DELETE 1
DELETE 2
DELETE 1
DELETE 2
DELETE 1
DELETE 2
DELETE 1
INSERT 0 0
INSERT 0 0
INSERT 0 0
INSERT 0 0
INSERT 0 0
INSERT 0 0
INSERT 0 0
INSERT 0 0
INSERT 0 0
INSERT 0 0
INSERT 0 0
INSERT 0 0
INSERT 0 0
INSERT 0 0
INSERT 0 0
INSERT 0 0
INSERT 0 0
INSERT 0 0
INSERT 0 0
INSERT 0 0
INSERT 0 0
INSERT 0 0
INSERT 0 0
INSERT 0 0
INSERT 0 0
INSERT 0 0
INSERT 0 0
INSERT 0 0
INSERT 0 0
INSERT 0 0
INSERT 0 0
INSERT 0 0
INSERT 0 0
INSERT 0 0
INSERT 0 0
INSERT 0 1
INSERT 0 2
INSERT 0 0
INSERT 0 0
INSERT 0 0
INSERT 0 0
INSERT 0 0
INSERT 0 0
INSERT 0 0
INSERT 0 0
INSERT 0 0
INSERT 0 0
INSERT 0 0
INSERT 0 0
INSERT 0 0
INSERT 0 0
INSERT 0 0
INSERT 0 0
INSERT 0 0
INSERT 0 0
INSERT 0 0
INSERT 0 0
INSERT 0 0
INSERT 0 0
INSERT 0 0
INSERT 0 0
INSERT 0 0
INSERT 0 0
INSERT 0 0
INSERT 0 0
INSERT 0 0
INSERT 0 0
INSERT 0 0
INSERT 0 0
INSERT 0 0
INSERT 0 0
INSERT 0 0
INSERT 0 0
INSERT 0 0
INSERT 0 0
INSERT 0 0
INSERT 0 0
INSERT 0 0
INSERT 0 0
INSERT 0 0
INSERT 0 0
INSERT 0 0
INSERT 0 0
INSERT 0 0
INSERT 0 0
INSERT 0 0
INSERT 0 0
INSERT 0 0
INSERT 0 0
INSERT 0 0
INSERT 0 0
INSERT 0 0
INSERT 0 0
INSERT 0 0
INSERT 0 0
INSERT 0 0
INSERT 0 0
INSERT 0 0
INSERT 0 0
INSERT 0 0
INSERT 0 0
INSERT 0 0
INSERT 0 0
INSERT 0 0
INSERT 0 0
INSERT 0 0
INSERT 0 0
INSERT 0 0
INSERT 0 0
INSERT 0 0
INSERT 0 0
INSERT 0 0
INSERT 0 0
INSERT 0 0
INSERT 0 0
INSERT 0 0
INSERT 0 0
INSERT 0 0
INSERT 0 0
INSERT 0 0
INSERT 0 0
INSERT 0 0
INSERT 0 0
INSERT 0 0
INSERT 0 0
INSERT 0 0
INSERT 0 0
INSERT 0 0
INSERT 0 0
INSERT 0 0
INSERT 0 0
INSERT 0 0
INSERT 0 0
INSERT 0 0
INSERT 0 0
INSERT 0 0
INSERT 0 0
INSERT 0 0
INSERT 0 0
INSERT 0 0
INSERT 0 0
INSERT 0 0
INSERT 0 0
INSERT 0 0
INSERT 0 0
INSERT 0 0
INSERT 0 0
INSERT 0 0
INSERT 0 0
INSERT 0 0
INSERT 0 0
INSERT 0 0
INSERT 0 0
INSERT 0 0
INSERT 0 0
INSERT 0 0
INSERT 0 0
INSERT 0 0
INSERT 0 0
INSERT 0 0
INSERT 0 0
INSERT 0 0
INSERT 0 0
INSERT 0 0
INSERT 0 0
INSERT 0 0
INSERT 0 0
INSERT 0 0
INSERT 0 0
INSERT 0 0
INSERT 0 0
INSERT 0 0
INSERT 0 0
INSERT 0 0
INSERT 0 0
INSERT 0 0
INSERT 0 0
INSERT 0 0
INSERT 0 0
INSERT 0 0
INSERT 0 0
INSERT 0 0
INSERT 0 0
INSERT 0 0
INSERT 0 0
INSERT 0 0
INSERT 0 0
INSERT 0 0
INSERT 0 0
INSERT 0 0
INSERT 0 0
INSERT 0 0
INSERT 0 0
INSERT 0 0
INSERT 0 0
INSERT 0 0
INSERT 0 0
INSERT 0 0
INSERT 0 0
INSERT 0 0
INSERT 0 0
INSERT 0 0
INSERT 0 0
INSERT 0 0
INSERT 0 0
INSERT 0 0
INSERT 0 0
INSERT 0 0
INSERT 0 0
INSERT 0 0
INSERT 0 0
INSERT 0 0
INSERT 0 0
INSERT 0 0
INSERT 0 0
INSERT 0 0
INSERT 0 0
INSERT 0 0
INSERT 0 0
INSERT 0 0
INSERT 0 0
INSERT 0 0
INSERT 0 0
INSERT 0 0
INSERT 0 0
INSERT 0 0
INSERT 0 0
INSERT 0 0
INSERT 0 0
INSERT 0 0
INSERT 0 0
INSERT 0 0
INSERT 0 0
INSERT 0 0
INSERT 0 0
INSERT 0 0
INSERT 0 0
INSERT 0 0
INSERT 0 0
INSERT 0 0
INSERT 0 0
INSERT 0 0
INSERT 0 0
INSERT 0 0
INSERT 0 0
INSERT 0 0
INSERT 0 0
INSERT 0 0
INSERT 0 0
INSERT 0 0
INSERT 0 0
INSERT 0 0
INSERT 0 0
INSERT 0 0
INSERT 0 0
INSERT 0 0
INSERT 0 0
INSERT 0 0
INSERT 0 0
INSERT 0 0
INSERT 0 0
INSERT 0 0
INSERT 0 0
INSERT 0 0
INSERT 0 0
INSERT 0 0
INSERT 0 0
INSERT 0 0
INSERT 0 0
INSERT 0 0
INSERT 0 0
INSERT 0 0
INSERT 0 0
INSERT 0 0
INSERT 0 0
INSERT 0 0
INSERT 0 0
INSERT 0 0
INSERT 0 0
INSERT 0 0
INSERT 0 0
INSERT 0 0
INSERT 0 0
INSERT 0 0
INSERT 0 0
INSERT 0 0
INSERT 0 0
INSERT 0 0
INSERT 0 0
INSERT 0 0
INSERT 0 0
INSERT 0 0
INSERT 0 0
INSERT 0 0
INSERT 0 0
INSERT 0 0
INSERT 0 0
INSERT 0 0
INSERT 0 0
INSERT 0 0
INSERT 0 0
INSERT 0 0
INSERT 0 0
INSERT 0 0
INSERT 0 0
INSERT 0 0
INSERT 0 0
INSERT 0 0
INSERT 0 0
INSERT 0 0
INSERT 0 0
INSERT 0 0
INSERT 0 0
INSERT 0 0
INSERT 0 0
INSERT 0 0
INSERT 0 0
INSERT 0 0
INSERT 0 0
INSERT 0 0
INSERT 0 0
INSERT 0 0
INSERT 0 0
INSERT 0 0
INSERT 0 0
INSERT 0 0
INSERT 0 0
INSERT 0 0
INSERT 0 0
INSERT 0 0
INSERT 0 0
INSERT 0 1
INSERT 0 2
INSERT 0 0
INSERT 0 0
INSERT 0 0
INSERT 0 0
INSERT 0 1
INSERT 0 2
INSERT 0 0
INSERT 0 0
INSERT 0 0
INSERT 0 0
INSERT 0 0
INSERT 0 0
INSERT 0 0
INSERT 0 0
INSERT 0 0
INSERT 0 0
INSERT 0 0
INSERT 0 0
INSERT 0 0
INSERT 0 0
INSERT 0 0
INSERT 0 0
INSERT 0 0
INSERT 0 0
INSERT 0 0
INSERT 0 0
INSERT 0 0
INSERT 0 0
INSERT 0 0
INSERT 0 0
INSERT 0 0
INSERT 0 0
INSERT 0 0
INSERT 0 0
INSERT 0 0
INSERT 0 0
INSERT 0 0
INSERT 0 0
INSERT 0 0
INSERT 0 0
INSERT 0 0
INSERT 0 0
INSERT 0 0
INSERT 0 0
INSERT 0 0
INSERT 0 0
INSERT 0 0
INSERT 0 0
INSERT 0 0
INSERT 0 0
INSERT 0 0
INSERT 0 0
INSERT 0 0
INSERT 0 0
INSERT 0 0
INSERT 0 0
INSERT 0 0
INSERT 0 0
INSERT 0 0
INSERT 0 0
INSERT 0 0
INSERT 0 0
INSERT 0 0
INSERT 0 0
INSERT 0 0
INSERT 0 0
INSERT 0 0
INSERT 0 0
INSERT 0 0
INSERT 0 0
INSERT 0 0
INSERT 0 0
INSERT 0 0
INSERT 0 0
INSERT 0 0
INSERT 0 0
INSERT 0 0
INSERT 0 0
INSERT 0 0
INSERT 0 0
INSERT 0 0
INSERT 0 0
INSERT 0 0
INSERT 0 0
INSERT 0 0
INSERT 0 0
INSERT 0 0
INSERT 0 0
INSERT 0 0
INSERT 0 0
INSERT 0 0
INSERT 0 0
INSERT 0 0
INSERT 0 0
INSERT 0 0
INSERT 0 0
INSERT 0 0
INSERT 0 0
INSERT 0 0
INSERT 0 0
INSERT 0 0
INSERT 0 0
INSERT 0 0
INSERT 0 0
INSERT 0 0
INSERT 0 0
INSERT 0 0
INSERT 0 0
INSERT 0 0
INSERT 0 0
INSERT 0 0
INSERT 0 0
INSERT 0 0
INSERT 0 0
INSERT 0 0
INSERT 0 0
INSERT 0 0
INSERT 0 0
INSERT 0 0
INSERT 0 0
INSERT 0 0
INSERT 0 0
INSERT 0 0
INSERT 0 0
INSERT 0 0
INSERT 0 0
INSERT 0 0
INSERT 0 0
INSERT 0 0
INSERT 0 0
UPDATE 1
UPDATE 1
UPDATE 1
UPDATE 1
INSERT 0 0
UPDATE 1
INSERT 0 0
UPDATE 1
UPDATE 1
UPDATE 1
UPDATE 1
UPDATE 1
UPDATE 1
UPDATE 2
UPDATE 0
UPDATE 1
UPDATE 1
UPDATE 1
UPDATE 1
UPDATE 1
UPDATE 1
UPDATE 1
UPDATE 1
UPDATE 1
INSERT 0 1
INSERT 0 2
INSERT 0 1
DELETE 2
DELETE 1
UPDATE 1
UPDATE 1
UPDATE 1
UPDATE 1
UPDATE 1
UPDATE 1
UPDATE 1
UPDATE 1
UPDATE 1
UPDATE 1
UPDATE 1
UPDATE 1
INSERT 0 0
UPDATE 1
UPDATE 1
UPDATE 1
UPDATE 1
UPDATE 1
UPDATE 1
UPDATE 1
UPDATE 1
UPDATE 1
UPDATE 1
UPDATE 1
UPDATE 1
UPDATE 1
UPDATE 1
UPDATE 2
UPDATE 1
UPDATE 0
UPDATE 0
UPDATE 0
UPDATE 0
UPDATE 1
UPDATE 1
UPDATE 1
UPDATE 1
UPDATE 1
UPDATE 1
UPDATE 1
UPDATE 1
UPDATE 1
UPDATE 2
UPDATE 1
UPDATE 0
UPDATE 0
UPDATE 0
UPDATE 0
UPDATE 0
UPDATE 1
UPDATE 1
INSERT 0 0
UPDATE 1
UPDATE 1
UPDATE 1
UPDATE 2
UPDATE 2
UPDATE 0
UPDATE 0
UPDATE 0
UPDATE 0
UPDATE 1
UPDATE 2
UPDATE 0
UPDATE 1
UPDATE 2
UPDATE 0
UPDATE 1
UPDATE 2
UPDATE 0
UPDATE 1
UPDATE 1
UPDATE 1
UPDATE 1
UPDATE 1
UPDATE 1
UPDATE 1
UPDATE 1
UPDATE 1
UPDATE 1
UPDATE 1
UPDATE 1
UPDATE 1
UPDATE 1
UPDATE 4
UPDATE 0
UPDATE 0
UPDATE 0
UPDATE 0
UPDATE 0
UPDATE 1
UPDATE 1
UPDATE 1
UPDATE 1
UPDATE 1
INSERT 0 0
INSERT 0 0
INSERT 0 0
INSERT 0 0
INSERT 0 0
INSERT 0 0
INSERT 0 0
INSERT 0 0
INSERT 0 0
INSERT 0 0
DELETE 2
DELETE 1
DELETE 0
DELETE 0
DELETE 2
DELETE 1
DELETE 2
DELETE 1
DELETE 0
DELETE 0
INSERT 0 0
INSERT 0 0
INSERT 0 0
INSERT 0 0
INSERT 0 0
INSERT 0 0
INSERT 0 0
INSERT 0 0
INSERT 0 0
INSERT 0 0
INSERT 0 0
INSERT 0 0
INSERT 0 0
INSERT 0 0
INSERT 0 0
INSERT 0 0
INSERT 0 0
INSERT 0 0
INSERT 0 0
INSERT 0 0
INSERT 0 0
INSERT 0 0
INSERT 0 0
INSERT 0 0
INSERT 0 0
INSERT 0 0
INSERT 0 0
INSERT 0 0
INSERT 0 0
INSERT 0 0
INSERT 0 0
INSERT 0 0
INSERT 0 0
INSERT 0 0
INSERT 0 0
INSERT 0 0
INSERT 0 0
INSERT 0 0
INSERT 0 0
INSERT 0 0
INSERT 0 0
INSERT 0 0
INSERT 0 0
INSERT 0 0
INSERT 0 0
INSERT 0 0
INSERT 0 0
INSERT 0 0
INSERT 0 0
INSERT 0 0
INSERT 0 0
INSERT 0 0
INSERT 0 0
INSERT 0 0
INSERT 0 0
INSERT 0 0
INSERT 0 0
INSERT 0 0
INSERT 0 0
INSERT 0 0
INSERT 0 0
INSERT 0 0
INSERT 0 0
INSERT 0 0
INSERT 0 0
INSERT 0 0
INSERT 0 0
INSERT 0 0
INSERT 0 0
INSERT 0 0
INSERT 0 0
INSERT 0 0
UPDATE 1
UPDATE 1
UPDATE 1
UPDATE 1
UPDATE 1
UPDATE 1
UPDATE 1
INSERT 0 0
INSERT 0 0
INSERT 0 0
INSERT 0 0
INSERT 0 0
INSERT 0 0
INSERT 0 0
INSERT 0 0
INSERT 0 0
INSERT 0 0
INSERT 0 0
INSERT 0 0
INSERT 0 0
INSERT 0 0
INSERT 0 0
INSERT 0 0
INSERT 0 0
INSERT 0 0
UPDATE 1
INSERT 0 0
INSERT 0 0
INSERT 0 0
INSERT 0 0
INSERT 0 0
INSERT 0 0
INSERT 0 0
INSERT 0 0
INSERT 0 0
INSERT 0 0
INSERT 0 0
INSERT 0 0
INSERT 0 0
INSERT 0 0
INSERT 0 0
INSERT 0 0
INSERT 0 0
UPDATE 1
UPDATE 1
INSERT 0 0
INSERT 0 0
INSERT 0 0
INSERT 0 0
INSERT 0 0
INSERT 0 0
INSERT 0 0
INSERT 0 0
INSERT 0 0
INSERT 0 0
INSERT 0 0
INSERT 0 0
INSERT 0 0
INSERT 0 0
INSERT 0 0
INSERT 0 0
INSERT 0 0
INSERT 0 0
INSERT 0 0
INSERT 0 0
INSERT 0 0
INSERT 0 0
INSERT 0 0
INSERT 0 0
INSERT 0 0
INSERT 0 0
INSERT 0 0
INSERT 0 0
INSERT 0 0
INSERT 0 0
INSERT 0 0
INSERT 0 0
INSERT 0 0
INSERT 0 0
INSERT 0 0
INSERT 0 0
INSERT 0 0
INSERT 0 0
INSERT 0 0
INSERT 0 0
INSERT 0 0
INSERT 0 0
INSERT 0 0
INSERT 0 0
INSERT 0 0
INSERT 0 0
INSERT 0 0
INSERT 0 0
INSERT 0 0
INSERT 0 0
INSERT 0 0
INSERT 0 0
INSERT 0 0
INSERT 0 0
INSERT 0 0
INSERT 0 0
INSERT 0 0
INSERT 0 0
INSERT 0 0
INSERT 0 0
INSERT 0 0
INSERT 0 0
INSERT 0 0
INSERT 0 0
INSERT 0 0
INSERT 0 0
INSERT 0 0
INSERT 0 0
INSERT 0 0
INSERT 0 0
INSERT 0 0
INSERT 0 0
INSERT 0 0
INSERT 0 0
INSERT 0 0
INSERT 0 0
INSERT 0 0
INSERT 0 0
INSERT 0 0
INSERT 0 0
INSERT 0 0
INSERT 0 0
INSERT 0 0
INSERT 0 0
INSERT 0 0
INSERT 0 0
INSERT 0 0
INSERT 0 0
INSERT 0 0
INSERT 0 0
INSERT 0 0
INSERT 0 0
INSERT 0 0
INSERT 0 0
INSERT 0 0
UPDATE 1
UPDATE 1
INSERT 0 1
INSERT 0 2
DELETE 2
DELETE 1
UPDATE 1
UPDATE 1
UPDATE 1
UPDATE 1
UPDATE 1
UPDATE 1
UPDATE 1
UPDATE 1
UPDATE 1
INSERT 0 0
UPDATE 1
UPDATE 1
UPDATE 1
UPDATE 1
UPDATE 1
UPDATE 7
UPDATE 0
UPDATE 0
UPDATE 1
UPDATE 1
UPDATE 7
UPDATE 0
UPDATE 0
INSERT 0 0
INSERT 0 0
INSERT 0 0
INSERT 0 0
INSERT 0 0
INSERT 0 0
INSERT 0 0
INSERT 0 0
INSERT 0 0
INSERT 0 0
INSERT 0 0
INSERT 0 0
INSERT 0 0
INSERT 0 0
INSERT 0 0
INSERT 0 0
INSERT 0 0
INSERT 0 0
INSERT 0 0
INSERT 0 0
INSERT 0 0
INSERT 0 0
INSERT 0 0
INSERT 0 0
INSERT 0 0
INSERT 0 0
INSERT 0 0
INSERT 0 0
INSERT 0 0
INSERT 0 0
INSERT 0 0
INSERT 0 0
INSERT 0 0
INSERT 0 0
INSERT 0 0
INSERT 0 0
INSERT 0 0
INSERT 0 0
INSERT 0 0
INSERT 0 0
INSERT 0 0
INSERT 0 0
INSERT 0 0
INSERT 0 0
INSERT 0 0
INSERT 0 0
INSERT 0 0
INSERT 0 0
INSERT 0 0
INSERT 0 0
INSERT 0 0
INSERT 0 0
INSERT 0 0
INSERT 0 0
INSERT 0 0
INSERT 0 0
INSERT 0 0
INSERT 0 0
INSERT 0 0
INSERT 0 0
INSERT 0 0
INSERT 0 0
INSERT 0 0
INSERT 0 0
INSERT 0 0
INSERT 0 0
INSERT 0 0
INSERT 0 0
INSERT 0 0
INSERT 0 0
INSERT 0 0
INSERT 0 0
INSERT 0 0
INSERT 0 0
INSERT 0 0
INSERT 0 0
INSERT 0 0
INSERT 0 0
INSERT 0 0
INSERT 0 0
INSERT 0 0
INSERT 0 0
INSERT 0 0
INSERT 0 0
INSERT 0 0
INSERT 0 0
INSERT 0 0
INSERT 0 0
INSERT 0 0
INSERT 0 0
INSERT 0 0
INSERT 0 0
INSERT 0 0
INSERT 0 0
INSERT 0 0
INSERT 0 0
INSERT 0 0
INSERT 0 0
INSERT 0 0
INSERT 0 0
INSERT 0 0
INSERT 0 0
INSERT 0 0
INSERT 0 0
INSERT 0 0
INSERT 0 0
INSERT 0 0
INSERT 0 0
INSERT 0 0
INSERT 0 0
INSERT 0 0
INSERT 0 0
INSERT 0 0
INSERT 0 0
INSERT 0 0
INSERT 0 0
INSERT 0 0
INSERT 0 0
INSERT 0 0
INSERT 0 0
INSERT 0 0
INSERT 0 0
INSERT 0 0
INSERT 0 0
INSERT 0 0
INSERT 0 0
INSERT 0 0
INSERT 0 0
INSERT 0 0
INSERT 0 0
INSERT 0 0
INSERT 0 0
INSERT 0 0
INSERT 0 0
INSERT 0 0
INSERT 0 0
INSERT 0 0
INSERT 0 0
INSERT 0 0
INSERT 0 0
INSERT 0 0
INSERT 0 0
INSERT 0 0
INSERT 0 0
INSERT 0 0
INSERT 0 0
INSERT 0 0
INSERT 0 0
INSERT 0 0
INSERT 0 0
INSERT 0 0
INSERT 0 0
INSERT 0 0
INSERT 0 0
INSERT 0 0
INSERT 0 0
INSERT 0 0
INSERT 0 0
INSERT 0 0
INSERT 0 0
INSERT 0 0
INSERT 0 0
INSERT 0 0
INSERT 0 0
INSERT 0 0
INSERT 0 0
INSERT 0 0
INSERT 0 0
INSERT 0 0
INSERT 0 0
INSERT 0 0
INSERT 0 0
INSERT 0 0
INSERT 0 0
INSERT 0 0
INSERT 0 0
INSERT 0 0
INSERT 0 0
INSERT 0 0
INSERT 0 0
INSERT 0 0
INSERT 0 0
INSERT 0 0
INSERT 0 0
INSERT 0 0
INSERT 0 0
INSERT 0 0
INSERT 0 0
INSERT 0 0
INSERT 0 0
INSERT 0 0
INSERT 0 0
INSERT 0 0
INSERT 0 0
INSERT 0 0
INSERT 0 0
INSERT 0 0
INSERT 0 0
INSERT 0 0
INSERT 0 0
INSERT 0 0
INSERT 0 0
INSERT 0 0
INSERT 0 0
INSERT 0 0
INSERT 0 0
INSERT 0 0
INSERT 0 0
INSERT 0 0
INSERT 0 0
INSERT 0 0
INSERT 0 0
INSERT 0 0
INSERT 0 0
INSERT 0 0
INSERT 0 0
INSERT 0 0
INSERT 0 0
INSERT 0 0
INSERT 0 0
INSERT 0 0
INSERT 0 0
INSERT 0 0
INSERT 0 0
INSERT 0 0
INSERT 0 0
INSERT 0 0
INSERT 0 0
INSERT 0 0
INSERT 0 0
INSERT 0 0
INSERT 0 0
INSERT 0 0
INSERT 0 0
INSERT 0 0
INSERT 0 0
INSERT 0 0
INSERT 0 0
INSERT 0 0
INSERT 0 0
INSERT 0 0
INSERT 0 0
INSERT 0 0
INSERT 0 0
INSERT 0 0
INSERT 0 0
INSERT 0 0
INSERT 0 0
INSERT 0 0
INSERT 0 0
INSERT 0 0
INSERT 0 0
INSERT 0 0
INSERT 0 0
INSERT 0 0
INSERT 0 0
INSERT 0 0
INSERT 0 0
INSERT 0 0
INSERT 0 0
INSERT 0 0
INSERT 0 0
INSERT 0 0
INSERT 0 0
INSERT 0 0
INSERT 0 0
INSERT 0 0
INSERT 0 0
INSERT 0 0
INSERT 0 0
INSERT 0 0
INSERT 0 0
INSERT 0 0
INSERT 0 0
INSERT 0 0
INSERT 0 0
INSERT 0 0
INSERT 0 0
INSERT 0 0
INSERT 0 0
INSERT 0 0
INSERT 0 0
INSERT 0 0
INSERT 0 0
INSERT 0 0
INSERT 0 0
INSERT 0 0
INSERT 0 0
INSERT 0 0
INSERT 0 0
INSERT 0 0
INSERT 0 0
INSERT 0 0
INSERT 0 0
INSERT 0 0
INSERT 0 0
INSERT 0 0
INSERT 0 0
INSERT 0 0
INSERT 0 0
INSERT 0 0
INSERT 0 0
INSERT 0 0
INSERT 0 0
INSERT 0 0
INSERT 0 0
INSERT 0 0
INSERT 0 0
INSERT 0 0
INSERT 0 0
INSERT 0 0
INSERT 0 0
INSERT 0 0
INSERT 0 0
INSERT 0 0
INSERT 0 0
INSERT 0 0
INSERT 0 0
INSERT 0 0
INSERT 0 0
INSERT 0 0
INSERT 0 0
INSERT 0 0
INSERT 0 0
INSERT 0 0
INSERT 0 0
INSERT 0 0
INSERT 0 0
INSERT 0 0
INSERT 0 0
INSERT 0 0
INSERT 0 0
INSERT 0 0
INSERT 0 0
INSERT 0 0
INSERT 0 0
INSERT 0 0
INSERT 0 0
INSERT 0 0
INSERT 0 0
INSERT 0 0
INSERT 0 0
INSERT 0 0
INSERT 0 0
INSERT 0 0
INSERT 0 0
INSERT 0 0
INSERT 0 0
INSERT 0 0
INSERT 0 0
INSERT 0 0
INSERT 0 0
INSERT 0 0
INSERT 0 0
INSERT 0 0
INSERT 0 0
INSERT 0 0
INSERT 0 0
INSERT 0 0
INSERT 0 0
INSERT 0 0
INSERT 0 0
INSERT 0 0
INSERT 0 0
INSERT 0 0
INSERT 0 0
INSERT 0 0
INSERT 0 0
INSERT 0 0
INSERT 0 0
INSERT 0 0
INSERT 0 0
INSERT 0 0
INSERT 0 0
INSERT 0 0
INSERT 0 0
INSERT 0 0
INSERT 0 0
INSERT 0 0
INSERT 0 0
INSERT 0 0
INSERT 0 0
INSERT 0 0
INSERT 0 0
INSERT 0 0
INSERT 0 0
INSERT 0 0
INSERT 0 0
INSERT 0 0
INSERT 0 0
INSERT 0 0
UPDATE 1
UPDATE 1
UPDATE 1
UPDATE 1
UPDATE 1
UPDATE 1
UPDATE 1
UPDATE 1
UPDATE 1
UPDATE 2
UPDATE 2
UPDATE 0
UPDATE 0
UPDATE 0
UPDATE 0
UPDATE 1
UPDATE 1
UPDATE 1
UPDATE 1
UPDATE 1
UPDATE 1
INSERT 0 0
UPDATE 1
INSERT 0 0
UPDATE 1
UPDATE 1
UPDATE 1
UPDATE 1
UPDATE 1
UPDATE 2
UPDATE 2
UPDATE 0
UPDATE 0
UPDATE 0
UPDATE 0
UPDATE 1
UPDATE 1
UPDATE 1
UPDATE 1
UPDATE 2
UPDATE 1
UPDATE 0
UPDATE 0
UPDATE 0
UPDATE 0
UPDATE 1
UPDATE 1
UPDATE 1
UPDATE 1
UPDATE 1
UPDATE 1
UPDATE 2
UPDATE 1
UPDATE 0
UPDATE 0
UPDATE 0
UPDATE 0
UPDATE 1
UPDATE 1
UPDATE 1
UPDATE 1
UPDATE 1
UPDATE 2
UPDATE 1
UPDATE 0
UPDATE 0
UPDATE 0
UPDATE 0
UPDATE 1
UPDATE 1
UPDATE 1
UPDATE 1
UPDATE 2
UPDATE 0
UPDATE 1
UPDATE 2
UPDATE 1
UPDATE 0
UPDATE 0
UPDATE 0
UPDATE 0
UPDATE 1
UPDATE 2
UPDATE 0
UPDATE 1
UPDATE 1
UPDATE 2
UPDATE 1
UPDATE 0
UPDATE 0
UPDATE 0
UPDATE 0
UPDATE 1
UPDATE 1
UPDATE 1
UPDATE 2
UPDATE 1
UPDATE 0
UPDATE 0
UPDATE 0
UPDATE 0
UPDATE 1
UPDATE 1
UPDATE 1
UPDATE 1
UPDATE 1
UPDATE 1
UPDATE 1
UPDATE 1
UPDATE 1
UPDATE 1
UPDATE 1
UPDATE 1
UPDATE 1
UPDATE 1
UPDATE 1
UPDATE 1
UPDATE 1
UPDATE 1
UPDATE 1
UPDATE 1
UPDATE 1
UPDATE 1
UPDATE 1
UPDATE 1
UPDATE 1
UPDATE 1
UPDATE 1
UPDATE 1
UPDATE 1
UPDATE 1
UPDATE 1
UPDATE 1
UPDATE 1
UPDATE 1
UPDATE 1
UPDATE 1
UPDATE 1
UPDATE 1
UPDATE 1
UPDATE 1
UPDATE 1
UPDATE 1
UPDATE 1
UPDATE 1
UPDATE 1
UPDATE 1
UPDATE 1
UPDATE 1
UPDATE 1
UPDATE 1
INSERT 0 0
UPDATE 1
INSERT 0 0
INSERT 0 0
INSERT 0 0
INSERT 0 0
INSERT 0 0
INSERT 0 0
INSERT 0 0
INSERT 0 0
INSERT 0 0
INSERT 0 0
INSERT 0 0
INSERT 0 0
INSERT 0 0
INSERT 0 0
INSERT 0 0
INSERT 0 0
INSERT 0 0
INSERT 0 0
INSERT 0 0
INSERT 0 0
INSERT 0 0
INSERT 0 0
INSERT 0 0
INSERT 0 0
INSERT 0 0
INSERT 0 0
INSERT 0 0
INSERT 0 0
INSERT 0 0
INSERT 0 0
INSERT 0 0
INSERT 0 0
INSERT 0 0
INSERT 0 0
INSERT 0 0
INSERT 0 0
INSERT 0 0
INSERT 0 0
INSERT 0 0
INSERT 0 0
INSERT 0 0
INSERT 0 0
INSERT 0 0
INSERT 0 0
INSERT 0 0
INSERT 0 0
INSERT 0 0
INSERT 0 0
INSERT 0 0
INSERT 0 0
INSERT 0 0
INSERT 0 0
INSERT 0 0
INSERT 0 0
INSERT 0 0
INSERT 0 0
INSERT 0 0
INSERT 0 0
INSERT 0 0
INSERT 0 0
INSERT 0 0
INSERT 0 0
INSERT 0 0
INSERT 0 0
INSERT 0 0
INSERT 0 0
INSERT 0 0
INSERT 0 0
INSERT 0 0
INSERT 0 0
INSERT 0 0
INSERT 0 0
INSERT 0 0
UPDATE 1
UPDATE 1
UPDATE 1
UPDATE 2
UPDATE 7
UPDATE 0
UPDATE 0
UPDATE 0
UPDATE 0
UPDATE 0
UPDATE 1
UPDATE 1
UPDATE 1
INSERT 0 0
INSERT 0 0
DELETE 0
DELETE 0
INSERT 0 0
INSERT 0 0
INSERT 0 0
INSERT 0 0
INSERT 0 0
INSERT 0 0
INSERT 0 0
INSERT 0 0
INSERT 0 0
INSERT 0 0
INSERT 0 0
INSERT 0 0
INSERT 0 0
INSERT 0 0
INSERT 0 0
INSERT 0 0
INSERT 0 0
INSERT 0 0
INSERT 0 0
INSERT 0 0
INSERT 0 0
INSERT 0 0
INSERT 0 0
INSERT 0 0
INSERT 0 0
INSERT 0 0
INSERT 0 0
INSERT 0 0
INSERT 0 0
INSERT 0 0
INSERT 0 0
INSERT 0 0
INSERT 0 0
INSERT 0 0
INSERT 0 0
INSERT 0 0
INSERT 0 0
INSERT 0 0
INSERT 0 0
INSERT 0 0
INSERT 0 0
INSERT 0 0
INSERT 0 0
UPDATE 0
UPDATE 1
UPDATE 1
UPDATE 1
UPDATE 1
UPDATE 1
UPDATE 1
UPDATE 1
INSERT 0 0
INSERT 0 0
INSERT 0 0
INSERT 0 0
INSERT 0 0
INSERT 0 0
INSERT 0 0
INSERT 0 0
INSERT 0 0
INSERT 0 0
INSERT 0 0
INSERT 0 0
INSERT 0 0
INSERT 0 0
INSERT 0 0
UPDATE 0
INSERT 0 0
INSERT 0 0
UPDATE 1
UPDATE 1
UPDATE 1
UPDATE 1
UPDATE 1
INSERT 0 0
INSERT 0 0
INSERT 0 0
INSERT 0 0
INSERT 0 0
INSERT 0 0
INSERT 0 0
INSERT 0 0
INSERT 0 0
INSERT 0 0
INSERT 0 0
INSERT 0 0
INSERT 0 0
INSERT 0 0
INSERT 0 0
INSERT 0 0
INSERT 0 0
INSERT 0 0
INSERT 0 0
INSERT 0 0
INSERT 0 0
INSERT 0 0
INSERT 0 0
INSERT 0 0
INSERT 0 0
INSERT 0 0
INSERT 0 0
INSERT 0 0
INSERT 0 0
INSERT 0 0
INSERT 0 0
INSERT 0 0
INSERT 0 0
INSERT 0 0
INSERT 0 0
INSERT 0 0
INSERT 0 0
INSERT 0 0
INSERT 0 0
INSERT 0 0
INSERT 0 0
INSERT 0 0
INSERT 0 0
INSERT 0 0
INSERT 0 0
INSERT 0 0
INSERT 0 0
INSERT 0 0
INSERT 0 0
INSERT 0 0
INSERT 0 0
INSERT 0 0
INSERT 0 0
INSERT 0 0
INSERT 0 0
INSERT 0 0
INSERT 0 0
INSERT 0 0
INSERT 0 0
INSERT 0 0
INSERT 0 0
INSERT 0 0
INSERT 0 0
INSERT 0 0
INSERT 0 0
INSERT 0 0
INSERT 0 0
INSERT 0 0
INSERT 0 0
INSERT 0 0
INSERT 0 0
INSERT 0 0
INSERT 0 0
INSERT 0 0
INSERT 0 0
INSERT 0 0
INSERT 0 0
INSERT 0 0
INSERT 0 0
INSERT 0 0
INSERT 0 0
INSERT 0 0
INSERT 0 0
UPDATE 1
UPDATE 1
UPDATE 1
UPDATE 2
UPDATE 0
UPDATE 1
UPDATE 1
UPDATE 1
UPDATE 1
UPDATE 1
UPDATE 1
UPDATE 1
UPDATE 1
UPDATE 1
UPDATE 1
UPDATE 1
UPDATE 1
UPDATE 1
UPDATE 1
UPDATE 1
UPDATE 1
UPDATE 1
INSERT 0 0
INSERT 0 0
INSERT 0 0
INSERT 0 0
INSERT 0 0
INSERT 0 0
INSERT 0 0
INSERT 0 0
INSERT 0 0
INSERT 0 0
INSERT 0 0
INSERT 0 0
INSERT 0 0
INSERT 0 0
INSERT 0 0
INSERT 0 0
INSERT 0 0
INSERT 0 0
INSERT 0 0
INSERT 0 0
INSERT 0 0
INSERT 0 0
INSERT 0 0
INSERT 0 0
INSERT 0 0
INSERT 0 0
INSERT 0 0
INSERT 0 0
INSERT 0 0
INSERT 0 0
INSERT 0 0
INSERT 0 0
INSERT 0 0
INSERT 0 0
INSERT 0 0
INSERT 0 0
INSERT 0 0
INSERT 0 0
INSERT 0 0
INSERT 0 0
INSERT 0 0
INSERT 0 0
INSERT 0 0
INSERT 0 0
INSERT 0 0
INSERT 0 0
INSERT 0 0
INSERT 0 0
INSERT 0 0
INSERT 0 0
INSERT 0 0
INSERT 0 0
INSERT 0 0
INSERT 0 0
INSERT 0 0
INSERT 0 0
INSERT 0 0
INSERT 0 0
INSERT 0 0
INSERT 0 0
INSERT 0 0
INSERT 0 0
INSERT 0 0
INSERT 0 0
INSERT 0 0
INSERT 0 0
INSERT 0 0
INSERT 0 0
INSERT 0 0
INSERT 0 0
INSERT 0 0
INSERT 0 0
INSERT 0 0
INSERT 0 0
INSERT 0 0
INSERT 0 0
INSERT 0 0
INSERT 0 0
INSERT 0 0
INSERT 0 0
INSERT 0 0
INSERT 0 0
INSERT 0 0
INSERT 0 0
INSERT 0 0
INSERT 0 0
INSERT 0 0
INSERT 0 0
INSERT 0 0
INSERT 0 0
INSERT 0 0
INSERT 0 0
INSERT 0 0
INSERT 0 0
INSERT 0 0
INSERT 0 0
INSERT 0 0
INSERT 0 0
INSERT 0 0
INSERT 0 0
INSERT 0 0
INSERT 0 0
INSERT 0 0
INSERT 0 0
INSERT 0 0
INSERT 0 0
INSERT 0 0
INSERT 0 0
INSERT 0 0
INSERT 0 0
INSERT 0 0
INSERT 0 0
INSERT 0 0
INSERT 0 0
INSERT 0 0
INSERT 0 0
INSERT 0 0
INSERT 0 0
INSERT 0 0
INSERT 0 0
INSERT 0 0
INSERT 0 0
INSERT 0 0
INSERT 0 0
INSERT 0 0
INSERT 0 0
INSERT 0 0
INSERT 0 0
INSERT 0 0
INSERT 0 0
INSERT 0 0
INSERT 0 0
INSERT 0 0
INSERT 0 0
INSERT 0 0
INSERT 0 0
INSERT 0 0
INSERT 0 0
INSERT 0 0
INSERT 0 0
INSERT 0 0
INSERT 0 0
INSERT 0 0
INSERT 0 0
INSERT 0 0
INSERT 0 0
INSERT 0 0
INSERT 0 0
INSERT 0 0
INSERT 0 0
INSERT 0 0
INSERT 0 0
INSERT 0 0
INSERT 0 0
INSERT 0 0
INSERT 0 0
INSERT 0 0
INSERT 0 0
INSERT 0 0
INSERT 0 0
INSERT 0 0
INSERT 0 0
INSERT 0 0
INSERT 0 0
INSERT 0 0
INSERT 0 0
INSERT 0 0
INSERT 0 0
INSERT 0 0
INSERT 0 0
INSERT 0 0
INSERT 0 0
INSERT 0 0
INSERT 0 0
INSERT 0 0
INSERT 0 0
INSERT 0 0
INSERT 0 0
INSERT 0 0
INSERT 0 0
INSERT 0 0
INSERT 0 0
INSERT 0 0
INSERT 0 0
INSERT 0 0
INSERT 0 0
INSERT 0 0
INSERT 0 0
INSERT 0 0
INSERT 0 0
INSERT 0 0
INSERT 0 0
INSERT 0 0
INSERT 0 0
INSERT 0 0
INSERT 0 0
INSERT 0 0
INSERT 0 0
INSERT 0 0
INSERT 0 0
INSERT 0 0
INSERT 0 0
INSERT 0 0
INSERT 0 0
INSERT 0 0
INSERT 0 0
INSERT 0 0
INSERT 0 0
INSERT 0 0
INSERT 0 0
INSERT 0 0
INSERT 0 0
INSERT 0 0
INSERT 0 0
INSERT 0 0
INSERT 0 0
INSERT 0 0
INSERT 0 0
INSERT 0 0
INSERT 0 0
INSERT 0 0
INSERT 0 0
INSERT 0 0
INSERT 0 0
UPDATE 1
UPDATE 1
UPDATE 1
UPDATE 1
UPDATE 1
UPDATE 1
UPDATE 1
UPDATE 1
UPDATE 1
UPDATE 1
UPDATE 1
UPDATE 1
UPDATE 1
UPDATE 1
UPDATE 1
UPDATE 1
UPDATE 1
UPDATE 1
UPDATE 1
UPDATE 1
UPDATE 1
UPDATE 1
UPDATE 1
UPDATE 1
UPDATE 1
UPDATE 1
UPDATE 1
UPDATE 1
UPDATE 1
UPDATE 1
UPDATE 1
UPDATE 1
UPDATE 1
UPDATE 1
UPDATE 2
UPDATE 2
UPDATE 0
UPDATE 0
UPDATE 0
UPDATE 0
UPDATE 1
UPDATE 1
UPDATE 1
UPDATE 1
UPDATE 1
UPDATE 1
UPDATE 1
UPDATE 1
INSERT 0 0
INSERT 0 0
INSERT 0 0
INSERT 0 0
INSERT 0 0
INSERT 0 0
INSERT 0 0
INSERT 0 0
INSERT 0 0
INSERT 0 0
INSERT 0 0
INSERT 0 0
INSERT 0 0
INSERT 0 0
INSERT 0 0
INSERT 0 0
INSERT 0 0
INSERT 0 0
INSERT 0 0
INSERT 0 0
INSERT 0 0
INSERT 0 0
INSERT 0 0
INSERT 0 0
INSERT 0 0
INSERT 0 0
INSERT 0 0
INSERT 0 0
INSERT 0 0
INSERT 0 0
INSERT 0 0
INSERT 0 0
INSERT 0 0
INSERT 0 0
INSERT 0 0
INSERT 0 0
INSERT 0 0
INSERT 0 0
INSERT 0 0
INSERT 0 0
INSERT 0 0
INSERT 0 0
INSERT 0 0
INSERT 0 0
INSERT 0 0
INSERT 0 0
INSERT 0 0
INSERT 0 0
INSERT 0 0
INSERT 0 0
INSERT 0 0
INSERT 0 0
INSERT 0 0
INSERT 0 0
INSERT 0 0
INSERT 0 0
INSERT 0 0
INSERT 0 0
INSERT 0 0
INSERT 0 0
INSERT 0 0
INSERT 0 0
INSERT 0 0
INSERT 0 0
INSERT 0 0
INSERT 0 0
INSERT 0 0
INSERT 0 0
INSERT 0 0
INSERT 0 0
INSERT 0 0
INSERT 0 0
INSERT 0 0
INSERT 0 0
INSERT 0 0
INSERT 0 0
INSERT 0 0
INSERT 0 0
INSERT 0 0
INSERT 0 0
INSERT 0 0
INSERT 0 0
INSERT 0 0
INSERT 0 0
INSERT 0 0
INSERT 0 0
INSERT 0 0
INSERT 0 0
INSERT 0 0
INSERT 0 0
INSERT 0 0
INSERT 0 0
INSERT 0 0
INSERT 0 0
INSERT 0 0
INSERT 0 0
INSERT 0 0
INSERT 0 0
INSERT 0 0
INSERT 0 0
INSERT 0 0
INSERT 0 0
INSERT 0 0
INSERT 0 0
INSERT 0 0
INSERT 0 0
INSERT 0 0
INSERT 0 0
INSERT 0 0
INSERT 0 0
INSERT 0 0
INSERT 0 0
INSERT 0 0
INSERT 0 0
INSERT 0 0
INSERT 0 0
INSERT 0 0
INSERT 0 0
INSERT 0 0
INSERT 0 0
INSERT 0 0
INSERT 0 0
INSERT 0 0
INSERT 0 0
INSERT 0 0
INSERT 0 0
INSERT 0 0
INSERT 0 0
INSERT 0 0
INSERT 0 0
INSERT 0 0
INSERT 0 0
INSERT 0 0
INSERT 0 0
INSERT 0 0
INSERT 0 0
INSERT 0 0
INSERT 0 0
INSERT 0 0
INSERT 0 0
INSERT 0 0
INSERT 0 0
INSERT 0 0
INSERT 0 0
INSERT 0 0
INSERT 0 0
INSERT 0 0
INSERT 0 0
INSERT 0 0
INSERT 0 0
INSERT 0 0
INSERT 0 0
INSERT 0 0
INSERT 0 0
INSERT 0 0
INSERT 0 0
INSERT 0 0
INSERT 0 0
INSERT 0 0
INSERT 0 0
INSERT 0 0
INSERT 0 0
INSERT 0 0
INSERT 0 0
INSERT 0 0
INSERT 0 0
INSERT 0 0
INSERT 0 0
INSERT 0 0
INSERT 0 0
INSERT 0 0
INSERT 0 0
INSERT 0 0
INSERT 0 0
INSERT 0 0
INSERT 0 0
INSERT 0 0
INSERT 0 0
INSERT 0 0
INSERT 0 0
INSERT 0 0
INSERT 0 0
INSERT 0 0
INSERT 0 0
INSERT 0 0
INSERT 0 1
INSERT 0 2
INSERT 0 0
INSERT 0 0
INSERT 0 0
INSERT 0 0
INSERT 0 0
INSERT 0 0
INSERT 0 0
INSERT 0 0
INSERT 0 0
INSERT 0 0
INSERT 0 0
INSERT 0 0
INSERT 0 0
INSERT 0 0
INSERT 0 0
INSERT 0 0
INSERT 0 0
INSERT 0 0
INSERT 0 0
INSERT 0 0
INSERT 0 0
INSERT 0 0
INSERT 0 0
INSERT 0 0
INSERT 0 0
INSERT 0 0
INSERT 0 0
INSERT 0 0
INSERT 0 0
INSERT 0 0
INSERT 0 0
INSERT 0 0
INSERT 0 0
INSERT 0 0
INSERT 0 0
INSERT 0 0
INSERT 0 0
INSERT 0 0
INSERT 0 0
INSERT 0 0
INSERT 0 0
INSERT 0 0
INSERT 0 0
INSERT 0 0
INSERT 0 0
INSERT 0 0
INSERT 0 0
INSERT 0 0
INSERT 0 0
INSERT 0 0
INSERT 0 0
INSERT 0 0
INSERT 0 0
INSERT 0 0
INSERT 0 0
INSERT 0 0
INSERT 0 0
INSERT 0 0
INSERT 0 0
INSERT 0 0
INSERT 0 0
INSERT 0 0
INSERT 0 0
INSERT 0 0
INSERT 0 0
INSERT 0 0
INSERT 0 0
INSERT 0 0
INSERT 0 0
INSERT 0 0
INSERT 0 0
INSERT 0 0
INSERT 0 0
INSERT 0 0
INSERT 0 0
INSERT 0 0
INSERT 0 0
INSERT 0 0
INSERT 0 0
INSERT 0 0
INSERT 0 0
INSERT 0 0
INSERT 0 0
INSERT 0 0
INSERT 0 0
INSERT 0 0
INSERT 0 0
INSERT 0 0
INSERT 0 0
INSERT 0 0
INSERT 0 0
INSERT 0 0
INSERT 0 0
INSERT 0 0
INSERT 0 0
INSERT 0 0
INSERT 0 0
INSERT 0 0
INSERT 0 0
INSERT 0 0
INSERT 0 0
INSERT 0 0
INSERT 0 0
INSERT 0 0
INSERT 0 0
INSERT 0 0
INSERT 0 0
INSERT 0 0
INSERT 0 0
INSERT 0 0
INSERT 0 0
INSERT 0 0
INSERT 0 0
INSERT 0 0
INSERT 0 0
INSERT 0 0
INSERT 0 0
INSERT 0 0
INSERT 0 0
INSERT 0 0
INSERT 0 0
INSERT 0 0
INSERT 0 0
INSERT 0 0
INSERT 0 0
INSERT 0 0
INSERT 0 0
INSERT 0 0
INSERT 0 0
INSERT 0 0
INSERT 0 0
INSERT 0 0
INSERT 0 0
INSERT 0 0
INSERT 0 0
INSERT 0 0
INSERT 0 0
INSERT 0 0
INSERT 0 0
INSERT 0 0
INSERT 0 0
INSERT 0 0
INSERT 0 0
INSERT 0 0
INSERT 0 0
INSERT 0 0
INSERT 0 0
INSERT 0 0
INSERT 0 0
INSERT 0 0
INSERT 0 0
INSERT 0 0
INSERT 0 0
INSERT 0 0
INSERT 0 0
INSERT 0 0
INSERT 0 0
INSERT 0 0
INSERT 0 0
INSERT 0 0
INSERT 0 0
INSERT 0 0
INSERT 0 0
INSERT 0 0
INSERT 0 0
INSERT 0 0
INSERT 0 0
INSERT 0 0
INSERT 0 0
INSERT 0 0
INSERT 0 0
INSERT 0 0
INSERT 0 0
INSERT 0 0
INSERT 0 0
INSERT 0 0
INSERT 0 0
INSERT 0 0
INSERT 0 0
INSERT 0 0
INSERT 0 0
INSERT 0 0
INSERT 0 0
INSERT 0 0
INSERT 0 0
INSERT 0 0
INSERT 0 0
INSERT 0 0
INSERT 0 0
INSERT 0 0
INSERT 0 0
INSERT 0 0
INSERT 0 0
INSERT 0 0
INSERT 0 0
INSERT 0 0
INSERT 0 0
INSERT 0 0
INSERT 0 0
INSERT 0 0
INSERT 0 0
INSERT 0 0
INSERT 0 0
INSERT 0 0
INSERT 0 0
INSERT 0 0
INSERT 0 0
INSERT 0 0
INSERT 0 0
INSERT 0 0
INSERT 0 0
INSERT 0 0
INSERT 0 0
INSERT 0 0
INSERT 0 0
INSERT 0 0
INSERT 0 0
INSERT 0 0
INSERT 0 0
INSERT 0 0
INSERT 0 0
INSERT 0 0
INSERT 0 0
INSERT 0 0
INSERT 0 0
INSERT 0 0
INSERT 0 0
INSERT 0 0
INSERT 0 0
INSERT 0 0
INSERT 0 0
INSERT 0 0
INSERT 0 0
INSERT 0 0
INSERT 0 0
INSERT 0 0
INSERT 0 0
INSERT 0 0
INSERT 0 0
INSERT 0 0
INSERT 0 0
INSERT 0 0
INSERT 0 0
INSERT 0 0
INSERT 0 0
INSERT 0 0
INSERT 0 0
INSERT 0 0
INSERT 0 0
INSERT 0 0
INSERT 0 0
INSERT 0 0
INSERT 0 0
INSERT 0 0
INSERT 0 0
INSERT 0 0
INSERT 0 0
INSERT 0 0
INSERT 0 0
INSERT 0 0
INSERT 0 0
INSERT 0 0
INSERT 0 0
INSERT 0 0
INSERT 0 0
INSERT 0 0
INSERT 0 0
INSERT 0 0
INSERT 0 0
INSERT 0 0
INSERT 0 0
INSERT 0 0
INSERT 0 0
INSERT 0 0
INSERT 0 0
INSERT 0 0
INSERT 0 0
INSERT 0 0
INSERT 0 0
INSERT 0 0
INSERT 0 0
INSERT 0 0
INSERT 0 0
INSERT 0 0
INSERT 0 0
INSERT 0 0
INSERT 0 0
INSERT 0 0
INSERT 0 0
INSERT 0 0
INSERT 0 0
INSERT 0 0
INSERT 0 0
INSERT 0 0
INSERT 0 0
INSERT 0 0
INSERT 0 0
INSERT 0 0
INSERT 0 0
INSERT 0 0
INSERT 0 0
INSERT 0 0
INSERT 0 0
INSERT 0 0
INSERT 0 0
INSERT 0 0
INSERT 0 0
INSERT 0 0
INSERT 0 0
INSERT 0 0
INSERT 0 0
INSERT 0 0
INSERT 0 0
INSERT 0 0
INSERT 0 0
INSERT 0 0
INSERT 0 0
INSERT 0 0
INSERT 0 0
INSERT 0 0
INSERT 0 0
INSERT 0 0
INSERT 0 0
INSERT 0 0
INSERT 0 0
INSERT 0 0
INSERT 0 0
INSERT 0 0
INSERT 0 0
INSERT 0 0
INSERT 0 0
INSERT 0 0
INSERT 0 0
INSERT 0 0
INSERT 0 0
INSERT 0 0
INSERT 0 0
INSERT 0 0
INSERT 0 0
INSERT 0 0
INSERT 0 0
INSERT 0 0
INSERT 0 0
INSERT 0 0
INSERT 0 0
INSERT 0 0
INSERT 0 0
INSERT 0 0
INSERT 0 0
INSERT 0 0
INSERT 0 0
INSERT 0 0
INSERT 0 0
INSERT 0 0
INSERT 0 0
INSERT 0 0
INSERT 0 0
INSERT 0 0
INSERT 0 0
INSERT 0 0
INSERT 0 0
INSERT 0 0
INSERT 0 0
INSERT 0 0
INSERT 0 0
INSERT 0 0
INSERT 0 0
INSERT 0 0
INSERT 0 0
INSERT 0 0
INSERT 0 0
INSERT 0 0
INSERT 0 0
INSERT 0 0
INSERT 0 0
INSERT 0 0
INSERT 0 0
INSERT 0 0
INSERT 0 0
INSERT 0 0
INSERT 0 0
INSERT 0 0
INSERT 0 0
INSERT 0 0
INSERT 0 0
UPDATE 0
UPDATE 0
UPDATE 0
UPDATE 0
UPDATE 0
UPDATE 0
UPDATE 0
UPDATE 0
UPDATE 0
UPDATE 0
UPDATE 0
UPDATE 0
UPDATE 0
UPDATE 0
UPDATE 0
UPDATE 0
UPDATE 0
UPDATE 0
UPDATE 0
UPDATE 0
UPDATE 0
UPDATE 0
UPDATE 0
UPDATE 0
UPDATE 0
UPDATE 0
UPDATE 0
UPDATE 0
UPDATE 0
UPDATE 0
UPDATE 0
UPDATE 0
UPDATE 0
UPDATE 0
UPDATE 0
UPDATE 0
UPDATE 0
UPDATE 0
UPDATE 0
UPDATE 0
UPDATE 0
UPDATE 0
UPDATE 0
UPDATE 0
UPDATE 0
UPDATE 0
UPDATE 0
UPDATE 0
UPDATE 0
UPDATE 1
UPDATE 1
UPDATE 1
UPDATE 1
UPDATE 1
UPDATE 1
UPDATE 1
UPDATE 1
UPDATE 1
UPDATE 1
UPDATE 1
UPDATE 1
UPDATE 1
UPDATE 1
UPDATE 1
UPDATE 1
UPDATE 1
UPDATE 2
UPDATE 0
UPDATE 0
UPDATE 1
UPDATE 1
UPDATE 1
UPDATE 1
UPDATE 1
UPDATE 2
UPDATE 2
UPDATE 0
UPDATE 0
UPDATE 0
UPDATE 0
UPDATE 1
UPDATE 1
UPDATE 1
UPDATE 2
UPDATE 2
UPDATE 0
UPDATE 0
UPDATE 0
UPDATE 0
UPDATE 1
UPDATE 1
UPDATE 1
UPDATE 1
UPDATE 1
UPDATE 1
UPDATE 1
UPDATE 1
UPDATE 1
UPDATE 1
UPDATE 1
UPDATE 1
UPDATE 1
UPDATE 1
UPDATE 1
UPDATE 1
UPDATE 1
UPDATE 1
UPDATE 1
UPDATE 1
UPDATE 1
UPDATE 1
UPDATE 1
UPDATE 1
UPDATE 1
UPDATE 0
UPDATE 0
UPDATE 1
UPDATE 1
UPDATE 1
UPDATE 1
UPDATE 1
UPDATE 1
UPDATE 0
UPDATE 0
UPDATE 1
UPDATE 1
UPDATE 1
INSERT 0 0
UPDATE 1
DELETE 2
DELETE 1
INSERT 0 0
INSERT 0 0
INSERT 0 0
INSERT 0 0
INSERT 0 0
INSERT 0 0
INSERT 0 0
INSERT 0 0
INSERT 0 0
INSERT 0 0
INSERT 0 0
INSERT 0 0
INSERT 0 0
INSERT 0 0
INSERT 0 0
INSERT 0 0
INSERT 0 0
INSERT 0 0
INSERT 0 0
INSERT 0 0
INSERT 0 0
INSERT 0 0
INSERT 0 0
INSERT 0 0
INSERT 0 0
INSERT 0 0
INSERT 0 0
INSERT 0 0
INSERT 0 0
INSERT 0 0
INSERT 0 0
INSERT 0 0
INSERT 0 0
INSERT 0 0
INSERT 0 0
INSERT 0 0
INSERT 0 0
INSERT 0 0
INSERT 0 0
INSERT 0 0
INSERT 0 0
INSERT 0 0
INSERT 0 0
INSERT 0 0
INSERT 0 0
INSERT 0 0
INSERT 0 0
INSERT 0 0
INSERT 0 0
INSERT 0 0
INSERT 0 0
INSERT 0 0
INSERT 0 0
INSERT 0 0
INSERT 0 0
INSERT 0 0
INSERT 0 0
INSERT 0 0
INSERT 0 0
INSERT 0 0
INSERT 0 0
INSERT 0 0
INSERT 0 0
INSERT 0 0
INSERT 0 0
INSERT 0 0
INSERT 0 0
INSERT 0 0
INSERT 0 0
INSERT 0 0
INSERT 0 0
INSERT 0 0
INSERT 0 0
INSERT 0 0
INSERT 0 0
INSERT 0 0
INSERT 0 0
INSERT 0 0
INSERT 0 0
INSERT 0 0
INSERT 0 0
INSERT 0 0
INSERT 0 0
INSERT 0 0
INSERT 0 0
INSERT 0 0
INSERT 0 0
INSERT 0 0
INSERT 0 0
INSERT 0 0
INSERT 0 0
INSERT 0 0
INSERT 0 0
INSERT 0 0
INSERT 0 0
INSERT 0 0
INSERT 0 0
INSERT 0 0
INSERT 0 0
INSERT 0 0
INSERT 0 0
INSERT 0 0
INSERT 0 0
INSERT 0 0
INSERT 0 0
INSERT 0 0
INSERT 0 0
INSERT 0 0
INSERT 0 0
INSERT 0 0
INSERT 0 0
INSERT 0 0
INSERT 0 0
INSERT 0 0
INSERT 0 0
INSERT 0 0
INSERT 0 0
INSERT 0 0
INSERT 0 0
INSERT 0 0
INSERT 0 0
INSERT 0 0
INSERT 0 0
INSERT 0 0
INSERT 0 0
INSERT 0 0
INSERT 0 0
INSERT 0 0
INSERT 0 0
INSERT 0 0
INSERT 0 0
INSERT 0 0
INSERT 0 0
INSERT 0 0
INSERT 0 0
INSERT 0 0
INSERT 0 0
INSERT 0 0
INSERT 0 0
INSERT 0 0
INSERT 0 0
INSERT 0 0
INSERT 0 0
INSERT 0 0
INSERT 0 0
INSERT 0 0
INSERT 0 0
INSERT 0 0
INSERT 0 0
INSERT 0 0
INSERT 0 0
INSERT 0 0
INSERT 0 0
INSERT 0 0
INSERT 0 0
INSERT 0 0
INSERT 0 0
INSERT 0 0
INSERT 0 0
INSERT 0 0
INSERT 0 0
INSERT 0 0
INSERT 0 0
INSERT 0 0
INSERT 0 0
INSERT 0 0
INSERT 0 0
INSERT 0 0
INSERT 0 0
INSERT 0 0
INSERT 0 0
INSERT 0 0
INSERT 0 0
INSERT 0 0
INSERT 0 0
INSERT 0 0
INSERT 0 0
INSERT 0 0
INSERT 0 0
INSERT 0 0
INSERT 0 0
INSERT 0 0
INSERT 0 0
INSERT 0 0
INSERT 0 0
INSERT 0 0
INSERT 0 0
INSERT 0 0
INSERT 0 0
INSERT 0 0
INSERT 0 0
INSERT 0 0
INSERT 0 0
INSERT 0 0
INSERT 0 0
INSERT 0 0
INSERT 0 0
INSERT 0 0
INSERT 0 0
INSERT 0 0
INSERT 0 0
INSERT 0 0
INSERT 0 0
INSERT 0 0
INSERT 0 0
INSERT 0 0
INSERT 0 0
INSERT 0 0
INSERT 0 0
INSERT 0 0
INSERT 0 0
INSERT 0 0
INSERT 0 0
INSERT 0 0
INSERT 0 0
INSERT 0 0
INSERT 0 0
INSERT 0 0
INSERT 0 0
INSERT 0 0
INSERT 0 0
INSERT 0 0
INSERT 0 0
INSERT 0 0
INSERT 0 0
INSERT 0 0
INSERT 0 0
INSERT 0 0
INSERT 0 0
INSERT 0 0
INSERT 0 0
INSERT 0 0
INSERT 0 0
INSERT 0 0
INSERT 0 0
INSERT 0 0
INSERT 0 0
INSERT 0 0
INSERT 0 0
INSERT 0 0
INSERT 0 0
INSERT 0 0
INSERT 0 0
INSERT 0 0
INSERT 0 0
INSERT 0 0
INSERT 0 0
INSERT 0 0
INSERT 0 0
UPDATE 1
UPDATE 1
UPDATE 1
UPDATE 1
UPDATE 1
UPDATE 1
UPDATE 1
UPDATE 1
UPDATE 1
UPDATE 1
UPDATE 1
UPDATE 1
UPDATE 1
UPDATE 1
UPDATE 1
UPDATE 1
UPDATE 1
UPDATE 1
UPDATE 1
UPDATE 1
UPDATE 1
UPDATE 1
UPDATE 1
UPDATE 1
UPDATE 1
UPDATE 1
UPDATE 1
UPDATE 1
UPDATE 1
UPDATE 1
UPDATE 1
INSERT 0 0
UPDATE 1
INSERT 0 0
INSERT 0 0
INSERT 0 0
INSERT 0 0
INSERT 0 0
INSERT 0 0
INSERT 0 0
INSERT 0 0
INSERT 0 0
INSERT 0 0
INSERT 0 0
INSERT 0 0
INSERT 0 0
INSERT 0 0
INSERT 0 0
INSERT 0 0
INSERT 0 0
INSERT 0 0
INSERT 0 0
INSERT 0 0
INSERT 0 0
INSERT 0 0
INSERT 0 0
INSERT 0 0
INSERT 0 0
INSERT 0 0
INSERT 0 0
INSERT 0 0
INSERT 0 0
INSERT 0 0
INSERT 0 0
INSERT 0 0
INSERT 0 0
INSERT 0 0
INSERT 0 0
INSERT 0 0
INSERT 0 0
INSERT 0 0
INSERT 0 0
INSERT 0 0
INSERT 0 0
INSERT 0 0
INSERT 0 0
INSERT 0 0
INSERT 0 0
INSERT 0 0
INSERT 0 0
INSERT 0 0
INSERT 0 0
INSERT 0 0
INSERT 0 0
INSERT 0 0
INSERT 0 0
INSERT 0 0
INSERT 0 0
INSERT 0 0
INSERT 0 0
INSERT 0 0
INSERT 0 0
INSERT 0 0
INSERT 0 0
INSERT 0 0
INSERT 0 0
INSERT 0 0
INSERT 0 0
INSERT 0 0
INSERT 0 0
INSERT 0 0
INSERT 0 0
INSERT 0 0
INSERT 0 0
INSERT 0 0
INSERT 0 0
INSERT 0 0
INSERT 0 0
INSERT 0 0
INSERT 0 0
INSERT 0 0
INSERT 0 0
INSERT 0 0
INSERT 0 0
INSERT 0 0
INSERT 0 0
INSERT 0 0
INSERT 0 0
INSERT 0 0
INSERT 0 0
INSERT 0 0
INSERT 0 0
INSERT 0 0
INSERT 0 0
INSERT 0 0
INSERT 0 0
INSERT 0 0
INSERT 0 0
INSERT 0 0
INSERT 0 0
INSERT 0 0
INSERT 0 0
INSERT 0 0
INSERT 0 0
INSERT 0 0
INSERT 0 0
INSERT 0 0
INSERT 0 0
INSERT 0 0
INSERT 0 0
INSERT 0 0
INSERT 0 0
INSERT 0 0
INSERT 0 0
INSERT 0 0
INSERT 0 0
INSERT 0 0
INSERT 0 0
INSERT 0 0
INSERT 0 0
INSERT 0 0
INSERT 0 0
INSERT 0 0
INSERT 0 0
INSERT 0 0
INSERT 0 0
INSERT 0 0
INSERT 0 0
INSERT 0 0
INSERT 0 0
INSERT 0 0
INSERT 0 0
UPDATE 1
UPDATE 1
UPDATE 1
UPDATE 1
UPDATE 1
UPDATE 1
UPDATE 1
UPDATE 2
UPDATE 0
UPDATE 1
UPDATE 1
INSERT 0 0
INSERT 0 0
INSERT 0 0
INSERT 0 0
INSERT 0 0
INSERT 0 0
INSERT 0 0
INSERT 0 0
INSERT 0 0
INSERT 0 0
INSERT 0 0
INSERT 0 0
INSERT 0 0
INSERT 0 0
INSERT 0 0
INSERT 0 0
INSERT 0 0
INSERT 0 0
INSERT 0 0
INSERT 0 0
INSERT 0 0
INSERT 0 0
INSERT 0 0
INSERT 0 0
INSERT 0 0
INSERT 0 0
INSERT 0 0
INSERT 0 0
INSERT 0 0
INSERT 0 0
INSERT 0 0
INSERT 0 0
INSERT 0 0
INSERT 0 0
INSERT 0 0
INSERT 0 0
INSERT 0 0
INSERT 0 0
INSERT 0 0
INSERT 0 0
INSERT 0 0
INSERT 0 0
INSERT 0 0
INSERT 0 0
INSERT 0 0
INSERT 0 0
INSERT 0 0
INSERT 0 0
INSERT 0 0
INSERT 0 0
INSERT 0 0
INSERT 0 0
INSERT 0 0
INSERT 0 0
INSERT 0 0
INSERT 0 0
INSERT 0 0
INSERT 0 0
INSERT 0 0
INSERT 0 0
INSERT 0 0
INSERT 0 0
INSERT 0 0
INSERT 0 0
INSERT 0 0
INSERT 0 0
INSERT 0 0
INSERT 0 0
INSERT 0 0
INSERT 0 0
INSERT 0 0
INSERT 0 0
INSERT 0 0
INSERT 0 0
INSERT 0 0
INSERT 0 0
INSERT 0 0
INSERT 0 0
INSERT 0 0
INSERT 0 0
INSERT 0 0
INSERT 0 0
INSERT 0 0
INSERT 0 0
INSERT 0 0
INSERT 0 0
INSERT 0 0
INSERT 0 0
INSERT 0 0
INSERT 0 0
INSERT 0 0
INSERT 0 0
INSERT 0 0
INSERT 0 0
INSERT 0 0
INSERT 0 0
INSERT 0 0
INSERT 0 0
INSERT 0 0
INSERT 0 0
INSERT 0 0
INSERT 0 0
INSERT 0 0
INSERT 0 0
INSERT 0 0
INSERT 0 0
INSERT 0 0
INSERT 0 0
INSERT 0 0
INSERT 0 0
INSERT 0 0
INSERT 0 0
INSERT 0 0
INSERT 0 0
INSERT 0 0
INSERT 0 0
INSERT 0 0
INSERT 0 0
INSERT 0 0
INSERT 0 0
INSERT 0 0
INSERT 0 0
INSERT 0 0
INSERT 0 0
INSERT 0 0
INSERT 0 0
INSERT 0 0
INSERT 0 0
INSERT 0 0
INSERT 0 0
INSERT 0 0
INSERT 0 0
INSERT 0 0
INSERT 0 0
INSERT 0 0
INSERT 0 0
INSERT 0 0
INSERT 0 0
INSERT 0 0
INSERT 0 0
INSERT 0 0
INSERT 0 0
INSERT 0 0
INSERT 0 0
INSERT 0 0
INSERT 0 0
INSERT 0 0
INSERT 0 0
INSERT 0 0
INSERT 0 0
INSERT 0 0
INSERT 0 0
INSERT 0 0
INSERT 0 0
INSERT 0 0
INSERT 0 0
INSERT 0 0
INSERT 0 0
INSERT 0 0
INSERT 0 0
INSERT 0 0
INSERT 0 0
INSERT 0 0
INSERT 0 0
INSERT 0 0
INSERT 0 0
INSERT 0 0
INSERT 0 0
INSERT 0 0
INSERT 0 0
INSERT 0 0
INSERT 0 0
INSERT 0 0
INSERT 0 0
INSERT 0 0
INSERT 0 0
INSERT 0 0
INSERT 0 0
INSERT 0 0
INSERT 0 0
INSERT 0 0
INSERT 0 0
INSERT 0 0
INSERT 0 0
INSERT 0 0
INSERT 0 0
INSERT 0 0
INSERT 0 0
INSERT 0 0
INSERT 0 0
INSERT 0 0
INSERT 0 0
INSERT 0 0
INSERT 0 0
INSERT 0 0
INSERT 0 0
INSERT 0 0
INSERT 0 0
INSERT 0 0
INSERT 0 0
INSERT 0 0
INSERT 0 0
INSERT 0 0
INSERT 0 0
INSERT 0 0
INSERT 0 0
INSERT 0 0
INSERT 0 0
INSERT 0 0
INSERT 0 0
INSERT 0 0
INSERT 0 0
INSERT 0 0
INSERT 0 0
INSERT 0 0
INSERT 0 0
INSERT 0 0
INSERT 0 0
INSERT 0 0
INSERT 0 0
INSERT 0 0
INSERT 0 0
INSERT 0 0
INSERT 0 0
INSERT 0 0
INSERT 0 0
INSERT 0 0
INSERT 0 0
INSERT 0 0
INSERT 0 0
INSERT 0 0
INSERT 0 0
INSERT 0 0
INSERT 0 0
INSERT 0 0
INSERT 0 0
INSERT 0 0
INSERT 0 0
INSERT 0 0
INSERT 0 0
INSERT 0 0
INSERT 0 0
INSERT 0 0
INSERT 0 0
INSERT 0 0
INSERT 0 0
INSERT 0 0
INSERT 0 0
INSERT 0 0
INSERT 0 0
INSERT 0 0
INSERT 0 0
INSERT 0 0
INSERT 0 0
INSERT 0 0
INSERT 0 0
INSERT 0 0
INSERT 0 0
INSERT 0 0
INSERT 0 0
INSERT 0 0
INSERT 0 0
INSERT 0 0
INSERT 0 0
INSERT 0 0
INSERT 0 0
INSERT 0 0
INSERT 0 0
INSERT 0 0
INSERT 0 0
INSERT 0 0
INSERT 0 0
INSERT 0 0
INSERT 0 0
INSERT 0 0
INSERT 0 0
INSERT 0 0
INSERT 0 0
INSERT 0 0
INSERT 0 0
INSERT 0 0
UPDATE 1
UPDATE 1
UPDATE 1
UPDATE 1
UPDATE 1
UPDATE 1
UPDATE 1
UPDATE 1
UPDATE 1
UPDATE 1
UPDATE 1
UPDATE 1
UPDATE 1
UPDATE 1
UPDATE 1
UPDATE 1
UPDATE 1
UPDATE 1
UPDATE 1
UPDATE 1
UPDATE 1
UPDATE 1
UPDATE 1
UPDATE 1
INSERT 0 0
UPDATE 1
INSERT 0 0
UPDATE 1
UPDATE 1
UPDATE 1
UPDATE 1
UPDATE 2
UPDATE 0
UPDATE 1
UPDATE 1
UPDATE 1
UPDATE 1
UPDATE 1
UPDATE 1
UPDATE 1
UPDATE 1
UPDATE 1
UPDATE 1
UPDATE 1
UPDATE 1
UPDATE 1
UPDATE 1
UPDATE 1
UPDATE 1
UPDATE 1
UPDATE 1
UPDATE 1
UPDATE 1
UPDATE 2
UPDATE 0
UPDATE 1
UPDATE 1
UPDATE 1
UPDATE 1
UPDATE 1
UPDATE 1
UPDATE 1
UPDATE 1
UPDATE 1
UPDATE 1
INSERT 0 0
UPDATE 1
INSERT 0 0
UPDATE 1
INSERT 0 0
INSERT 0 0
INSERT 0 0
INSERT 0 0
INSERT 0 0
INSERT 0 0
INSERT 0 0
INSERT 0 0
INSERT 0 0
INSERT 0 0
INSERT 0 0
INSERT 0 0
INSERT 0 0
INSERT 0 0
INSERT 0 0
INSERT 0 0
INSERT 0 0
INSERT 0 0
INSERT 0 0
INSERT 0 0
INSERT 0 0
INSERT 0 0
INSERT 0 0
INSERT 0 0
INSERT 0 0
INSERT 0 0
INSERT 0 0
INSERT 0 0
INSERT 0 0
INSERT 0 0
INSERT 0 0
INSERT 0 0
INSERT 0 0
INSERT 0 0
INSERT 0 0
INSERT 0 0
INSERT 0 0
INSERT 0 0
INSERT 0 0
INSERT 0 0
INSERT 0 0
INSERT 0 0
INSERT 0 0
INSERT 0 0
INSERT 0 0
INSERT 0 0
INSERT 0 0
INSERT 0 0
INSERT 0 0
INSERT 0 0
INSERT 0 0
INSERT 0 0
INSERT 0 0
INSERT 0 0
INSERT 0 0
INSERT 0 0
INSERT 0 0
INSERT 0 0
INSERT 0 0
INSERT 0 0
INSERT 0 0
INSERT 0 0
INSERT 0 0
INSERT 0 0
INSERT 0 0
INSERT 0 0
INSERT 0 0
INSERT 0 0
INSERT 0 0
INSERT 0 0
INSERT 0 0
INSERT 0 0
INSERT 0 0
INSERT 0 0
INSERT 0 0
INSERT 0 0
INSERT 0 0
INSERT 0 0
INSERT 0 0
INSERT 0 0
INSERT 0 0
INSERT 0 0
INSERT 0 0
INSERT 0 0
INSERT 0 0
INSERT 0 0
INSERT 0 0
INSERT 0 0
INSERT 0 0
INSERT 0 0
INSERT 0 0
INSERT 0 0
INSERT 0 0
INSERT 0 0
INSERT 0 0
INSERT 0 0
INSERT 0 0
INSERT 0 0
INSERT 0 0
INSERT 0 0
INSERT 0 0
INSERT 0 0
INSERT 0 0
INSERT 0 0
INSERT 0 0
INSERT 0 0
INSERT 0 0
INSERT 0 0
INSERT 0 0
INSERT 0 0
INSERT 0 0
INSERT 0 0
INSERT 0 0
INSERT 0 0
INSERT 0 0
INSERT 0 0
INSERT 0 0
INSERT 0 0
INSERT 0 0
INSERT 0 0
INSERT 0 0
INSERT 0 0
INSERT 0 0
INSERT 0 0
INSERT 0 0
INSERT 0 0
INSERT 0 0
INSERT 0 0
INSERT 0 0
INSERT 0 0
INSERT 0 0
INSERT 0 0
INSERT 0 0
INSERT 0 0
INSERT 0 0
INSERT 0 0
INSERT 0 0
INSERT 0 0
INSERT 0 0
INSERT 0 0
INSERT 0 0
INSERT 0 0
INSERT 0 0
INSERT 0 0
INSERT 0 0
INSERT 0 0
INSERT 0 0
INSERT 0 0
INSERT 0 0
INSERT 0 0
INSERT 0 0
INSERT 0 0
INSERT 0 0
INSERT 0 0
INSERT 0 0
INSERT 0 0
INSERT 0 0
INSERT 0 0
INSERT 0 0
INSERT 0 0
INSERT 0 0
INSERT 0 0
INSERT 0 0
INSERT 0 0
INSERT 0 0
INSERT 0 0
INSERT 0 0
INSERT 0 0
INSERT 0 0
INSERT 0 0
INSERT 0 0
INSERT 0 0
INSERT 0 0
INSERT 0 0
INSERT 0 0
INSERT 0 0
INSERT 0 0
INSERT 0 0
INSERT 0 0
INSERT 0 0
INSERT 0 0
INSERT 0 0
INSERT 0 0
INSERT 0 0
INSERT 0 0
INSERT 0 0
UPDATE 1
UPDATE 1
UPDATE 1
UPDATE 1
UPDATE 1
UPDATE 1
UPDATE 1
UPDATE 1
UPDATE 1
UPDATE 1
UPDATE 1
UPDATE 1
UPDATE 1
UPDATE 1
UPDATE 1
UPDATE 1
UPDATE 1
UPDATE 1
UPDATE 1
UPDATE 1
UPDATE 1
UPDATE 1
UPDATE 1
UPDATE 1
UPDATE 1
UPDATE 1
UPDATE 1
UPDATE 1
UPDATE 1
UPDATE 1
UPDATE 1
UPDATE 1
UPDATE 1
UPDATE 1
UPDATE 1
UPDATE 1
UPDATE 1
UPDATE 1
UPDATE 1
UPDATE 1
INSERT 0 0
UPDATE 1
INSERT 0 0
UPDATE 1
INSERT 0 0
INSERT 0 0
INSERT 0 0
INSERT 0 0
INSERT 0 0
INSERT 0 0
INSERT 0 0
INSERT 0 0
INSERT 0 0
INSERT 0 0
INSERT 0 0
INSERT 0 0
INSERT 0 0
INSERT 0 0
INSERT 0 0
INSERT 0 0
INSERT 0 0
INSERT 0 0
INSERT 0 0
INSERT 0 0
INSERT 0 0
INSERT 0 0
INSERT 0 0
INSERT 0 0
INSERT 0 0
INSERT 0 0
INSERT 0 0
INSERT 0 0
INSERT 0 0
INSERT 0 0
INSERT 0 0
INSERT 0 0
INSERT 0 0
INSERT 0 0
INSERT 0 0
INSERT 0 0
INSERT 0 0
INSERT 0 0
INSERT 0 0
INSERT 0 0
INSERT 0 0
INSERT 0 0
INSERT 0 0
INSERT 0 0
INSERT 0 0
INSERT 0 0
INSERT 0 0
INSERT 0 0
INSERT 0 0
INSERT 0 0
INSERT 0 0
INSERT 0 0
INSERT 0 0
INSERT 0 0
INSERT 0 0
INSERT 0 0
INSERT 0 0
INSERT 0 0
INSERT 0 0
INSERT 0 0
INSERT 0 0
INSERT 0 0
INSERT 0 0
INSERT 0 0
INSERT 0 0
INSERT 0 0
INSERT 0 0
INSERT 0 0
INSERT 0 0
INSERT 0 0
INSERT 0 0
INSERT 0 0
INSERT 0 0
INSERT 0 0
INSERT 0 0
INSERT 0 0
INSERT 0 0
INSERT 0 0
INSERT 0 0
INSERT 0 0
INSERT 0 0
INSERT 0 0
INSERT 0 0
INSERT 0 0
INSERT 0 0
INSERT 0 0
INSERT 0 0
INSERT 0 0
INSERT 0 0
INSERT 0 0
INSERT 0 0
INSERT 0 0
INSERT 0 0
INSERT 0 0
INSERT 0 0
INSERT 0 0
INSERT 0 0
INSERT 0 0
INSERT 0 0
INSERT 0 0
INSERT 0 0
INSERT 0 0
INSERT 0 0
INSERT 0 0
INSERT 0 0
INSERT 0 0
INSERT 0 0
INSERT 0 0
INSERT 0 0
INSERT 0 0
INSERT 0 0
INSERT 0 0
INSERT 0 0
INSERT 0 0
INSERT 0 0
INSERT 0 0
INSERT 0 0
INSERT 0 0
INSERT 0 0
INSERT 0 0
INSERT 0 0
INSERT 0 0
INSERT 0 0
INSERT 0 0
INSERT 0 0
INSERT 0 0
INSERT 0 0
INSERT 0 0
INSERT 0 0
INSERT 0 0
INSERT 0 0
INSERT 0 0
INSERT 0 0
INSERT 0 0
INSERT 0 0
INSERT 0 0
INSERT 0 0
INSERT 0 0
INSERT 0 0
INSERT 0 0
INSERT 0 0
INSERT 0 0
INSERT 0 0
INSERT 0 0
INSERT 0 0
INSERT 0 0
INSERT 0 0
INSERT 0 0
INSERT 0 0
INSERT 0 0
INSERT 0 0
INSERT 0 0
INSERT 0 0
INSERT 0 0
INSERT 0 0
INSERT 0 0
INSERT 0 0
INSERT 0 0
INSERT 0 0
INSERT 0 0
INSERT 0 0
INSERT 0 0
INSERT 0 0
INSERT 0 0
INSERT 0 0
INSERT 0 0
INSERT 0 0
INSERT 0 0
INSERT 0 0
INSERT 0 0
INSERT 0 0
INSERT 0 0
INSERT 0 0
UPDATE 1
UPDATE 1
UPDATE 1
UPDATE 1
UPDATE 1
UPDATE 1
UPDATE 1
UPDATE 1
UPDATE 1
UPDATE 1
UPDATE 1
UPDATE 1
UPDATE 1
UPDATE 1
UPDATE 1
UPDATE 1
UPDATE 1
UPDATE 1
UPDATE 1
UPDATE 1
UPDATE 1
UPDATE 1
UPDATE 1
UPDATE 1
UPDATE 1
UPDATE 1
UPDATE 1
UPDATE 1
UPDATE 1
UPDATE 1
UPDATE 1
UPDATE 1
UPDATE 1
UPDATE 1
UPDATE 1
UPDATE 1
UPDATE 1
UPDATE 1
UPDATE 1
UPDATE 1
INSERT 0 0
UPDATE 1
INSERT 0 0
INSERT 0 0
INSERT 0 0
INSERT 0 0
INSERT 0 0
INSERT 0 0
INSERT 0 0
INSERT 0 0
INSERT 0 0
INSERT 0 0
INSERT 0 0
INSERT 0 0
INSERT 0 0
INSERT 0 0
INSERT 0 0
INSERT 0 0
INSERT 0 0
INSERT 0 0
INSERT 0 0
INSERT 0 0
INSERT 0 0
INSERT 0 0
INSERT 0 0
INSERT 0 0
INSERT 0 0
INSERT 0 0
INSERT 0 0
INSERT 0 0
INSERT 0 0
INSERT 0 0
INSERT 0 0
INSERT 0 0
INSERT 0 0
INSERT 0 0
INSERT 0 0
INSERT 0 0
INSERT 0 0
INSERT 0 0
INSERT 0 0
INSERT 0 0
INSERT 0 0
INSERT 0 0
INSERT 0 0
INSERT 0 0
INSERT 0 0
INSERT 0 0
INSERT 0 0
INSERT 0 0
INSERT 0 0
INSERT 0 0
INSERT 0 0
INSERT 0 0
INSERT 0 0
INSERT 0 0
INSERT 0 0
INSERT 0 0
INSERT 0 0
INSERT 0 0
INSERT 0 0
INSERT 0 0
INSERT 0 0
INSERT 0 0
INSERT 0 0
INSERT 0 0
INSERT 0 0
INSERT 0 0
INSERT 0 0
UPDATE 1
UPDATE 1
UPDATE 1
UPDATE 1
UPDATE 1
UPDATE 1
UPDATE 1
UPDATE 1
UPDATE 1
UPDATE 1
UPDATE 1
UPDATE 1
UPDATE 1
UPDATE 1
INSERT 0 0
INSERT 0 0
INSERT 0 0
INSERT 0 0
INSERT 0 0
INSERT 0 0
INSERT 0 0
INSERT 0 0
INSERT 0 0
INSERT 0 0
INSERT 0 0
INSERT 0 0
INSERT 0 0
INSERT 0 0
INSERT 0 0
INSERT 0 0
INSERT 0 0
INSERT 0 0
INSERT 0 0
INSERT 0 0
INSERT 0 0
INSERT 0 0
INSERT 0 0
INSERT 0 0
INSERT 0 0
INSERT 0 0
INSERT 0 0
INSERT 0 0
INSERT 0 0
INSERT 0 0
INSERT 0 0
INSERT 0 0
INSERT 0 0
INSERT 0 0
INSERT 0 0
INSERT 0 0
INSERT 0 0
INSERT 0 0
INSERT 0 0
INSERT 0 0
INSERT 0 0
INSERT 0 0
INSERT 0 0
INSERT 0 0
INSERT 0 0
INSERT 0 0
INSERT 0 0
INSERT 0 0
INSERT 0 0
INSERT 0 0
INSERT 0 0
INSERT 0 0
INSERT 0 0
INSERT 0 0
INSERT 0 0
INSERT 0 0
INSERT 0 0
INSERT 0 0
INSERT 0 0
INSERT 0 0
INSERT 0 0
INSERT 0 0
INSERT 0 0
INSERT 0 0
INSERT 0 0
INSERT 0 0
INSERT 0 0
INSERT 0 0
INSERT 0 0
INSERT 0 0
INSERT 0 0
INSERT 0 0
INSERT 0 0
INSERT 0 0
INSERT 0 0
INSERT 0 0
INSERT 0 0
INSERT 0 0
INSERT 0 0
INSERT 0 0
INSERT 0 0
INSERT 0 0
INSERT 0 0
INSERT 0 0
INSERT 0 0
INSERT 0 0
INSERT 0 0
INSERT 0 0
INSERT 0 0
INSERT 0 0
INSERT 0 0
INSERT 0 0
INSERT 0 0
INSERT 0 0
INSERT 0 0
INSERT 0 0
INSERT 0 0
INSERT 0 0
INSERT 0 0
INSERT 0 0
INSERT 0 0
INSERT 0 0
INSERT 0 0
INSERT 0 0
INSERT 0 0
INSERT 0 0
INSERT 0 0
INSERT 0 0
INSERT 0 0
INSERT 0 0
INSERT 0 0
INSERT 0 0
INSERT 0 0
INSERT 0 0
INSERT 0 0
INSERT 0 0
INSERT 0 0
INSERT 0 0
INSERT 0 0
INSERT 0 0
INSERT 0 0
UPDATE 1
UPDATE 1
UPDATE 1
UPDATE 1
UPDATE 1
UPDATE 1
UPDATE 1
UPDATE 1
UPDATE 1
UPDATE 1
UPDATE 1
UPDATE 1
UPDATE 1
UPDATE 1
UPDATE 1
UPDATE 1
UPDATE 1
UPDATE 1
UPDATE 1
UPDATE 1
UPDATE 1
UPDATE 1
UPDATE 1
UPDATE 1
UPDATE 1
INSERT 0 0
INSERT 0 0
INSERT 0 0
INSERT 0 0
INSERT 0 0
INSERT 0 0
INSERT 0 0
INSERT 0 0
INSERT 0 0
INSERT 0 0
INSERT 0 0
INSERT 0 0
INSERT 0 0
INSERT 0 0
INSERT 0 0
INSERT 0 0
INSERT 0 0
INSERT 0 0
INSERT 0 0
INSERT 0 0
INSERT 0 0
INSERT 0 0
INSERT 0 0
INSERT 0 0
INSERT 0 0
INSERT 0 0
INSERT 0 0
INSERT 0 0
INSERT 0 0
INSERT 0 0
INSERT 0 0
INSERT 0 0
INSERT 0 0
INSERT 0 0
INSERT 0 0
INSERT 0 0
INSERT 0 0
INSERT 0 0
INSERT 0 0
INSERT 0 0
INSERT 0 0
INSERT 0 0
INSERT 0 0
INSERT 0 0
INSERT 0 0
INSERT 0 0
INSERT 0 0
INSERT 0 0
INSERT 0 0
INSERT 0 0
INSERT 0 0
INSERT 0 0
INSERT 0 0
INSERT 0 0
INSERT 0 0
INSERT 0 0
INSERT 0 0
INSERT 0 0
INSERT 0 0
INSERT 0 0
INSERT 0 0
INSERT 0 0
INSERT 0 0
INSERT 0 0
INSERT 0 0
INSERT 0 0
INSERT 0 0
INSERT 0 0
INSERT 0 0
INSERT 0 0
INSERT 0 0
INSERT 0 0
INSERT 0 0
INSERT 0 0
INSERT 0 0
INSERT 0 0
INSERT 0 0
INSERT 0 0
INSERT 0 0
INSERT 0 0
INSERT 0 0
INSERT 0 0
INSERT 0 0
INSERT 0 0
INSERT 0 0
INSERT 0 0
INSERT 0 0
INSERT 0 0
INSERT 0 0
INSERT 0 0
INSERT 0 0
INSERT 0 0
INSERT 0 0
INSERT 0 0
INSERT 0 0
INSERT 0 0
INSERT 0 0
INSERT 0 0
INSERT 0 0
INSERT 0 0
INSERT 0 0
INSERT 0 0
INSERT 0 0
INSERT 0 0
INSERT 0 0
INSERT 0 0
INSERT 0 0
INSERT 0 0
INSERT 0 0
INSERT 0 0
INSERT 0 0
INSERT 0 0
INSERT 0 0
INSERT 0 0
INSERT 0 0
INSERT 0 0
INSERT 0 0
UPDATE 1
UPDATE 1
UPDATE 1
UPDATE 1
UPDATE 1
UPDATE 1
UPDATE 1
UPDATE 1
UPDATE 1
UPDATE 1
UPDATE 1
UPDATE 1
UPDATE 1
UPDATE 1
UPDATE 1
UPDATE 1
UPDATE 1
UPDATE 1
UPDATE 1
UPDATE 1
UPDATE 1
UPDATE 1
UPDATE 1
UPDATE 1
INSERT 0 0
INSERT 0 0
INSERT 0 0
INSERT 0 0
INSERT 0 0
INSERT 0 0
INSERT 0 0
INSERT 0 0
INSERT 0 0
INSERT 0 0
INSERT 0 0
INSERT 0 0
INSERT 0 0
INSERT 0 0
INSERT 0 0
INSERT 0 0
INSERT 0 0
INSERT 0 0
INSERT 0 0
INSERT 0 0
INSERT 0 0
INSERT 0 0
INSERT 0 0
INSERT 0 0
INSERT 0 0
INSERT 0 0
INSERT 0 0
INSERT 0 0
INSERT 0 0
INSERT 0 0
INSERT 0 0
INSERT 0 0
INSERT 0 0
INSERT 0 0
INSERT 0 0
INSERT 0 0
INSERT 0 0
INSERT 0 0
INSERT 0 0
INSERT 0 0
INSERT 0 0
INSERT 0 0
INSERT 0 0
INSERT 0 0
INSERT 0 0
INSERT 0 0
INSERT 0 0
INSERT 0 0
INSERT 0 0
INSERT 0 0
INSERT 0 0
INSERT 0 0
INSERT 0 0
INSERT 0 0
INSERT 0 0
INSERT 0 0
INSERT 0 0
INSERT 0 0
INSERT 0 0
INSERT 0 0
INSERT 0 0
INSERT 0 0
INSERT 0 0
INSERT 0 0
INSERT 0 0
INSERT 0 0
INSERT 0 0
INSERT 0 0
INSERT 0 0
INSERT 0 0
INSERT 0 0
INSERT 0 0
INSERT 0 0
INSERT 0 0
INSERT 0 0
INSERT 0 0
INSERT 0 0
INSERT 0 0
INSERT 0 0
INSERT 0 0
UPDATE 1
UPDATE 1
UPDATE 1
UPDATE 1
UPDATE 1
UPDATE 1
UPDATE 1
UPDATE 1
INSERT 0 0
INSERT 0 0
INSERT 0 0
INSERT 0 0
INSERT 0 0
INSERT 0 0
INSERT 0 0
INSERT 0 0
INSERT 0 0
INSERT 0 0
INSERT 0 0
INSERT 0 0
INSERT 0 0
INSERT 0 0
INSERT 0 0
INSERT 0 0
INSERT 0 0
INSERT 0 0
INSERT 0 0
INSERT 0 0
INSERT 0 0
INSERT 0 0
INSERT 0 0
INSERT 0 0
INSERT 0 0
INSERT 0 0
INSERT 0 0
UPDATE 1
INSERT 0 0
INSERT 0 0
INSERT 0 0
INSERT 0 0
INSERT 0 0
INSERT 0 0
INSERT 0 0
INSERT 0 0
INSERT 0 0
INSERT 0 0
INSERT 0 0
INSERT 0 0
INSERT 0 0
INSERT 0 0
INSERT 0 0
INSERT 0 0
INSERT 0 0
INSERT 0 0
INSERT 0 0
INSERT 0 0
INSERT 0 0
INSERT 0 0
INSERT 0 0
INSERT 0 0
INSERT 0 0
INSERT 0 0
INSERT 0 0
INSERT 0 0
INSERT 0 0
INSERT 0 0
INSERT 0 0
INSERT 0 0
INSERT 0 0
INSERT 0 0
INSERT 0 0
INSERT 0 0
INSERT 0 0
INSERT 0 0
INSERT 0 0
INSERT 0 0
INSERT 0 0
INSERT 0 0
INSERT 0 0
INSERT 0 0
INSERT 0 0
INSERT 0 0
INSERT 0 0
INSERT 0 0
INSERT 0 0
INSERT 0 0
INSERT 0 0
INSERT 0 0
INSERT 0 0
INSERT 0 0
INSERT 0 0
INSERT 0 0
INSERT 0 0
INSERT 0 0
INSERT 0 0
INSERT 0 0
INSERT 0 0
INSERT 0 0
INSERT 0 0
INSERT 0 0
INSERT 0 0
INSERT 0 0
INSERT 0 0
INSERT 0 0
INSERT 0 0
INSERT 0 0
INSERT 0 0
INSERT 0 0
INSERT 0 0
INSERT 0 0
INSERT 0 0
INSERT 0 0
INSERT 0 0
INSERT 0 0
INSERT 0 0
INSERT 0 0
INSERT 0 0
INSERT 0 0
INSERT 0 0
INSERT 0 0
INSERT 0 0
INSERT 0 0
INSERT 0 0
INSERT 0 0
INSERT 0 0
INSERT 0 0
INSERT 0 0
INSERT 0 0
INSERT 0 0
INSERT 0 0
INSERT 0 0
INSERT 0 0
INSERT 0 0
INSERT 0 0
INSERT 0 0
INSERT 0 0
INSERT 0 0
INSERT 0 0
INSERT 0 0
INSERT 0 0
INSERT 0 0
INSERT 0 0
INSERT 0 0
INSERT 0 0
INSERT 0 0
INSERT 0 0
INSERT 0 0
INSERT 0 0
INSERT 0 0
INSERT 0 0
UPDATE 1
UPDATE 1
UPDATE 1
UPDATE 1
UPDATE 1
UPDATE 1
UPDATE 1
UPDATE 1
UPDATE 1
UPDATE 1
UPDATE 1
UPDATE 1
UPDATE 1
UPDATE 1
UPDATE 1
UPDATE 1
UPDATE 1
UPDATE 1
UPDATE 1
UPDATE 1
UPDATE 1
UPDATE 1
UPDATE 1
UPDATE 1
UPDATE 1
INSERT 0 0
INSERT 0 0
INSERT 0 0
INSERT 0 0
INSERT 0 0
INSERT 0 0
INSERT 0 0
INSERT 0 0
INSERT 0 0
INSERT 0 0
INSERT 0 0
INSERT 0 0
INSERT 0 0
INSERT 0 0
INSERT 0 0
INSERT 0 0
INSERT 0 0
INSERT 0 0
INSERT 0 0
INSERT 0 0
INSERT 0 0
INSERT 0 0
INSERT 0 0
INSERT 0 0
INSERT 0 0
INSERT 0 0
INSERT 0 0
INSERT 0 0
INSERT 0 0
INSERT 0 0
INSERT 0 0
INSERT 0 0
INSERT 0 0
INSERT 0 0
INSERT 0 0
INSERT 0 0
INSERT 0 0
INSERT 0 0
INSERT 0 0
INSERT 0 0
INSERT 0 0
INSERT 0 0
INSERT 0 0
INSERT 0 0
INSERT 0 0
INSERT 0 0
INSERT 0 0
INSERT 0 0
INSERT 0 0
INSERT 0 0
INSERT 0 0
INSERT 0 0
INSERT 0 0
INSERT 0 0
INSERT 0 0
INSERT 0 0
INSERT 0 0
INSERT 0 0
INSERT 0 0
INSERT 0 0
INSERT 0 0
INSERT 0 0
INSERT 0 0
INSERT 0 0
INSERT 0 0
INSERT 0 0
INSERT 0 0
UPDATE 1
UPDATE 1
UPDATE 1
UPDATE 1
UPDATE 1
UPDATE 1
UPDATE 1
UPDATE 1
UPDATE 1
UPDATE 1
UPDATE 1
UPDATE 1
UPDATE 1
UPDATE 1
UPDATE 1
UPDATE 1
UPDATE 1
UPDATE 1
UPDATE 1
UPDATE 1
INSERT 0 0
INSERT 0 0
INSERT 0 0
INSERT 0 0
INSERT 0 0
INSERT 0 0
INSERT 0 0
INSERT 0 0
INSERT 0 0
INSERT 0 0
INSERT 0 0
INSERT 0 0
INSERT 0 0
INSERT 0 0
INSERT 0 0
INSERT 0 0
INSERT 0 0
INSERT 0 0
INSERT 0 0
INSERT 0 0
INSERT 0 0
INSERT 0 0
INSERT 0 0
INSERT 0 0
INSERT 0 0
INSERT 0 0
INSERT 0 0
INSERT 0 0
INSERT 0 0
INSERT 0 0
INSERT 0 0
INSERT 0 0
INSERT 0 0
INSERT 0 0
INSERT 0 0
INSERT 0 0
INSERT 0 0
INSERT 0 0
INSERT 0 0
INSERT 0 0
INSERT 0 0
INSERT 0 0
INSERT 0 0
INSERT 0 0
INSERT 0 0
INSERT 0 0
INSERT 0 0
INSERT 0 0
INSERT 0 0
INSERT 0 0
INSERT 0 0
INSERT 0 0
INSERT 0 0
INSERT 0 0
INSERT 0 0
INSERT 0 0
INSERT 0 0
INSERT 0 0
INSERT 0 0
INSERT 0 0
INSERT 0 0
INSERT 0 0
INSERT 0 0
INSERT 0 0
INSERT 0 0
INSERT 0 0
INSERT 0 0
INSERT 0 0
INSERT 0 0
INSERT 0 0
INSERT 0 0
INSERT 0 0
INSERT 0 0
INSERT 0 0
INSERT 0 0
INSERT 0 0
INSERT 0 0
INSERT 0 0
INSERT 0 0
INSERT 0 0
INSERT 0 0
INSERT 0 0
INSERT 0 0
INSERT 0 0
INSERT 0 0
INSERT 0 0
INSERT 0 0
INSERT 0 0
INSERT 0 0
INSERT 0 0
INSERT 0 0
INSERT 0 0
INSERT 0 0
INSERT 0 0
INSERT 0 0
INSERT 0 0
INSERT 0 0
INSERT 0 0
INSERT 0 0
UPDATE 1
UPDATE 1
UPDATE 1
UPDATE 1
UPDATE 1
UPDATE 1
UPDATE 1
UPDATE 1
UPDATE 1
UPDATE 1
INSERT 0 0
INSERT 0 0
INSERT 0 0
INSERT 0 0
INSERT 0 0
INSERT 0 0
INSERT 0 0
INSERT 0 0
INSERT 0 0
INSERT 0 0
INSERT 0 0
INSERT 0 0
INSERT 0 0
INSERT 0 0
INSERT 0 0
INSERT 0 0
INSERT 0 0
INSERT 0 0
INSERT 0 0
INSERT 0 0
INSERT 0 0
INSERT 0 0
INSERT 0 0
INSERT 0 0
INSERT 0 0
INSERT 0 0
INSERT 0 0
INSERT 0 0
INSERT 0 0
INSERT 0 0
INSERT 0 0
INSERT 0 0
INSERT 0 0
INSERT 0 0
INSERT 0 0
INSERT 0 0
INSERT 0 0
INSERT 0 0
INSERT 0 0
INSERT 0 0
INSERT 0 0
INSERT 0 0
INSERT 0 0
INSERT 0 0
INSERT 0 0
INSERT 0 0
INSERT 0 0
INSERT 0 0
INSERT 0 0
INSERT 0 0
INSERT 0 0
INSERT 0 0
INSERT 0 0
INSERT 0 0
INSERT 0 0
INSERT 0 0
INSERT 0 0
INSERT 0 0
INSERT 0 0
INSERT 0 0
INSERT 0 0
INSERT 0 0
INSERT 0 0
INSERT 0 0
INSERT 0 0
INSERT 0 0
INSERT 0 0
INSERT 0 0
INSERT 0 0
INSERT 0 0
INSERT 0 0
INSERT 0 0
UPDATE 1
INSERT 0 0
INSERT 0 0
INSERT 0 0
INSERT 0 0
INSERT 0 0
INSERT 0 0
INSERT 0 0
INSERT 0 0
INSERT 0 0
INSERT 0 0
INSERT 0 0
INSERT 0 0
INSERT 0 0
INSERT 0 0
INSERT 0 0
INSERT 0 0
INSERT 0 0
INSERT 0 0
INSERT 0 0
INSERT 0 0
INSERT 0 0
INSERT 0 0
INSERT 0 0
INSERT 0 0
INSERT 0 0
INSERT 0 0
INSERT 0 0
INSERT 0 0
INSERT 0 0
INSERT 0 0
INSERT 0 0
INSERT 0 0
UPDATE 1
UPDATE 1
UPDATE 1
UPDATE 1
UPDATE 1
UPDATE 1
UPDATE 1
UPDATE 1
UPDATE 1
UPDATE 1
UPDATE 1
UPDATE 1
UPDATE 1
UPDATE 1
UPDATE 1
UPDATE 1
UPDATE 1
UPDATE 1
UPDATE 1
UPDATE 1
UPDATE 1
UPDATE 1
UPDATE 1
UPDATE 1
UPDATE 1
UPDATE 1
UPDATE 1
UPDATE 1
UPDATE 1
UPDATE 1
UPDATE 0
UPDATE 1
UPDATE 1
UPDATE 1
UPDATE 2
UPDATE 0
INSERT 0 0
INSERT 0 0
INSERT 0 0
INSERT 0 0
INSERT 0 0
INSERT 0 0
INSERT 0 0
INSERT 0 0
INSERT 0 0
INSERT 0 0
INSERT 0 0
INSERT 0 0
INSERT 0 0
INSERT 0 0
INSERT 0 0
INSERT 0 0
INSERT 0 0
INSERT 0 0
INSERT 0 0
INSERT 0 0
INSERT 0 0
INSERT 0 0
INSERT 0 0
INSERT 0 0
INSERT 0 0
INSERT 0 0
INSERT 0 0
INSERT 0 0
INSERT 0 0
INSERT 0 0
INSERT 0 0
INSERT 0 0
INSERT 0 0
INSERT 0 0
INSERT 0 0
INSERT 0 0
INSERT 0 0
INSERT 0 0
INSERT 0 0
INSERT 0 0
INSERT 0 0
INSERT 0 0
INSERT 0 0
INSERT 0 0
INSERT 0 0
INSERT 0 0
INSERT 0 0
INSERT 0 0
INSERT 0 0
INSERT 0 0
INSERT 0 0
INSERT 0 0
INSERT 0 0
INSERT 0 0
INSERT 0 0
INSERT 0 0
INSERT 0 0
INSERT 0 0
INSERT 0 0
INSERT 0 0
INSERT 0 0
INSERT 0 0
INSERT 0 0
INSERT 0 0
INSERT 0 0
UPDATE 1
UPDATE 1
UPDATE 1
UPDATE 1
UPDATE 1
UPDATE 1
UPDATE 1
UPDATE 1
INSERT 0 0
INSERT 0 0
INSERT 0 0
INSERT 0 0
INSERT 0 0
INSERT 0 0
INSERT 0 0
INSERT 0 0
INSERT 0 0
INSERT 0 0
INSERT 0 0
INSERT 0 0
INSERT 0 0
INSERT 0 0
INSERT 0 0
INSERT 0 0
INSERT 0 0
INSERT 0 0
INSERT 0 0
INSERT 0 0
INSERT 0 0
INSERT 0 0
INSERT 0 0
INSERT 0 0
INSERT 0 0
INSERT 0 0
INSERT 0 0
INSERT 0 0
INSERT 0 0
INSERT 0 0
INSERT 0 0
INSERT 0 0
INSERT 0 0
INSERT 0 0
INSERT 0 0
INSERT 0 0
INSERT 0 0
INSERT 0 0
INSERT 0 0
INSERT 0 0
INSERT 0 0
INSERT 0 0
INSERT 0 0
INSERT 0 0
INSERT 0 0
INSERT 0 0
INSERT 0 0
INSERT 0 0
INSERT 0 0
INSERT 0 0
INSERT 0 0
INSERT 0 0
INSERT 0 0
INSERT 0 0
INSERT 0 0
INSERT 0 0
INSERT 0 0
INSERT 0 0
INSERT 0 0
INSERT 0 0
INSERT 0 0
INSERT 0 0
INSERT 0 0
INSERT 0 0
INSERT 0 0
INSERT 0 0
INSERT 0 0
INSERT 0 0
INSERT 0 0
INSERT 0 0
INSERT 0 0
INSERT 0 0
INSERT 0 0
INSERT 0 0
INSERT 0 0
INSERT 0 0
INSERT 0 0
INSERT 0 0
INSERT 0 0
INSERT 0 0
INSERT 0 0
INSERT 0 0
INSERT 0 0
INSERT 0 0
INSERT 0 0
INSERT 0 0
INSERT 0 0
INSERT 0 0
INSERT 0 0
INSERT 0 0
INSERT 0 0
INSERT 0 0
INSERT 0 0
INSERT 0 0
INSERT 0 0
INSERT 0 0
INSERT 0 0
INSERT 0 0
INSERT 0 0
INSERT 0 0
INSERT 0 0
INSERT 0 0
INSERT 0 0
INSERT 0 0
INSERT 0 0
INSERT 0 0
INSERT 0 0
INSERT 0 0
INSERT 0 0
INSERT 0 0
INSERT 0 0
INSERT 0 0
INSERT 0 0
INSERT 0 0
INSERT 0 0
INSERT 0 0
INSERT 0 0
INSERT 0 0
INSERT 0 0
INSERT 0 0
INSERT 0 0
INSERT 0 0
INSERT 0 0
INSERT 0 0
INSERT 0 0
INSERT 0 0
INSERT 0 0
INSERT 0 0
INSERT 0 0
INSERT 0 0
INSERT 0 0
INSERT 0 0
INSERT 0 0
INSERT 0 0
INSERT 0 0
INSERT 0 0
INSERT 0 0
INSERT 0 0
INSERT 0 0
INSERT 0 0
INSERT 0 0
INSERT 0 0
INSERT 0 0
INSERT 0 0
INSERT 0 0
INSERT 0 0
INSERT 0 0
INSERT 0 0
INSERT 0 0
INSERT 0 0
INSERT 0 0
INSERT 0 0
INSERT 0 0
INSERT 0 0
INSERT 0 0
INSERT 0 0
INSERT 0 0
INSERT 0 0
INSERT 0 0
INSERT 0 0
INSERT 0 0
INSERT 0 0
INSERT 0 0
INSERT 0 0
INSERT 0 0
INSERT 0 0
INSERT 0 0
INSERT 0 0
INSERT 0 0
INSERT 0 0
INSERT 0 0
INSERT 0 0
INSERT 0 0
INSERT 0 0
INSERT 0 0
INSERT 0 0
INSERT 0 0
INSERT 0 0
INSERT 0 0
INSERT 0 0
INSERT 0 0
INSERT 0 0
INSERT 0 0
INSERT 0 0
INSERT 0 0
INSERT 0 0
INSERT 0 0
INSERT 0 0
INSERT 0 0
INSERT 0 0
INSERT 0 0
INSERT 0 0
INSERT 0 0
INSERT 0 0
INSERT 0 0
INSERT 0 0
INSERT 0 0
INSERT 0 0
INSERT 0 0
INSERT 0 0
INSERT 0 0
INSERT 0 0
INSERT 0 0
INSERT 0 0
INSERT 0 0
INSERT 0 0
INSERT 0 0
INSERT 0 0
INSERT 0 0
INSERT 0 0
INSERT 0 0
INSERT 0 0
INSERT 0 0
INSERT 0 0
INSERT 0 0
INSERT 0 0
INSERT 0 0
INSERT 0 0
INSERT 0 0
INSERT 0 0
INSERT 0 0
INSERT 0 0
INSERT 0 0
INSERT 0 0
INSERT 0 0
INSERT 0 0
INSERT 0 0
INSERT 0 0
INSERT 0 0
INSERT 0 0
INSERT 0 0
INSERT 0 0
INSERT 0 0
INSERT 0 0
INSERT 0 0
INSERT 0 0
INSERT 0 0
INSERT 0 0
INSERT 0 0
INSERT 0 0
INSERT 0 0
INSERT 0 0
INSERT 0 0
INSERT 0 0
INSERT 0 0
INSERT 0 0
INSERT 0 0
INSERT 0 0
INSERT 0 0
INSERT 0 0
INSERT 0 0
INSERT 0 0
INSERT 0 0
INSERT 0 0
INSERT 0 0
INSERT 0 0
INSERT 0 0
INSERT 0 0
INSERT 0 0
INSERT 0 0
INSERT 0 0
INSERT 0 0
INSERT 0 0
INSERT 0 0
INSERT 0 0
INSERT 0 0
INSERT 0 0
INSERT 0 0
UPDATE 1
UPDATE 1
UPDATE 1
UPDATE 1
UPDATE 2
UPDATE 0
UPDATE 1
UPDATE 1
UPDATE 1
UPDATE 1
INSERT 0 0
UPDATE 1
UPDATE 2
UPDATE 0
UPDATE 1
UPDATE 1
UPDATE 1
UPDATE 1
UPDATE 1
UPDATE 2
UPDATE 1
UPDATE 0
UPDATE 0
UPDATE 0
UPDATE 0
UPDATE 1
UPDATE 1
UPDATE 1
UPDATE 1
UPDATE 1
UPDATE 1
UPDATE 1
UPDATE 1
UPDATE 1
UPDATE 1
UPDATE 1
UPDATE 1
UPDATE 1
UPDATE 1
UPDATE 1
UPDATE 2
UPDATE 1
UPDATE 0
UPDATE 0
UPDATE 0
UPDATE 0
UPDATE 1
UPDATE 1
UPDATE 1
UPDATE 1
UPDATE 1
UPDATE 1
UPDATE 1
UPDATE 1
UPDATE 1
UPDATE 1
UPDATE 2
UPDATE 1
UPDATE 0
UPDATE 0
UPDATE 0
UPDATE 0
UPDATE 1
UPDATE 1
UPDATE 1
UPDATE 1
UPDATE 1
UPDATE 1
UPDATE 1
UPDATE 1
INSERT 0 0
UPDATE 1
UPDATE 1
UPDATE 2
UPDATE 1
UPDATE 0
UPDATE 0
UPDATE 0
UPDATE 0
UPDATE 1
UPDATE 1
UPDATE 1
UPDATE 1
UPDATE 1
UPDATE 2
UPDATE 1
UPDATE 0
UPDATE 0
UPDATE 0
UPDATE 0
UPDATE 1
                register_migration_script                
---------------------------------------------------------
 201303191132_TICKET-1001025.sql successfully registered
 201303191132_TICKET-1001025.sql was already applied
(2 filas)

            filename            
--------------------------------
 201303201719_IDEMPIERE-783.sql
(1 fila)

UPDATE 1
UPDATE 1
UPDATE 1
UPDATE 1
UPDATE 1
               register_migration_script                
--------------------------------------------------------
 201303201719_IDEMPIERE-783.sql successfully registered
 201303201719_IDEMPIERE-783.sql was already applied
(2 filas)

            filename            
--------------------------------
 201303210824_IDEMPIERE-763.sql
(1 fila)

               register_migration_script                
--------------------------------------------------------
 201303210824_IDEMPIERE-763.sql successfully registered
 201303210824_IDEMPIERE-763.sql was already applied
(2 filas)

            filename            
--------------------------------
 201303231025_IDEMPIERE-661.sql
(1 fila)

UPDATE 1
UPDATE 1
UPDATE 1
UPDATE 1
UPDATE 1
UPDATE 1
UPDATE 1
UPDATE 1
UPDATE 1
UPDATE 1
UPDATE 1
UPDATE 1
UPDATE 1
UPDATE 1
UPDATE 1
UPDATE 1
UPDATE 1
UPDATE 1
               register_migration_script                
--------------------------------------------------------
 201303231025_IDEMPIERE-661.sql successfully registered
 201303231025_IDEMPIERE-661.sql was already applied
(2 filas)

            filename            
--------------------------------
 201303261217_IDEMPIERE-800.sql
(1 fila)

               register_migration_script                
--------------------------------------------------------
 201303261217_IDEMPIERE-800.sql successfully registered
 201303261217_IDEMPIERE-800.sql was already applied
(2 filas)

            filename            
--------------------------------
 201303261336_IDEMPIERE-136.sql
(1 fila)

INSERT 0 0
UPDATE 1
UPDATE 1
UPDATE 1
UPDATE 1
INSERT 0 0
INSERT 0 0
INSERT 0 0
UPDATE 1
UPDATE 1
UPDATE 1
UPDATE 1
UPDATE 1
UPDATE 1
UPDATE 1
UPDATE 1
UPDATE 1
UPDATE 1
UPDATE 1
UPDATE 1
UPDATE 1
UPDATE 1
UPDATE 1
UPDATE 1
UPDATE 1
UPDATE 1
UPDATE 1
UPDATE 1
UPDATE 1
UPDATE 1
UPDATE 1
UPDATE 1
UPDATE 1
UPDATE 1
UPDATE 1
UPDATE 1
UPDATE 1
UPDATE 1
UPDATE 1
UPDATE 1
UPDATE 1
INSERT 0 0
INSERT 0 0
INSERT 0 0
INSERT 0 0
INSERT 0 0
UPDATE 1
UPDATE 1
UPDATE 1
UPDATE 1
UPDATE 1
UPDATE 1
UPDATE 1
UPDATE 1
UPDATE 1
UPDATE 1
UPDATE 1
UPDATE 1
UPDATE 1
UPDATE 1
UPDATE 1
UPDATE 1
UPDATE 1
UPDATE 1
UPDATE 1
UPDATE 1
UPDATE 1
UPDATE 1
UPDATE 1
UPDATE 1
UPDATE 1
UPDATE 1
UPDATE 1
UPDATE 1
UPDATE 1
UPDATE 1
UPDATE 1
UPDATE 1
UPDATE 1
UPDATE 1
UPDATE 1
UPDATE 2
UPDATE 1
UPDATE 2
INSERT 0 1
UPDATE 1
UPDATE 1
UPDATE 1
UPDATE 1
UPDATE 1
UPDATE 1
UPDATE 1
UPDATE 1
UPDATE 1
UPDATE 1
UPDATE 1
UPDATE 1
UPDATE 1
UPDATE 1
UPDATE 1
UPDATE 1
UPDATE 1
UPDATE 1
UPDATE 1
UPDATE 1
UPDATE 1
UPDATE 1
UPDATE 1
UPDATE 1
UPDATE 1
UPDATE 1
UPDATE 1
UPDATE 1
UPDATE 1
UPDATE 1
UPDATE 1
UPDATE 1
UPDATE 1
UPDATE 1
UPDATE 1
UPDATE 1
UPDATE 1
UPDATE 1
UPDATE 1
UPDATE 1
UPDATE 1
UPDATE 1
UPDATE 1
UPDATE 1
UPDATE 1
UPDATE 1
UPDATE 1
UPDATE 1
UPDATE 1
UPDATE 1
UPDATE 1
UPDATE 1
UPDATE 1
UPDATE 1
UPDATE 1
UPDATE 1
UPDATE 1
UPDATE 1
UPDATE 1
UPDATE 1
UPDATE 1
UPDATE 1
UPDATE 1
UPDATE 1
UPDATE 1
UPDATE 1
UPDATE 1
UPDATE 1
UPDATE 1
UPDATE 1
UPDATE 1
UPDATE 1
UPDATE 1
UPDATE 1
UPDATE 1
UPDATE 1
UPDATE 1
UPDATE 1
UPDATE 1
UPDATE 1
UPDATE 1
UPDATE 1
UPDATE 1
UPDATE 1
UPDATE 1
UPDATE 1
UPDATE 1
UPDATE 1
UPDATE 1
UPDATE 1
UPDATE 1
UPDATE 1
UPDATE 1
UPDATE 1
UPDATE 1
UPDATE 1
INSERT 0 0
UPDATE 1
UPDATE 1
UPDATE 1
               register_migration_script                
--------------------------------------------------------
 201303261336_IDEMPIERE-136.sql successfully registered
 201303261336_IDEMPIERE-136.sql was already applied
(2 filas)

            filename            
--------------------------------
 201303271041_IDEMPIERE-794.sql
(1 fila)

DROP VIEW
CREATE VIEW
DROP VIEW
CREATE VIEW
DROP VIEW
CREATE VIEW
DROP VIEW
CREATE VIEW
               register_migration_script                
--------------------------------------------------------
 201303271041_IDEMPIERE-794.sql successfully registered
 201303271041_IDEMPIERE-794.sql was already applied
(2 filas)

            filename            
--------------------------------
 201303281000_IDEMPIERE-808.sql
(1 fila)

UPDATE 1
               register_migration_script                
--------------------------------------------------------
 201303281000_IDEMPIERE-808.sql successfully registered
 201303281000_IDEMPIERE-808.sql was already applied
(2 filas)

            filename            
--------------------------------
 201303281029_IDEMPIERE-808.sql
(1 fila)

UPDATE 1
UPDATE 1
UPDATE 1
UPDATE 1
UPDATE 1
UPDATE 1
UPDATE 1
UPDATE 1
UPDATE 1
UPDATE 1
UPDATE 1
UPDATE 1
UPDATE 1
UPDATE 1
UPDATE 1
UPDATE 1
UPDATE 1
UPDATE 1
UPDATE 1
UPDATE 1
UPDATE 26
UPDATE 1164
UPDATE 318
               register_migration_script                
--------------------------------------------------------
 201303281029_IDEMPIERE-808.sql successfully registered
 201303281029_IDEMPIERE-808.sql was already applied
(2 filas)

            filename            
--------------------------------
 201303281606_IDEMPIERE-810.sql
(1 fila)

INSERT 0 0
               register_migration_script                
--------------------------------------------------------
 201303281606_IDEMPIERE-810.sql successfully registered
 201303281606_IDEMPIERE-810.sql was already applied
(2 filas)

                   filename                    
-----------------------------------------------
 201303290245_IDEMPIERE-460-LookupOverride.sql
(1 fila)

INSERT 0 0
INSERT 0 0
UPDATE 1
UPDATE 1
                       register_migration_script                       
-----------------------------------------------------------------------
 201303290245_IDEMPIERE-460-LookupOverride.sql successfully registered
 201303290245_IDEMPIERE-460-LookupOverride.sql was already applied
(2 filas)

            filename            
--------------------------------
 201304011424_IDEMPIERE-788.sql
(1 fila)

INSERT 0 0
               register_migration_script                
--------------------------------------------------------
 201304011424_IDEMPIERE-788.sql successfully registered
 201304011424_IDEMPIERE-788.sql was already applied
(2 filas)

            filename            
--------------------------------
 201304011830_IDEMPIERE-362.sql
(1 fila)

UPDATE 1
UPDATE 1
UPDATE 1
               register_migration_script                
--------------------------------------------------------
 201304011830_IDEMPIERE-362.sql successfully registered
 201304011830_IDEMPIERE-362.sql was already applied
(2 filas)

            filename             
---------------------------------
 201304021807_TICKET-1001984.sql
(1 fila)

INSERT 0 0
INSERT 0 0
UPDATE 1
                register_migration_script                
---------------------------------------------------------
 201304021807_TICKET-1001984.sql successfully registered
 201304021807_TICKET-1001984.sql was already applied
(2 filas)

             filename             
----------------------------------
 201304030854_IDEMPIERE-675_1.sql
(1 fila)

INSERT 0 0
UPDATE 1
UPDATE 2
UPDATE 1
UPDATE 0
UPDATE 0
UPDATE 0
UPDATE 1
INSERT 0 0
INSERT 0 0
INSERT 0 0
UPDATE 1
INSERT 0 0
INSERT 0 0
UPDATE 1
UPDATE 1
UPDATE 1
UPDATE 1
UPDATE 1
UPDATE 1
UPDATE 1
UPDATE 1
UPDATE 1
UPDATE 1
UPDATE 1
UPDATE 1
UPDATE 1
UPDATE 1
UPDATE 1
UPDATE 1
UPDATE 1
UPDATE 1
UPDATE 1
UPDATE 1
UPDATE 1
UPDATE 1
UPDATE 1
UPDATE 1
UPDATE 1
UPDATE 1
UPDATE 1
UPDATE 1
UPDATE 1
UPDATE 1
UPDATE 1
UPDATE 1
UPDATE 1
UPDATE 1
UPDATE 1
UPDATE 1
UPDATE 1
UPDATE 1
INSERT 0 0
UPDATE 1
                register_migration_script                 
----------------------------------------------------------
 201304030854_IDEMPIERE-675_1.sql successfully registered
 201304030854_IDEMPIERE-675_1.sql was already applied
(2 filas)

             filename             
----------------------------------
 201304030855_IDEMPIERE-675_2.sql
(1 fila)

UPDATE 1
UPDATE 1
                register_migration_script                 
----------------------------------------------------------
 201304030855_IDEMPIERE-675_2.sql successfully registered
 201304030855_IDEMPIERE-675_2.sql was already applied
(2 filas)

             filename             
----------------------------------
 201304031155_IDEMPIERE-675_3.sql
(1 fila)

UPDATE 1
UPDATE 1
UPDATE 0
UPDATE 0
UPDATE 0
UPDATE 1
UPDATE 0
UPDATE 1
UPDATE 1
UPDATE 1
UPDATE 1
UPDATE 1
                register_migration_script                 
----------------------------------------------------------
 201304031155_IDEMPIERE-675_3.sql successfully registered
 201304031155_IDEMPIERE-675_3.sql was already applied
(2 filas)

            filename            
--------------------------------
 201304031336_IDEMPIERE-823.sql
(1 fila)

UPDATE 1
UPDATE 1
               register_migration_script                
--------------------------------------------------------
 201304031336_IDEMPIERE-823.sql successfully registered
 201304031336_IDEMPIERE-823.sql was already applied
(2 filas)

            filename            
--------------------------------
 201304031714_IDEMPIERE-362.sql
(1 fila)

UPDATE 1
UPDATE 1
               register_migration_script                
--------------------------------------------------------
 201304031714_IDEMPIERE-362.sql successfully registered
 201304031714_IDEMPIERE-362.sql was already applied
(2 filas)

            filename            
--------------------------------
 201304041108_IDEMPIERE-788.sql
(1 fila)

INSERT 0 0
INSERT 0 0
INSERT 0 0
INSERT 0 0
INSERT 0 0
INSERT 0 0
INSERT 0 0
INSERT 0 0
INSERT 0 0
INSERT 0 0
INSERT 0 0
               register_migration_script                
--------------------------------------------------------
 201304041108_IDEMPIERE-788.sql successfully registered
 201304041108_IDEMPIERE-788.sql was already applied
(2 filas)

            filename            
--------------------------------
 201304050725_IDEMPIERE-704.sql
(1 fila)

INSERT 0 0
               register_migration_script                
--------------------------------------------------------
 201304050725_IDEMPIERE-704.sql successfully registered
 201304050725_IDEMPIERE-704.sql was already applied
(2 filas)

            filename            
--------------------------------
 201304081425_IDEMPIERE-832.sql
(1 fila)

INSERT 0 0
INSERT 0 0
               register_migration_script                
--------------------------------------------------------
 201304081425_IDEMPIERE-832.sql successfully registered
 201304081425_IDEMPIERE-832.sql was already applied
(2 filas)

            filename            
--------------------------------
 201304091604_IDEMPIERE-794.sql
(1 fila)

UPDATE 1
UPDATE 6
UPDATE 0
UPDATE 0
UPDATE 0
UPDATE 0
UPDATE 1
UPDATE 1
UPDATE 1
UPDATE 5
UPDATE 0
UPDATE 0
UPDATE 0
UPDATE 0
UPDATE 0
UPDATE 1
UPDATE 1
UPDATE 1
UPDATE 0
UPDATE 0
UPDATE 0
UPDATE 0
UPDATE 0
UPDATE 1
UPDATE 1
UPDATE 4
UPDATE 0
UPDATE 0
UPDATE 0
UPDATE 0
UPDATE 0
UPDATE 1
UPDATE 1
UPDATE 4
UPDATE 0
UPDATE 0
UPDATE 0
UPDATE 1
UPDATE 1
UPDATE 1
UPDATE 1
UPDATE 1
UPDATE 1
UPDATE 4
UPDATE 0
UPDATE 0
UPDATE 0
UPDATE 0
UPDATE 0
UPDATE 1
UPDATE 1
UPDATE 2
UPDATE 0
UPDATE 0
UPDATE 0
UPDATE 0
UPDATE 0
UPDATE 1
UPDATE 2
UPDATE 0
UPDATE 0
UPDATE 0
UPDATE 0
UPDATE 0
UPDATE 1
UPDATE 1
UPDATE 1
UPDATE 4
UPDATE 0
UPDATE 0
UPDATE 0
UPDATE 0
UPDATE 0
UPDATE 1
UPDATE 1
UPDATE 1
UPDATE 5
UPDATE 0
UPDATE 0
UPDATE 0
UPDATE 0
UPDATE 0
UPDATE 1
UPDATE 1
UPDATE 6
UPDATE 0
UPDATE 0
UPDATE 0
UPDATE 0
UPDATE 1
UPDATE 1
UPDATE 1
UPDATE 0
UPDATE 1
UPDATE 1
UPDATE 0
UPDATE 4
UPDATE 0
UPDATE 0
UPDATE 0
UPDATE 1
UPDATE 2
UPDATE 0
UPDATE 0
UPDATE 0
UPDATE 0
UPDATE 0
UPDATE 1
UPDATE 1
UPDATE 2
UPDATE 0
UPDATE 0
UPDATE 0
UPDATE 0
UPDATE 0
UPDATE 1
UPDATE 1
UPDATE 4
UPDATE 0
UPDATE 0
UPDATE 0
UPDATE 0
UPDATE 0
UPDATE 1
UPDATE 0
UPDATE 1
UPDATE 0
UPDATE 1
UPDATE 3
UPDATE 0
UPDATE 0
UPDATE 0
UPDATE 0
UPDATE 0
UPDATE 1
UPDATE 1
UPDATE 1
UPDATE 1
UPDATE 1
UPDATE 1
UPDATE 5
UPDATE 0
UPDATE 0
UPDATE 0
UPDATE 0
UPDATE 0
UPDATE 1
UPDATE 2
UPDATE 0
UPDATE 0
UPDATE 0
UPDATE 0
UPDATE 0
UPDATE 1
UPDATE 0
UPDATE 1
UPDATE 1
UPDATE 6
UPDATE 0
UPDATE 0
UPDATE 0
UPDATE 0
UPDATE 1
UPDATE 1
UPDATE 1
UPDATE 0
UPDATE 1
UPDATE 3
UPDATE 0
UPDATE 0
UPDATE 0
UPDATE 0
UPDATE 0
UPDATE 1
UPDATE 1
UPDATE 0
UPDATE 1
UPDATE 1
UPDATE 0
UPDATE 1
UPDATE 1
UPDATE 1
UPDATE 2
UPDATE 0
UPDATE 0
UPDATE 0
UPDATE 0
UPDATE 0
UPDATE 1
UPDATE 0
UPDATE 1
UPDATE 1
UPDATE 3
UPDATE 0
UPDATE 0
UPDATE 0
UPDATE 0
UPDATE 0
UPDATE 1
UPDATE 0
UPDATE 1
UPDATE 3
UPDATE 0
UPDATE 0
UPDATE 0
UPDATE 0
UPDATE 0
UPDATE 1
UPDATE 0
UPDATE 1
UPDATE 0
UPDATE 1
UPDATE 3
UPDATE 0
UPDATE 0
UPDATE 0
UPDATE 0
UPDATE 0
UPDATE 1
UPDATE 1
UPDATE 1
UPDATE 0
UPDATE 0
UPDATE 0
UPDATE 0
UPDATE 0
UPDATE 1
UPDATE 1
UPDATE 2
UPDATE 0
UPDATE 0
UPDATE 0
UPDATE 0
UPDATE 0
UPDATE 1
UPDATE 0
UPDATE 1
UPDATE 2
UPDATE 0
UPDATE 0
UPDATE 0
UPDATE 0
UPDATE 0
UPDATE 1
UPDATE 0
UPDATE 1
UPDATE 3
UPDATE 0
UPDATE 0
UPDATE 0
UPDATE 0
UPDATE 0
UPDATE 1
UPDATE 0
UPDATE 1
UPDATE 0
UPDATE 1
UPDATE 0
UPDATE 1
UPDATE 0
UPDATE 1
UPDATE 0
UPDATE 1
UPDATE 1
UPDATE 0
UPDATE 1
UPDATE 0
UPDATE 1
UPDATE 0
UPDATE 1
UPDATE 0
UPDATE 1
UPDATE 0
UPDATE 1
UPDATE 0
UPDATE 1
UPDATE 0
UPDATE 1
UPDATE 0
UPDATE 1
UPDATE 0
UPDATE 1
UPDATE 0
UPDATE 1
UPDATE 1
UPDATE 0
UPDATE 1
UPDATE 0
UPDATE 1
UPDATE 0
UPDATE 1
UPDATE 0
UPDATE 1
UPDATE 0
UPDATE 1
UPDATE 0
UPDATE 1
UPDATE 0
UPDATE 1
UPDATE 1
UPDATE 1
UPDATE 1
UPDATE 1
UPDATE 1
UPDATE 1
UPDATE 1
UPDATE 1
UPDATE 1
UPDATE 1
UPDATE 1
UPDATE 1
UPDATE 8
UPDATE 0
UPDATE 0
UPDATE 0
UPDATE 7
UPDATE 0
UPDATE 1
UPDATE 1
UPDATE 8
UPDATE 0
UPDATE 0
UPDATE 0
UPDATE 1
UPDATE 5
UPDATE 0
UPDATE 0
UPDATE 0
UPDATE 1
UPDATE 5
UPDATE 0
UPDATE 0
UPDATE 0
UPDATE 1
UPDATE 0
UPDATE 1
UPDATE 1
UPDATE 1
UPDATE 0
UPDATE 1
               register_migration_script                
--------------------------------------------------------
 201304091604_IDEMPIERE-794.sql successfully registered
 201304091604_IDEMPIERE-794.sql was already applied
(2 filas)

            filename            
--------------------------------
 201304091740_IDEMPIERE-840.sql
(1 fila)

INSERT 0 1
               register_migration_script                
--------------------------------------------------------
 201304091740_IDEMPIERE-840.sql successfully registered
 201304091740_IDEMPIERE-840.sql was already applied
(2 filas)

            filename            
--------------------------------
 201304092105_IDEMPIERE-843.sql
(1 fila)

UPDATE 1
UPDATE 1
UPDATE 1
               register_migration_script                
--------------------------------------------------------
 201304092105_IDEMPIERE-843.sql successfully registered
 201304092105_IDEMPIERE-843.sql was already applied
(2 filas)

            filename            
--------------------------------
 201304100945_IDEMPIERE-362.sql
(1 fila)

UPDATE 1
UPDATE 1
UPDATE 1
UPDATE 1
UPDATE 1
UPDATE 1
UPDATE 1
UPDATE 1
UPDATE 1
UPDATE 1
UPDATE 1
UPDATE 1
UPDATE 1
UPDATE 1
UPDATE 1
UPDATE 1
UPDATE 1
UPDATE 1
UPDATE 1
UPDATE 1
UPDATE 1
UPDATE 1
UPDATE 1
UPDATE 1
               register_migration_script                
--------------------------------------------------------
 201304100945_IDEMPIERE-362.sql successfully registered
 201304100945_IDEMPIERE-362.sql was already applied
(2 filas)

            filename            
--------------------------------
 201304101720_IDEMPIERE-794.sql
(1 fila)

UPDATE 1
UPDATE 1
UPDATE 1
               register_migration_script                
--------------------------------------------------------
 201304101720_IDEMPIERE-794.sql successfully registered
 201304101720_IDEMPIERE-794.sql was already applied
(2 filas)

            filename            
--------------------------------
 201304110613_IDEMPIERE-854.sql
(1 fila)

UPDATE 1
UPDATE 1
               register_migration_script                
--------------------------------------------------------
 201304110613_IDEMPIERE-854.sql successfully registered
 201304110613_IDEMPIERE-854.sql was already applied
(2 filas)

            filename            
--------------------------------
 201304111530_IDEMPIERE-794.sql
(1 fila)

UPDATE 1
UPDATE 1
UPDATE 1
UPDATE 1
               register_migration_script                
--------------------------------------------------------
 201304111530_IDEMPIERE-794.sql successfully registered
 201304111530_IDEMPIERE-794.sql was already applied
(2 filas)

            filename            
--------------------------------
 201304111547_IDEMPIERE-853.sql
(1 fila)

UPDATE 1
UPDATE 1
UPDATE 1
UPDATE 1
UPDATE 1
UPDATE 1
UPDATE 1
UPDATE 1
UPDATE 1
UPDATE 0
UPDATE 0
UPDATE 0
UPDATE 1
UPDATE 1
ALTER TABLE
               register_migration_script                
--------------------------------------------------------
 201304111547_IDEMPIERE-853.sql successfully registered
 201304111547_IDEMPIERE-853.sql was already applied
(2 filas)

            filename            
--------------------------------
 201304111600_IDEMPIERE-794.sql
(1 fila)

UPDATE 1
UPDATE 1
               register_migration_script                
--------------------------------------------------------
 201304111600_IDEMPIERE-794.sql successfully registered
 201304111600_IDEMPIERE-794.sql was already applied
(2 filas)

            filename            
--------------------------------
 201304121120_IDEMPIERE-794.sql
(1 fila)

UPDATE 1
UPDATE 1
               register_migration_script                
--------------------------------------------------------
 201304121120_IDEMPIERE-794.sql successfully registered
 201304121120_IDEMPIERE-794.sql was already applied
(2 filas)

            filename            
--------------------------------
 201304121145_IDEMPIERE-794.sql
(1 fila)

UPDATE 1
               register_migration_script                
--------------------------------------------------------
 201304121145_IDEMPIERE-794.sql successfully registered
 201304121145_IDEMPIERE-794.sql was already applied
(2 filas)

            filename            
--------------------------------
 201304121710_IDEMPIERE-794.sql
(1 fila)

UPDATE 1
               register_migration_script                
--------------------------------------------------------
 201304121710_IDEMPIERE-794.sql successfully registered
 201304121710_IDEMPIERE-794.sql was already applied
(2 filas)

            filename            
--------------------------------
 201304131343_IDEMPIERE-794.sql
(1 fila)

UPDATE 1
UPDATE 1
UPDATE 1
UPDATE 1
UPDATE 1
UPDATE 1
UPDATE 1
UPDATE 1
UPDATE 1
UPDATE 1
UPDATE 1
UPDATE 1
UPDATE 1
UPDATE 1
UPDATE 1
UPDATE 1
UPDATE 1
UPDATE 1
UPDATE 1
UPDATE 1
UPDATE 1
UPDATE 1
UPDATE 1
UPDATE 1
UPDATE 1
UPDATE 1
UPDATE 1
UPDATE 1
UPDATE 1
UPDATE 1
UPDATE 1
UPDATE 1
UPDATE 1
UPDATE 1
UPDATE 1
UPDATE 1
UPDATE 1
UPDATE 1
UPDATE 1
UPDATE 1
UPDATE 1
UPDATE 1
UPDATE 1
UPDATE 1
UPDATE 1
UPDATE 1
UPDATE 1
UPDATE 1
UPDATE 1
UPDATE 1
UPDATE 1
UPDATE 1
UPDATE 1
UPDATE 1
UPDATE 1
UPDATE 1
UPDATE 1
UPDATE 1
UPDATE 1
UPDATE 1
UPDATE 1
UPDATE 1
UPDATE 1
UPDATE 1
UPDATE 1
UPDATE 1
UPDATE 1
UPDATE 1
UPDATE 1
UPDATE 1
UPDATE 1
UPDATE 1
UPDATE 1
UPDATE 1
UPDATE 1
UPDATE 1
UPDATE 1
UPDATE 1
UPDATE 1
UPDATE 1
UPDATE 1
UPDATE 1
UPDATE 1
UPDATE 1
UPDATE 1
UPDATE 1
UPDATE 212
               register_migration_script                
--------------------------------------------------------
 201304131343_IDEMPIERE-794.sql successfully registered
 201304131343_IDEMPIERE-794.sql was already applied
(2 filas)

            filename            
--------------------------------
 201304131454_IDEMPIERE-794.sql
(1 fila)

INSERT 0 0
INSERT 0 0
INSERT 0 0
INSERT 0 0
INSERT 0 0
INSERT 0 0
INSERT 0 0
INSERT 0 0
INSERT 0 0
INSERT 0 0
UPDATE 1
UPDATE 1
UPDATE 1
UPDATE 1
UPDATE 1
UPDATE 1
UPDATE 2
UPDATE 0
UPDATE 0
UPDATE 0
UPDATE 0
UPDATE 0
UPDATE 1
INSERT 0 0
INSERT 0 0
INSERT 0 0
INSERT 0 0
INSERT 0 0
INSERT 0 0
INSERT 0 0
INSERT 0 0
INSERT 0 0
INSERT 0 0
INSERT 0 0
INSERT 0 0
INSERT 0 0
INSERT 0 0
INSERT 0 0
INSERT 0 0
INSERT 0 0
INSERT 0 0
INSERT 0 0
INSERT 0 0
UPDATE 1
UPDATE 1
UPDATE 1
UPDATE 1
UPDATE 1
UPDATE 1
UPDATE 1
UPDATE 1
UPDATE 1
UPDATE 1
UPDATE 1
UPDATE 1
UPDATE 1
UPDATE 1
UPDATE 1
UPDATE 1
UPDATE 1
UPDATE 1
DROP VIEW
CREATE VIEW
DROP VIEW
CREATE VIEW
DROP VIEW
CREATE VIEW
DROP VIEW
CREATE VIEW
               register_migration_script                
--------------------------------------------------------
 201304131454_IDEMPIERE-794.sql successfully registered
 201304131454_IDEMPIERE-794.sql was already applied
(2 filas)

            filename            
--------------------------------
 201304131924_IDEMPIERE-790.sql
(1 fila)

UPDATE 1
UPDATE 1
               register_migration_script                
--------------------------------------------------------
 201304131924_IDEMPIERE-790.sql successfully registered
 201304131924_IDEMPIERE-790.sql was already applied
(2 filas)

            filename            
--------------------------------
 201304132014_IDEMPIERE-489.sql
(1 fila)

UPDATE 1
               register_migration_script                
--------------------------------------------------------
 201304132014_IDEMPIERE-489.sql successfully registered
 201304132014_IDEMPIERE-489.sql was already applied
(2 filas)

            filename             
---------------------------------
 201304132144_UUID_Generator.sql
(1 fila)

UPDATE 1
UPDATE 1
UPDATE 1
UPDATE 1
UPDATE 1
UPDATE 1
UPDATE 1
UPDATE 1
UPDATE 1
UPDATE 1
UPDATE 1
UPDATE 1
UPDATE 1
UPDATE 1
UPDATE 1
UPDATE 1
UPDATE 1
UPDATE 1
UPDATE 1
UPDATE 1
UPDATE 1
UPDATE 1
UPDATE 1
UPDATE 1
UPDATE 1
UPDATE 1
UPDATE 1
UPDATE 1
UPDATE 1
UPDATE 1
UPDATE 1
UPDATE 1
UPDATE 1
UPDATE 1
UPDATE 1
UPDATE 1
UPDATE 1
UPDATE 1
UPDATE 1
UPDATE 1
UPDATE 1
UPDATE 1
UPDATE 1
UPDATE 1
UPDATE 1
UPDATE 1
UPDATE 1
UPDATE 1
UPDATE 1
UPDATE 1
UPDATE 1
UPDATE 1
UPDATE 1
UPDATE 1
UPDATE 1
UPDATE 1
UPDATE 1
UPDATE 1
UPDATE 1
UPDATE 1
UPDATE 1
UPDATE 1
UPDATE 1
UPDATE 1
UPDATE 1
UPDATE 1
UPDATE 1
UPDATE 1
UPDATE 1
UPDATE 1
UPDATE 1
UPDATE 1
UPDATE 1
UPDATE 1
UPDATE 1
UPDATE 1
UPDATE 1
UPDATE 1
UPDATE 1
UPDATE 1
UPDATE 1
UPDATE 1
UPDATE 1
UPDATE 1
UPDATE 1
UPDATE 1
UPDATE 1
UPDATE 1
UPDATE 1
UPDATE 1
UPDATE 1
UPDATE 1
UPDATE 1
UPDATE 1
UPDATE 1
UPDATE 1
UPDATE 1
UPDATE 1
UPDATE 1
UPDATE 1
UPDATE 1
UPDATE 1
UPDATE 1
UPDATE 1
UPDATE 1
UPDATE 1
UPDATE 1
UPDATE 1
UPDATE 1
UPDATE 1
UPDATE 1
UPDATE 1
UPDATE 1
UPDATE 1
UPDATE 1
UPDATE 1
UPDATE 1
UPDATE 1
UPDATE 1
UPDATE 1
UPDATE 1
UPDATE 1
UPDATE 1
UPDATE 1
UPDATE 1
UPDATE 1
UPDATE 1
UPDATE 1
UPDATE 1
UPDATE 1
UPDATE 1
UPDATE 1
UPDATE 1
UPDATE 1
UPDATE 1
UPDATE 1
UPDATE 1
UPDATE 1
UPDATE 1
UPDATE 1
UPDATE 1
UPDATE 1
UPDATE 1
UPDATE 1
UPDATE 1
UPDATE 1
UPDATE 1
UPDATE 1
UPDATE 1
UPDATE 1
UPDATE 1
UPDATE 1
UPDATE 1
UPDATE 1
UPDATE 1
UPDATE 1
UPDATE 1
UPDATE 1
UPDATE 1
UPDATE 1
UPDATE 1
UPDATE 1
UPDATE 1
UPDATE 1
UPDATE 1
UPDATE 1
UPDATE 1
UPDATE 1
UPDATE 1
UPDATE 1
UPDATE 1
UPDATE 1
UPDATE 1
UPDATE 1
UPDATE 1
UPDATE 1
UPDATE 1
UPDATE 1
UPDATE 1
UPDATE 1
UPDATE 1
UPDATE 1
UPDATE 1
UPDATE 1
UPDATE 1
UPDATE 1
UPDATE 1
UPDATE 1
UPDATE 1
UPDATE 1
UPDATE 1
UPDATE 1
UPDATE 1
UPDATE 1
UPDATE 1
UPDATE 1
UPDATE 1
UPDATE 1
UPDATE 1
UPDATE 1
UPDATE 1
UPDATE 1
UPDATE 1
UPDATE 1
UPDATE 1
UPDATE 1
UPDATE 1
UPDATE 1
UPDATE 1
UPDATE 1
UPDATE 1
UPDATE 1
UPDATE 1
UPDATE 1
UPDATE 1
UPDATE 1
UPDATE 1
UPDATE 1
UPDATE 1
UPDATE 1
UPDATE 1
UPDATE 1
UPDATE 1
UPDATE 1
UPDATE 1
UPDATE 1
UPDATE 1
UPDATE 1
UPDATE 1
UPDATE 1
UPDATE 1
UPDATE 1
UPDATE 1
UPDATE 1
UPDATE 1
INSERT 0 0
INSERT 0 0
INSERT 0 0
UPDATE 1
UPDATE 1
UPDATE 1
UPDATE 1
UPDATE 1
UPDATE 1
UPDATE 1
UPDATE 1
UPDATE 1
UPDATE 1
INSERT 0 0
INSERT 0 0
UPDATE 1
UPDATE 1
UPDATE 1
UPDATE 1
UPDATE 1
UPDATE 1
UPDATE 1
UPDATE 1
UPDATE 1
UPDATE 1
UPDATE 1
UPDATE 1
UPDATE 1
UPDATE 1
UPDATE 1
UPDATE 1
UPDATE 1
UPDATE 1
UPDATE 1
UPDATE 1
                register_migration_script                
---------------------------------------------------------
 201304132144_UUID_Generator.sql successfully registered
 201304132144_UUID_Generator.sql was already applied
(2 filas)

                       filename                        
-------------------------------------------------------
 201304170927_IDEMPIERE-796_1_armen_fix_dictionary.sql
(1 fila)

UPDATE 1
 altercolumn 
-------------
 
(1 fila)

INSERT 0 0
UPDATE 0
UPDATE 1
 altercolumn 
-------------
 
(1 fila)

INSERT 0 0
UPDATE 0
UPDATE 1
UPDATE 1
UPDATE 1
UPDATE 1
UPDATE 1
UPDATE 1
UPDATE 1
 altercolumn 
-------------
 
(1 fila)

INSERT 0 0
 altercolumn 
-------------
 
(1 fila)

INSERT 0 0
UPDATE 1
 altercolumn 
-------------
 
(1 fila)

INSERT 0 0
 altercolumn 
-------------
 
(1 fila)

INSERT 0 0
UPDATE 1
INSERT 0 0
                           register_migration_script                           
-------------------------------------------------------------------------------
 201304170927_IDEMPIERE-796_1_armen_fix_dictionary.sql successfully registered
 201304170927_IDEMPIERE-796_1_armen_fix_dictionary.sql was already applied
(2 filas)

             filename             
----------------------------------
 201304170928_IDEMPIERE-796_2.sql
(1 fila)

INSERT 0 0
UPDATE 1
UPDATE 1
UPDATE 1
UPDATE 2
UPDATE 1
UPDATE 2
UPDATE 1
UPDATE 2
UPDATE 1
UPDATE 2
UPDATE 1
UPDATE 2
UPDATE 1
UPDATE 2
UPDATE 1
UPDATE 2
INSERT 0 0
UPDATE 1
UPDATE 2
INSERT 0 0
UPDATE 1
UPDATE 1
UPDATE 1
UPDATE 1
UPDATE 1
UPDATE 1
UPDATE 1
UPDATE 1
INSERT 0 0
INSERT 0 0
INSERT 0 0
INSERT 0 0
INSERT 0 0
UPDATE 1
UPDATE 1
UPDATE 1
UPDATE 1
UPDATE 1
UPDATE 1
UPDATE 1
UPDATE 1
UPDATE 1
UPDATE 1
UPDATE 1
UPDATE 1
UPDATE 1
UPDATE 1
UPDATE 1
UPDATE 1
UPDATE 1
UPDATE 1
UPDATE 1
UPDATE 1
UPDATE 1
UPDATE 1
UPDATE 1
UPDATE 1
UPDATE 1
UPDATE 1
UPDATE 1
UPDATE 1
UPDATE 1
UPDATE 1
UPDATE 1
UPDATE 1
UPDATE 1
UPDATE 1
UPDATE 1
INSERT 0 0
INSERT 0 0
UPDATE 1
UPDATE 1
UPDATE 1
UPDATE 1
UPDATE 1
UPDATE 1
UPDATE 1
UPDATE 1
UPDATE 1
UPDATE 1
UPDATE 1
UPDATE 1
UPDATE 1
UPDATE 1
UPDATE 1
UPDATE 1
UPDATE 1
UPDATE 1
UPDATE 1
UPDATE 1
UPDATE 1
UPDATE 1
UPDATE 1
UPDATE 1
UPDATE 1
UPDATE 1
UPDATE 1
UPDATE 1
UPDATE 1
UPDATE 1
UPDATE 1
UPDATE 1
UPDATE 1
UPDATE 1
UPDATE 1
UPDATE 1
UPDATE 1
UPDATE 1
UPDATE 1
UPDATE 1
UPDATE 1
UPDATE 1
UPDATE 1
UPDATE 1
UPDATE 1
UPDATE 1
UPDATE 2
UPDATE 1
UPDATE 1
UPDATE 1
UPDATE 1
UPDATE 1
UPDATE 1
UPDATE 1
UPDATE 1
UPDATE 1
UPDATE 1
UPDATE 1
UPDATE 1
UPDATE 1
UPDATE 1
UPDATE 1
UPDATE 1
UPDATE 1
UPDATE 1
UPDATE 1
UPDATE 1
UPDATE 1
UPDATE 1
UPDATE 1
UPDATE 1
UPDATE 1
UPDATE 1
UPDATE 1
UPDATE 1
UPDATE 1
UPDATE 1
UPDATE 1
UPDATE 1
UPDATE 1
UPDATE 1
UPDATE 1
UPDATE 1
UPDATE 1
UPDATE 1
 altercolumn 
-------------
 
(1 fila)

INSERT 0 0
 altercolumn 
-------------
 
(1 fila)

INSERT 0 0
UPDATE 1
 altercolumn 
-------------
 
(1 fila)

INSERT 0 0
 altercolumn 
-------------
 
(1 fila)

INSERT 0 0
UPDATE 1
 altercolumn 
-------------
 
(1 fila)

INSERT 0 0
 altercolumn 
-------------
 
(1 fila)

INSERT 0 0
UPDATE 1
 altercolumn 
-------------
 
(1 fila)

INSERT 0 0
 altercolumn 
-------------
 
(1 fila)

INSERT 0 0
UPDATE 1
UPDATE 1
UPDATE 1
UPDATE 1
UPDATE 1
UPDATE 1
UPDATE 1
UPDATE 1
UPDATE 1
UPDATE 1
UPDATE 1
UPDATE 1
UPDATE 1
UPDATE 1
UPDATE 1
 altercolumn 
-------------
 
(1 fila)

INSERT 0 0
 altercolumn 
-------------
 
(1 fila)

INSERT 0 0
UPDATE 1
 altercolumn 
-------------
 
(1 fila)

INSERT 0 0
 altercolumn 
-------------
 
(1 fila)

INSERT 0 0
UPDATE 1
 altercolumn 
-------------
 
(1 fila)

INSERT 0 0
 altercolumn 
-------------
 
(1 fila)

INSERT 0 0
UPDATE 1
 altercolumn 
-------------
 
(1 fila)

INSERT 0 0
 altercolumn 
-------------
 
(1 fila)

INSERT 0 0
UPDATE 1
UPDATE 1
UPDATE 1
UPDATE 1
UPDATE 1
UPDATE 1
UPDATE 1
UPDATE 1
UPDATE 1
UPDATE 1
UPDATE 1
UPDATE 1
UPDATE 1
UPDATE 1
UPDATE 2
INSERT 0 0
INSERT 0 0
INSERT 0 0
UPDATE 1
UPDATE 1
                register_migration_script                 
----------------------------------------------------------
 201304170928_IDEMPIERE-796_2.sql successfully registered
 201304170928_IDEMPIERE-796_2.sql was already applied
(2 filas)

             filename             
----------------------------------
 201304170929_IDEMPIERE-796_3.sql
(1 fila)

UPDATE 1
INSERT 0 0
UPDATE 1
INSERT 0 0
UPDATE 1
UPDATE 1
UPDATE 1
UPDATE 1
UPDATE 1
UPDATE 1
UPDATE 1
UPDATE 1
UPDATE 1
UPDATE 1
UPDATE 1
UPDATE 1
UPDATE 1
UPDATE 1
UPDATE 1
UPDATE 1
DELETE 0
DELETE 0
DELETE 0
DELETE 0
DELETE 0
DELETE 0
DELETE 0
DELETE 0
DELETE 0
DELETE 0
DELETE 0
DELETE 0
DELETE 0
DELETE 0
DELETE 0
DELETE 0
DELETE 0
DELETE 0
DELETE 0
DELETE 0
DELETE 0
DELETE 0
DELETE 0
DELETE 0
DELETE 0
DELETE 0
DELETE 0
DELETE 0
DELETE 0
DELETE 0
DELETE 0
DELETE 0
DELETE 0
DELETE 0
DELETE 0
DELETE 0
DELETE 0
DELETE 0
DELETE 0
DELETE 0
DELETE 0
DELETE 0
DELETE 0
DELETE 0
DELETE 0
DELETE 0
DELETE 0
DELETE 0
DELETE 0
DELETE 0
DELETE 0
DELETE 0
DELETE 0
DELETE 0
DELETE 0
DELETE 0
DELETE 0
DELETE 0
DELETE 0
DELETE 0
DELETE 0
DELETE 0
DELETE 0
DELETE 0
DELETE 0
DELETE 0
DELETE 0
DELETE 0
DELETE 0
DELETE 0
DELETE 0
DELETE 0
DELETE 0
DELETE 0
DELETE 0
DELETE 0
DELETE 0
DELETE 0
DELETE 0
DELETE 0
UPDATE 1
UPDATE 1
UPDATE 1
UPDATE 1
UPDATE 1
UPDATE 1
UPDATE 1
UPDATE 1
UPDATE 1
UPDATE 4
UPDATE 1
                register_migration_script                 
----------------------------------------------------------
 201304170929_IDEMPIERE-796_3.sql successfully registered
 201304170929_IDEMPIERE-796_3.sql was already applied
(2 filas)

             filename             
----------------------------------
 201304170930_IDEMPIERE-796_4.sql
(1 fila)

UPDATE 1
UPDATE 1
UPDATE 1
UPDATE 1
UPDATE 1
UPDATE 1
UPDATE 1
UPDATE 1
UPDATE 1
UPDATE 1
UPDATE 1
UPDATE 1
UPDATE 1
UPDATE 1
UPDATE 1
UPDATE 1
UPDATE 1
UPDATE 1
UPDATE 1
UPDATE 1
UPDATE 1
UPDATE 1
UPDATE 1
UPDATE 1
UPDATE 1
UPDATE 1
UPDATE 1
UPDATE 1
UPDATE 1
UPDATE 1
UPDATE 1
UPDATE 1
UPDATE 1
UPDATE 1
UPDATE 1
                register_migration_script                 
----------------------------------------------------------
 201304170930_IDEMPIERE-796_4.sql successfully registered
 201304170930_IDEMPIERE-796_4.sql was already applied
(2 filas)

            filename            
--------------------------------
 201304171142_IDEMPIERE-294.sql
(1 fila)

UPDATE 1
UPDATE 1
UPDATE 1
UPDATE 1
UPDATE 1
UPDATE 1
UPDATE 1
UPDATE 1
UPDATE 1
UPDATE 1
UPDATE 1
UPDATE 1
UPDATE 1
UPDATE 1
UPDATE 1
UPDATE 1
UPDATE 1
UPDATE 1
UPDATE 1
UPDATE 1
UPDATE 1
UPDATE 1
UPDATE 1
UPDATE 1
UPDATE 1
               register_migration_script                
--------------------------------------------------------
 201304171142_IDEMPIERE-294.sql successfully registered
 201304171142_IDEMPIERE-294.sql was already applied
(2 filas)

            filename            
--------------------------------
 201304171803_IDEMPIERE-862.sql
(1 fila)

CREATE VIEW
               register_migration_script                
--------------------------------------------------------
 201304171803_IDEMPIERE-862.sql successfully registered
 201304171803_IDEMPIERE-862.sql was already applied
(2 filas)

                 filename                 
------------------------------------------
 201304181211_TICKET-1001763_FactView.sql
(1 fila)

UPDATE 1
INSERT 0 0
                    register_migration_script                     
------------------------------------------------------------------
 201304181211_TICKET-1001763_FactView.sql successfully registered
 201304181211_TICKET-1001763_FactView.sql was already applied
(2 filas)

        filename         
-------------------------
 201304181526_IdxFKs.sql
(1 fila)

ALTER TABLE
            register_migration_script            
-------------------------------------------------
 201304181526_IdxFKs.sql successfully registered
 201304181526_IdxFKs.sql was already applied
(2 filas)

            filename            
--------------------------------
 201304181900_IDEMPIERE-851.sql
(1 fila)

UPDATE 1
UPDATE 1
               register_migration_script                
--------------------------------------------------------
 201304181900_IDEMPIERE-851.sql successfully registered
 201304181900_IDEMPIERE-851.sql was already applied
(2 filas)

            filename            
--------------------------------
 201304191606_IDEMPIERE-867.sql
(1 fila)

UPDATE 1
UPDATE 1
UPDATE 0
UPDATE 0
UPDATE 0
UPDATE 1
 altercolumn 
-------------
 
(1 fila)

INSERT 0 0
 altercolumn 
-------------
 
(1 fila)

INSERT 0 0
UPDATE 1
UPDATE 2
UPDATE 0
UPDATE 0
UPDATE 0
UPDATE 1
ALTER TABLE
               register_migration_script                
--------------------------------------------------------
 201304191606_IDEMPIERE-867.sql successfully registered
 201304191606_IDEMPIERE-867.sql was already applied
(2 filas)

            filename            
--------------------------------
 201304201135_IDEMPIERE-796.sql
(1 fila)

UPDATE 1
 altercolumn 
-------------
 
(1 fila)

INSERT 0 0
 altercolumn 
-------------
 
(1 fila)

INSERT 0 0
UPDATE 1
               register_migration_script                
--------------------------------------------------------
 201304201135_IDEMPIERE-796.sql successfully registered
 201304201135_IDEMPIERE-796.sql was already applied
(2 filas)

            filename            
--------------------------------
 201304201736_IDEMPIERE-849.sql
(1 fila)

DROP VIEW
CREATE VIEW
               register_migration_script                
--------------------------------------------------------
 201304201736_IDEMPIERE-849.sql successfully registered
 201304201736_IDEMPIERE-849.sql was already applied
(2 filas)

            filename            
--------------------------------
 201304231000_IDEMPIERE-722.sql
(1 fila)

               register_migration_script                
--------------------------------------------------------
 201304231000_IDEMPIERE-722.sql successfully registered
 201304231000_IDEMPIERE-722.sql was already applied
(2 filas)

            filename            
--------------------------------
 201304232046_IDEMPIERE-570.sql
(1 fila)

UPDATE 1
UPDATE 1
UPDATE 1
UPDATE 1
UPDATE 1
UPDATE 1
               register_migration_script                
--------------------------------------------------------
 201304232046_IDEMPIERE-570.sql successfully registered
 201304232046_IDEMPIERE-570.sql was already applied
(2 filas)

           filename           
------------------------------
 201304241229_Release_FKs.sql
(1 fila)

              register_migration_script               
------------------------------------------------------
 201304241229_Release_FKs.sql successfully registered
 201304241229_Release_FKs.sql was already applied
(2 filas)

            filename            
--------------------------------
 201304241412_Release_FixDB.sql
(1 fila)

UPDATE 1
UPDATE 3
               register_migration_script                
--------------------------------------------------------
 201304241412_Release_FixDB.sql successfully registered
 201304241412_Release_FixDB.sql was already applied
(2 filas)

         filename         
--------------------------
 201304241518_UUIDGen.sql
(1 fila)

UPDATE 1
UPDATE 1
UPDATE 1
UPDATE 1
            register_migration_script             
--------------------------------------------------
 201304241518_UUIDGen.sql successfully registered
 201304241518_UUIDGen.sql was already applied
(2 filas)

               filename               
--------------------------------------
 201304241528_FixWrongEntityTypes.sql
(1 fila)

UPDATE 1
UPDATE 0
UPDATE 0
UPDATE 1
UPDATE 0
UPDATE 0
UPDATE 0
UPDATE 0
UPDATE 0
UPDATE 0
UPDATE 0
                  register_migration_script                   
--------------------------------------------------------------
 201304241528_FixWrongEntityTypes.sql successfully registered
 201304241528_FixWrongEntityTypes.sql was already applied
(2 filas)

            filename            
--------------------------------
 201304241641_IDEMPIERE-794.sql
(1 fila)

UPDATE 1
UPDATE 1
UPDATE 1
UPDATE 1
UPDATE 1
UPDATE 1
UPDATE 1
UPDATE 1
UPDATE 1
UPDATE 1
UPDATE 1
UPDATE 1
UPDATE 1
UPDATE 1
UPDATE 1
UPDATE 1
UPDATE 1
UPDATE 1
UPDATE 1
UPDATE 1
UPDATE 1
UPDATE 1
UPDATE 1
UPDATE 1
UPDATE 1
UPDATE 1
UPDATE 1
UPDATE 1
UPDATE 1
UPDATE 1
UPDATE 1
UPDATE 1
UPDATE 1
UPDATE 1
UPDATE 1
UPDATE 1
UPDATE 1
UPDATE 1
UPDATE 1
UPDATE 1
UPDATE 1
UPDATE 1
UPDATE 1
UPDATE 1
UPDATE 1
UPDATE 1
UPDATE 1
UPDATE 1
UPDATE 1
UPDATE 1
UPDATE 1
UPDATE 1
UPDATE 1
UPDATE 1
UPDATE 1
UPDATE 1
UPDATE 1
UPDATE 1
UPDATE 1
UPDATE 1
UPDATE 1
UPDATE 1
UPDATE 1
UPDATE 1
UPDATE 1
UPDATE 1
UPDATE 1
UPDATE 1
UPDATE 1
UPDATE 1
UPDATE 1
UPDATE 1
UPDATE 1
UPDATE 1
UPDATE 1
UPDATE 1
UPDATE 1
UPDATE 1
UPDATE 1
UPDATE 1
UPDATE 1
UPDATE 1
UPDATE 1
UPDATE 1
UPDATE 1
UPDATE 1
UPDATE 1
UPDATE 1
UPDATE 1
UPDATE 1
UPDATE 1
UPDATE 1
UPDATE 1
UPDATE 1
UPDATE 1
UPDATE 1
UPDATE 1
UPDATE 1
UPDATE 1
UPDATE 1
UPDATE 1
UPDATE 1
UPDATE 1
UPDATE 1
UPDATE 1
UPDATE 1
UPDATE 1
UPDATE 1
UPDATE 1
UPDATE 1
UPDATE 1
UPDATE 1
UPDATE 1
UPDATE 1
UPDATE 1
UPDATE 1
UPDATE 1
UPDATE 1
UPDATE 1
UPDATE 1
UPDATE 1
UPDATE 1
UPDATE 1
UPDATE 1
UPDATE 1
UPDATE 1
UPDATE 1
UPDATE 1
UPDATE 1
UPDATE 1
UPDATE 1
UPDATE 1
UPDATE 1
UPDATE 1
UPDATE 1
UPDATE 1
UPDATE 1
UPDATE 1
UPDATE 1
UPDATE 1
UPDATE 1
UPDATE 1
UPDATE 1
UPDATE 1
UPDATE 1
UPDATE 1
UPDATE 1
UPDATE 1
UPDATE 1
UPDATE 1
UPDATE 1
UPDATE 1
UPDATE 1
UPDATE 1
UPDATE 1
UPDATE 1
UPDATE 1
UPDATE 1
UPDATE 1
UPDATE 1
UPDATE 1
UPDATE 1
UPDATE 1
UPDATE 1
UPDATE 1
UPDATE 1
UPDATE 1
UPDATE 1
UPDATE 1
UPDATE 1
UPDATE 1
UPDATE 1
UPDATE 1
UPDATE 1
UPDATE 1
UPDATE 1
UPDATE 1
UPDATE 1
UPDATE 1
UPDATE 1
UPDATE 1
UPDATE 1
UPDATE 1
UPDATE 1
UPDATE 1
UPDATE 1
UPDATE 1
UPDATE 1
UPDATE 1
UPDATE 1
UPDATE 1
UPDATE 1
UPDATE 1
UPDATE 1
UPDATE 1
UPDATE 1
UPDATE 1
UPDATE 1
UPDATE 1
UPDATE 1
UPDATE 1
UPDATE 1
UPDATE 1
UPDATE 1
UPDATE 1
UPDATE 1
UPDATE 1
UPDATE 1
UPDATE 1
UPDATE 1
UPDATE 1
UPDATE 1
UPDATE 1
UPDATE 1
UPDATE 1
UPDATE 1
UPDATE 1
UPDATE 1
UPDATE 1
UPDATE 1
UPDATE 1
UPDATE 1
UPDATE 1
UPDATE 1
UPDATE 1
UPDATE 1
UPDATE 1
UPDATE 1
UPDATE 1
UPDATE 1
UPDATE 1
UPDATE 1
UPDATE 1
UPDATE 1
UPDATE 1
UPDATE 1
UPDATE 1
UPDATE 1
UPDATE 1
UPDATE 1
UPDATE 1
UPDATE 1
UPDATE 1
UPDATE 1
UPDATE 1
UPDATE 1
UPDATE 1
UPDATE 1
UPDATE 1
UPDATE 1
UPDATE 1
UPDATE 1
UPDATE 1
UPDATE 1
UPDATE 1
UPDATE 1
UPDATE 1
UPDATE 1
UPDATE 1
UPDATE 1
UPDATE 1
UPDATE 1
UPDATE 1
UPDATE 1
UPDATE 1
UPDATE 1
UPDATE 1
UPDATE 1
UPDATE 1
UPDATE 1
UPDATE 1
UPDATE 1
UPDATE 1
UPDATE 1
UPDATE 1
UPDATE 1
UPDATE 1
UPDATE 1
UPDATE 1
UPDATE 1
UPDATE 1
UPDATE 1
UPDATE 1
UPDATE 1
UPDATE 1
UPDATE 1
UPDATE 1
UPDATE 1
UPDATE 1
UPDATE 1
UPDATE 1
UPDATE 1
UPDATE 1
UPDATE 1
UPDATE 1
UPDATE 1
UPDATE 1
UPDATE 1
UPDATE 1
UPDATE 1
UPDATE 1
UPDATE 1
UPDATE 1
UPDATE 1
UPDATE 1
UPDATE 1
UPDATE 1
UPDATE 1
UPDATE 1
UPDATE 1
UPDATE 1
UPDATE 1
UPDATE 1
UPDATE 1
UPDATE 1
UPDATE 1
UPDATE 1
UPDATE 1
UPDATE 1
UPDATE 1
UPDATE 1
UPDATE 1
UPDATE 1
UPDATE 1
UPDATE 1
UPDATE 1
UPDATE 1
UPDATE 1
UPDATE 1
UPDATE 1
UPDATE 1
UPDATE 1
UPDATE 1
UPDATE 1
UPDATE 1
UPDATE 1
UPDATE 1
UPDATE 1
UPDATE 1
UPDATE 1
UPDATE 1
UPDATE 1
UPDATE 1
UPDATE 1
UPDATE 1
UPDATE 1
UPDATE 1
UPDATE 1
UPDATE 1
UPDATE 1
UPDATE 1
UPDATE 1
UPDATE 1
UPDATE 1
UPDATE 1
UPDATE 1
UPDATE 1
UPDATE 1
UPDATE 1
UPDATE 1
UPDATE 1
UPDATE 1
UPDATE 1
UPDATE 1
UPDATE 1
UPDATE 1
UPDATE 1
UPDATE 1
UPDATE 1
UPDATE 1
UPDATE 1
UPDATE 1
UPDATE 1
UPDATE 1
UPDATE 1
UPDATE 1
UPDATE 1
UPDATE 1
UPDATE 1
UPDATE 1
UPDATE 1
UPDATE 1
UPDATE 1
UPDATE 1
UPDATE 1
UPDATE 1
UPDATE 1
UPDATE 1
UPDATE 1
UPDATE 1
UPDATE 1
UPDATE 1
UPDATE 1
UPDATE 1
UPDATE 1
UPDATE 1
UPDATE 1
UPDATE 1
UPDATE 1
UPDATE 1
UPDATE 1
UPDATE 1
UPDATE 1
UPDATE 1
UPDATE 1
UPDATE 1
UPDATE 1
UPDATE 1
UPDATE 1
UPDATE 1
UPDATE 1
UPDATE 1
UPDATE 1
UPDATE 1
UPDATE 1
UPDATE 1
UPDATE 1
UPDATE 1
UPDATE 1
UPDATE 1
UPDATE 1
UPDATE 1
UPDATE 1
UPDATE 1
UPDATE 1
UPDATE 1
UPDATE 1
UPDATE 1
UPDATE 1
UPDATE 1
UPDATE 1
UPDATE 1
UPDATE 1
UPDATE 1
UPDATE 1
UPDATE 1
UPDATE 1
UPDATE 1
UPDATE 1
UPDATE 1
UPDATE 1
UPDATE 1
UPDATE 1
UPDATE 1
UPDATE 1
UPDATE 1
UPDATE 1
UPDATE 1
UPDATE 1
UPDATE 1
UPDATE 1
UPDATE 1
UPDATE 1
UPDATE 1
UPDATE 1
UPDATE 1
UPDATE 1
UPDATE 1
UPDATE 1
UPDATE 1
UPDATE 1
UPDATE 1
UPDATE 1
UPDATE 1
UPDATE 1
UPDATE 1
UPDATE 1
UPDATE 1
UPDATE 1
UPDATE 1
UPDATE 1
UPDATE 1
UPDATE 1
UPDATE 1
UPDATE 1
UPDATE 1
UPDATE 1
UPDATE 1
UPDATE 1
UPDATE 1
UPDATE 1
UPDATE 1
UPDATE 1
UPDATE 1
UPDATE 1
UPDATE 1
UPDATE 1
UPDATE 1
UPDATE 1
UPDATE 1
UPDATE 1
UPDATE 1
UPDATE 1
UPDATE 1
UPDATE 1
UPDATE 1
UPDATE 1
UPDATE 1
UPDATE 1
UPDATE 1
UPDATE 1
UPDATE 1
UPDATE 1
UPDATE 1
UPDATE 1
UPDATE 1
UPDATE 1
UPDATE 1
UPDATE 1
UPDATE 1
UPDATE 1
UPDATE 1
UPDATE 1
UPDATE 1
UPDATE 1
UPDATE 1
UPDATE 1
UPDATE 1
UPDATE 1
UPDATE 1
UPDATE 1
UPDATE 1
UPDATE 1
UPDATE 1
UPDATE 1
UPDATE 1
UPDATE 1
UPDATE 1
UPDATE 1
UPDATE 1
UPDATE 1
UPDATE 1
UPDATE 1
UPDATE 1
UPDATE 1
UPDATE 1
UPDATE 1
UPDATE 1
UPDATE 1
UPDATE 1
UPDATE 1
UPDATE 1
UPDATE 1
UPDATE 1
UPDATE 1
UPDATE 1
UPDATE 1
UPDATE 1
UPDATE 1
UPDATE 1
UPDATE 1
UPDATE 1
UPDATE 1
UPDATE 1
UPDATE 1
UPDATE 1
UPDATE 1
UPDATE 1
UPDATE 1
UPDATE 1
UPDATE 1
UPDATE 1
UPDATE 1
UPDATE 1
UPDATE 1
UPDATE 1
UPDATE 1
UPDATE 1
UPDATE 1
UPDATE 1
UPDATE 1
UPDATE 1
UPDATE 1
UPDATE 1
UPDATE 1
UPDATE 1
UPDATE 1
UPDATE 1
UPDATE 1
UPDATE 1
UPDATE 1
UPDATE 1
UPDATE 1
UPDATE 1
UPDATE 1
UPDATE 1
UPDATE 1
UPDATE 1
UPDATE 1
UPDATE 1
UPDATE 1
UPDATE 1
UPDATE 1
UPDATE 1
UPDATE 1
UPDATE 1
UPDATE 1
UPDATE 1
UPDATE 1
UPDATE 1
UPDATE 1
UPDATE 1
UPDATE 1
UPDATE 1
UPDATE 1
UPDATE 1
UPDATE 1
UPDATE 1
UPDATE 1
UPDATE 1
UPDATE 1
UPDATE 1
UPDATE 1
UPDATE 1
UPDATE 1
UPDATE 1
UPDATE 1
UPDATE 1
UPDATE 1
UPDATE 1
UPDATE 1
UPDATE 1
UPDATE 1
UPDATE 1
UPDATE 1
UPDATE 1
UPDATE 1
UPDATE 1
UPDATE 1
UPDATE 1
UPDATE 1
UPDATE 1
UPDATE 1
UPDATE 1
UPDATE 1
UPDATE 1
UPDATE 1
UPDATE 1
UPDATE 1
UPDATE 1
UPDATE 1
UPDATE 1
UPDATE 1
UPDATE 1
UPDATE 1
UPDATE 1
UPDATE 1
UPDATE 1
UPDATE 1
UPDATE 1
UPDATE 1
UPDATE 1
UPDATE 1
UPDATE 1
UPDATE 1
UPDATE 1
UPDATE 1
UPDATE 1
UPDATE 1
UPDATE 1
UPDATE 1
UPDATE 1
UPDATE 1
UPDATE 1
UPDATE 1
UPDATE 1
UPDATE 1
UPDATE 1
UPDATE 1
UPDATE 1
UPDATE 1
UPDATE 1
UPDATE 1
UPDATE 1
UPDATE 1
UPDATE 1
UPDATE 1
UPDATE 1
UPDATE 1
UPDATE 1
UPDATE 1
UPDATE 1
UPDATE 1
UPDATE 1
UPDATE 1
UPDATE 1
UPDATE 1
UPDATE 1
UPDATE 1
UPDATE 1
UPDATE 1
UPDATE 1
UPDATE 1
UPDATE 1
UPDATE 1
UPDATE 1
UPDATE 1
UPDATE 1
UPDATE 1
UPDATE 1
UPDATE 1
UPDATE 1
UPDATE 1
UPDATE 1
UPDATE 1
UPDATE 1
UPDATE 1
UPDATE 1
UPDATE 1
UPDATE 1
UPDATE 1
UPDATE 1
UPDATE 1
UPDATE 1
UPDATE 1
UPDATE 1
UPDATE 1
UPDATE 1
UPDATE 1
UPDATE 1
UPDATE 1
UPDATE 1
UPDATE 1
UPDATE 1
UPDATE 1
UPDATE 1
UPDATE 1
UPDATE 1
UPDATE 1
UPDATE 1
UPDATE 1
UPDATE 1
UPDATE 1
UPDATE 1
UPDATE 1
UPDATE 1
UPDATE 1
UPDATE 1
UPDATE 1
UPDATE 1
UPDATE 1
UPDATE 1
UPDATE 1
UPDATE 1
UPDATE 1
UPDATE 1
UPDATE 1
UPDATE 1
UPDATE 1
UPDATE 1
UPDATE 1
UPDATE 1
UPDATE 1
UPDATE 1
UPDATE 1
UPDATE 1
UPDATE 1
UPDATE 1
UPDATE 1
UPDATE 1
UPDATE 1
UPDATE 1
UPDATE 1
UPDATE 1
UPDATE 1
UPDATE 1
UPDATE 1
UPDATE 1
UPDATE 1
UPDATE 1
UPDATE 1
UPDATE 1
UPDATE 1
UPDATE 1
UPDATE 1
UPDATE 1
UPDATE 1
UPDATE 1
UPDATE 1
UPDATE 1
UPDATE 1
UPDATE 1
UPDATE 1
UPDATE 1
UPDATE 1
UPDATE 1
UPDATE 1
UPDATE 1
UPDATE 1
UPDATE 1
UPDATE 1
UPDATE 1
UPDATE 1
UPDATE 1
UPDATE 1
UPDATE 1
UPDATE 1
UPDATE 1
UPDATE 1
UPDATE 1
UPDATE 1
UPDATE 1
UPDATE 1
UPDATE 1
UPDATE 1
UPDATE 1
UPDATE 1
UPDATE 1
UPDATE 1
UPDATE 1
UPDATE 1
UPDATE 1
UPDATE 1
UPDATE 1
UPDATE 1
UPDATE 1
UPDATE 1
UPDATE 1
UPDATE 1
UPDATE 1
UPDATE 1
UPDATE 1
UPDATE 1
UPDATE 1
UPDATE 1
UPDATE 1
UPDATE 1
UPDATE 1
UPDATE 1
UPDATE 1
UPDATE 1
UPDATE 1
UPDATE 1
UPDATE 1
UPDATE 1
UPDATE 1
UPDATE 1
UPDATE 1
UPDATE 1
UPDATE 1
UPDATE 1
UPDATE 1
UPDATE 1
UPDATE 1
UPDATE 1
UPDATE 1
UPDATE 1
UPDATE 1
UPDATE 1
UPDATE 1
UPDATE 1
UPDATE 1
UPDATE 1
UPDATE 1
UPDATE 1
UPDATE 1
UPDATE 1
UPDATE 1
UPDATE 1
UPDATE 1
UPDATE 1
UPDATE 1
UPDATE 1
UPDATE 1
UPDATE 1
UPDATE 1
UPDATE 1
UPDATE 1
UPDATE 1
UPDATE 1
UPDATE 1
UPDATE 1
UPDATE 1
UPDATE 1
UPDATE 1
UPDATE 1
UPDATE 1
UPDATE 1
UPDATE 1
UPDATE 1
UPDATE 1
UPDATE 1
UPDATE 1
UPDATE 1
UPDATE 1
UPDATE 1
UPDATE 1
UPDATE 1
UPDATE 1
UPDATE 1
UPDATE 1
UPDATE 1
UPDATE 1
UPDATE 1
UPDATE 1
UPDATE 1
UPDATE 1
UPDATE 1
UPDATE 1
UPDATE 1
UPDATE 1
UPDATE 1
UPDATE 1
UPDATE 1
UPDATE 1
UPDATE 1
UPDATE 1
UPDATE 1
UPDATE 1
UPDATE 1
UPDATE 1
UPDATE 1
UPDATE 1
UPDATE 1
UPDATE 1
UPDATE 1
UPDATE 1
UPDATE 1
UPDATE 1
UPDATE 1
UPDATE 1
UPDATE 1
UPDATE 1
UPDATE 1
UPDATE 1
UPDATE 1
UPDATE 1
UPDATE 1
UPDATE 1
UPDATE 1
UPDATE 1
UPDATE 1
UPDATE 1
UPDATE 1
UPDATE 1
UPDATE 1
UPDATE 1
UPDATE 1
UPDATE 1
UPDATE 1
UPDATE 1
UPDATE 1
UPDATE 1
UPDATE 1
UPDATE 1
UPDATE 1
UPDATE 1
UPDATE 1
UPDATE 1
UPDATE 1
UPDATE 1
UPDATE 1
UPDATE 1
UPDATE 1
UPDATE 1
UPDATE 1
UPDATE 1
UPDATE 1
UPDATE 1
UPDATE 1
UPDATE 1
UPDATE 1
UPDATE 1
UPDATE 1
UPDATE 1
UPDATE 1
UPDATE 1
UPDATE 1
UPDATE 1
UPDATE 1
UPDATE 1
UPDATE 1
UPDATE 1
UPDATE 1
UPDATE 1
UPDATE 1
UPDATE 1
UPDATE 1
UPDATE 1
UPDATE 1
UPDATE 1
UPDATE 1
UPDATE 1
UPDATE 1
UPDATE 1
UPDATE 1
UPDATE 1
UPDATE 1
UPDATE 1
UPDATE 1
UPDATE 1
UPDATE 1
UPDATE 1
UPDATE 1
UPDATE 1
UPDATE 1
UPDATE 1
UPDATE 1
UPDATE 1
UPDATE 1
UPDATE 1
UPDATE 1
UPDATE 1
UPDATE 1
UPDATE 1
UPDATE 1
UPDATE 1
UPDATE 1
UPDATE 1
UPDATE 1
UPDATE 1
UPDATE 1
UPDATE 1
UPDATE 1
UPDATE 1
UPDATE 1
UPDATE 1
UPDATE 1
UPDATE 1
UPDATE 1
UPDATE 1
UPDATE 1
UPDATE 1
UPDATE 1
UPDATE 1
UPDATE 1
UPDATE 1
UPDATE 1
UPDATE 1
UPDATE 1
UPDATE 1
UPDATE 1
UPDATE 1
UPDATE 1
UPDATE 1
UPDATE 1
UPDATE 1
UPDATE 1
UPDATE 1
UPDATE 1
UPDATE 1
UPDATE 1
UPDATE 1
UPDATE 1
UPDATE 1
UPDATE 1
UPDATE 1
UPDATE 1
UPDATE 1
UPDATE 1
UPDATE 1
UPDATE 1
UPDATE 1
UPDATE 1
UPDATE 1
UPDATE 1
UPDATE 1
UPDATE 1
UPDATE 1
UPDATE 1
UPDATE 1
UPDATE 1
UPDATE 1
UPDATE 1
UPDATE 1
UPDATE 1
UPDATE 1
UPDATE 1
UPDATE 1
UPDATE 1
UPDATE 1
UPDATE 1
UPDATE 1
UPDATE 1
UPDATE 1
UPDATE 1
UPDATE 1
UPDATE 1
UPDATE 1
UPDATE 1
UPDATE 1
UPDATE 1
UPDATE 1
UPDATE 1
UPDATE 1
UPDATE 1
UPDATE 1
UPDATE 1
UPDATE 1
UPDATE 1
UPDATE 1
UPDATE 1
UPDATE 1
UPDATE 1
UPDATE 1
UPDATE 1
UPDATE 1
UPDATE 1
UPDATE 1
UPDATE 1
UPDATE 1
UPDATE 1
UPDATE 1
UPDATE 1
UPDATE 1
UPDATE 1
UPDATE 1
UPDATE 1
UPDATE 1
UPDATE 1
UPDATE 1
UPDATE 1
UPDATE 1
UPDATE 1
UPDATE 1
UPDATE 1
UPDATE 1
UPDATE 1
UPDATE 1
UPDATE 1
UPDATE 1
UPDATE 1
UPDATE 1
UPDATE 1
UPDATE 1
UPDATE 1
UPDATE 1
UPDATE 1
UPDATE 1
UPDATE 1
UPDATE 1
UPDATE 1
UPDATE 1
UPDATE 1
UPDATE 1
UPDATE 1
UPDATE 1
UPDATE 1
UPDATE 1
UPDATE 1
UPDATE 1
UPDATE 1
UPDATE 1
UPDATE 1
UPDATE 1
UPDATE 1
UPDATE 1
UPDATE 1
UPDATE 1
UPDATE 1
UPDATE 1
UPDATE 1
UPDATE 1
UPDATE 1
UPDATE 1
UPDATE 1
UPDATE 1
UPDATE 1
UPDATE 1
UPDATE 1
UPDATE 1
UPDATE 1
UPDATE 1
UPDATE 1
UPDATE 1
UPDATE 1
UPDATE 1
UPDATE 1
UPDATE 1
UPDATE 1
UPDATE 1
UPDATE 1
UPDATE 1
UPDATE 1
UPDATE 1
UPDATE 1
UPDATE 1
UPDATE 1
UPDATE 1
UPDATE 1
UPDATE 1
UPDATE 1
UPDATE 1
UPDATE 1
UPDATE 1
UPDATE 1
UPDATE 1
UPDATE 1
UPDATE 1
UPDATE 1
UPDATE 1
UPDATE 1
UPDATE 1
UPDATE 1
UPDATE 1
UPDATE 1
UPDATE 1
UPDATE 1
UPDATE 1
UPDATE 1
UPDATE 1
UPDATE 1
UPDATE 1
UPDATE 1
UPDATE 1
UPDATE 1
UPDATE 1
UPDATE 1
UPDATE 1
UPDATE 1
UPDATE 1
UPDATE 1
UPDATE 1
UPDATE 1
UPDATE 1
UPDATE 1
UPDATE 1
UPDATE 1
UPDATE 1
UPDATE 1
UPDATE 1
UPDATE 1
UPDATE 1
UPDATE 1
UPDATE 1
UPDATE 1
UPDATE 1
UPDATE 1
UPDATE 1
UPDATE 1
UPDATE 1
UPDATE 1
UPDATE 1
UPDATE 1
UPDATE 1
UPDATE 1
UPDATE 1
UPDATE 1
UPDATE 1
UPDATE 1
UPDATE 1
UPDATE 1
UPDATE 1
UPDATE 1
UPDATE 1
UPDATE 1
UPDATE 1
UPDATE 1
UPDATE 1
UPDATE 1
UPDATE 1
UPDATE 1
UPDATE 1
UPDATE 1
UPDATE 1
UPDATE 1
UPDATE 1
UPDATE 1
UPDATE 1
UPDATE 1
UPDATE 1
UPDATE 1
UPDATE 1
UPDATE 1
UPDATE 1
UPDATE 1
UPDATE 1
UPDATE 1
UPDATE 1
UPDATE 1
UPDATE 1
UPDATE 1
UPDATE 1
UPDATE 1
UPDATE 1
UPDATE 1
UPDATE 1
UPDATE 1
UPDATE 1
UPDATE 1
UPDATE 1
UPDATE 1
UPDATE 1
UPDATE 1
UPDATE 1
UPDATE 1
UPDATE 1
UPDATE 1
UPDATE 1
UPDATE 1
UPDATE 1
UPDATE 1
UPDATE 1
UPDATE 1
UPDATE 1
UPDATE 1
UPDATE 1
UPDATE 1
UPDATE 1
UPDATE 1
UPDATE 1
UPDATE 1
UPDATE 1
UPDATE 1
UPDATE 1
UPDATE 1
UPDATE 1
UPDATE 1
UPDATE 1
UPDATE 1
UPDATE 1
UPDATE 1
UPDATE 1
UPDATE 1
UPDATE 1
UPDATE 1
UPDATE 1
UPDATE 1
UPDATE 1
UPDATE 1
UPDATE 1
UPDATE 1
UPDATE 1
UPDATE 1
UPDATE 1
UPDATE 1
UPDATE 1
UPDATE 1
UPDATE 1
UPDATE 1
UPDATE 1
UPDATE 1
UPDATE 1
UPDATE 1
UPDATE 1
UPDATE 1
UPDATE 1
UPDATE 1
UPDATE 1
UPDATE 1
UPDATE 1
UPDATE 1
UPDATE 1
UPDATE 1
UPDATE 1
UPDATE 1
UPDATE 1
UPDATE 1
UPDATE 1
UPDATE 1
UPDATE 1
UPDATE 1
UPDATE 1
UPDATE 1
UPDATE 1
UPDATE 1
UPDATE 1
UPDATE 1
UPDATE 1
UPDATE 1
UPDATE 1
UPDATE 1
UPDATE 1
UPDATE 1
UPDATE 1
UPDATE 1
UPDATE 1
UPDATE 1
UPDATE 1
UPDATE 1
UPDATE 1
UPDATE 1
UPDATE 1
UPDATE 1
UPDATE 1
UPDATE 1
UPDATE 1
UPDATE 1
UPDATE 1
UPDATE 1
UPDATE 1
UPDATE 1
UPDATE 1
UPDATE 1
UPDATE 1
UPDATE 1
UPDATE 1
UPDATE 1
UPDATE 1
UPDATE 1
UPDATE 1
UPDATE 1
UPDATE 1
UPDATE 1
UPDATE 1
UPDATE 1
UPDATE 1
UPDATE 1
UPDATE 1
UPDATE 1
UPDATE 1
UPDATE 1
UPDATE 1
UPDATE 1
UPDATE 1
UPDATE 1
UPDATE 1
UPDATE 1
UPDATE 1
UPDATE 1
UPDATE 1
UPDATE 1
UPDATE 1
UPDATE 1
UPDATE 1
UPDATE 1
UPDATE 1
UPDATE 1
UPDATE 1
UPDATE 1
UPDATE 1
UPDATE 1
UPDATE 1
UPDATE 1
UPDATE 1
UPDATE 1
UPDATE 1
UPDATE 1
UPDATE 1
UPDATE 1
UPDATE 1
UPDATE 1
UPDATE 1
UPDATE 1
UPDATE 1
UPDATE 1
UPDATE 1
UPDATE 1
UPDATE 1
UPDATE 1
UPDATE 1
UPDATE 1
UPDATE 1
UPDATE 1
UPDATE 1
UPDATE 1
UPDATE 1
UPDATE 1
UPDATE 1
UPDATE 1
UPDATE 1
UPDATE 1
UPDATE 1
UPDATE 1
UPDATE 1
UPDATE 1
UPDATE 1
UPDATE 1
UPDATE 1
UPDATE 1
UPDATE 1
UPDATE 1
UPDATE 1
UPDATE 1
UPDATE 1
UPDATE 1
UPDATE 1
UPDATE 1
UPDATE 1
UPDATE 1
UPDATE 1
UPDATE 1
UPDATE 1
UPDATE 1
UPDATE 1
UPDATE 1
UPDATE 1
UPDATE 1
UPDATE 1
UPDATE 1
UPDATE 1
UPDATE 1
UPDATE 1
UPDATE 1
UPDATE 1
UPDATE 1
UPDATE 1
UPDATE 1
UPDATE 1
UPDATE 1
UPDATE 1
UPDATE 1
UPDATE 1
UPDATE 1
UPDATE 1
UPDATE 1
UPDATE 1
UPDATE 1
UPDATE 1
UPDATE 1
UPDATE 1
UPDATE 1
UPDATE 1
UPDATE 1
UPDATE 1
UPDATE 1
UPDATE 1
UPDATE 1
DROP VIEW
CREATE VIEW
DROP VIEW
CREATE VIEW
               register_migration_script                
--------------------------------------------------------
 201304241641_IDEMPIERE-794.sql successfully registered
 201304241641_IDEMPIERE-794.sql was already applied
(2 filas)

            filename            
--------------------------------
 201304241712_IDEMPIERE-166.sql
(1 fila)

UPDATE 1
UPDATE 2
UPDATE 0
UPDATE 0
UPDATE 1
UPDATE 1
UPDATE 1
UPDATE 1
UPDATE 1
UPDATE 1
UPDATE 1
UPDATE 1
UPDATE 1
UPDATE 1
UPDATE 1
UPDATE 1
UPDATE 1
UPDATE 1
UPDATE 1
UPDATE 1
UPDATE 1
UPDATE 1
UPDATE 1
UPDATE 1
UPDATE 1
UPDATE 1
UPDATE 1
UPDATE 1
UPDATE 1
UPDATE 1
UPDATE 1
UPDATE 1
UPDATE 1
UPDATE 1
UPDATE 1
UPDATE 1
UPDATE 1
UPDATE 1
UPDATE 1
UPDATE 1
UPDATE 1
UPDATE 1
UPDATE 1
UPDATE 1
UPDATE 1
UPDATE 1
UPDATE 1
UPDATE 1
UPDATE 1
UPDATE 1
UPDATE 1
UPDATE 1
UPDATE 1
UPDATE 0
UPDATE 1
UPDATE 1
UPDATE 1
UPDATE 1
UPDATE 1
UPDATE 1
UPDATE 1
UPDATE 1
UPDATE 1
UPDATE 1
UPDATE 1
UPDATE 1
UPDATE 1
UPDATE 1
UPDATE 1
UPDATE 1
UPDATE 1
UPDATE 1
UPDATE 1
UPDATE 1
UPDATE 1
UPDATE 1
UPDATE 1
UPDATE 1
UPDATE 1
UPDATE 1
UPDATE 1
UPDATE 1
UPDATE 1
UPDATE 1
UPDATE 1
UPDATE 1
UPDATE 1
UPDATE 1
UPDATE 1
UPDATE 1
UPDATE 1
UPDATE 1
UPDATE 1
UPDATE 1
UPDATE 1
UPDATE 1
UPDATE 1
UPDATE 1
UPDATE 1
UPDATE 1
UPDATE 1
UPDATE 1
UPDATE 1
UPDATE 1
UPDATE 1
UPDATE 1
UPDATE 1
UPDATE 1
UPDATE 1
UPDATE 1
UPDATE 1
UPDATE 1
UPDATE 1
UPDATE 1
UPDATE 1
UPDATE 1
UPDATE 1
UPDATE 1
UPDATE 1
UPDATE 1
UPDATE 1
UPDATE 1
UPDATE 1
UPDATE 1
UPDATE 1
UPDATE 1
UPDATE 1
UPDATE 1
UPDATE 1
UPDATE 1
UPDATE 1
UPDATE 1
UPDATE 1
UPDATE 1
UPDATE 1
UPDATE 1
UPDATE 1
UPDATE 1
UPDATE 1
UPDATE 1
UPDATE 1
UPDATE 1
UPDATE 1
UPDATE 1
UPDATE 1
UPDATE 1
UPDATE 1
UPDATE 1
UPDATE 1
UPDATE 1
UPDATE 1
UPDATE 1
UPDATE 1
UPDATE 1
UPDATE 1
UPDATE 1
UPDATE 1
UPDATE 1
UPDATE 1
UPDATE 1
UPDATE 1
UPDATE 1
UPDATE 1
UPDATE 1
UPDATE 1
UPDATE 1
UPDATE 1
UPDATE 1
UPDATE 1
UPDATE 1
UPDATE 1
UPDATE 1
UPDATE 1
UPDATE 1
UPDATE 0
UPDATE 1
UPDATE 1
UPDATE 1
UPDATE 1
UPDATE 1
UPDATE 1
UPDATE 1
UPDATE 1
UPDATE 1
UPDATE 1
UPDATE 1
UPDATE 1
UPDATE 1
UPDATE 1
UPDATE 1
UPDATE 1
UPDATE 1
UPDATE 1
UPDATE 1
UPDATE 1
UPDATE 1
UPDATE 1
UPDATE 1
UPDATE 1
UPDATE 1
UPDATE 1
UPDATE 1
UPDATE 1
UPDATE 1
UPDATE 1
UPDATE 1
UPDATE 1
UPDATE 1
UPDATE 1
UPDATE 1
UPDATE 1
UPDATE 1
UPDATE 1
UPDATE 1
UPDATE 1
UPDATE 1
UPDATE 1
UPDATE 1
UPDATE 1
UPDATE 1
UPDATE 1
UPDATE 1
UPDATE 1
UPDATE 1
UPDATE 1
UPDATE 1
UPDATE 1
UPDATE 1
UPDATE 1
UPDATE 1
UPDATE 1
UPDATE 1
UPDATE 1
UPDATE 1
UPDATE 1
UPDATE 1
UPDATE 1
UPDATE 1
UPDATE 1
UPDATE 1
UPDATE 1
UPDATE 1
UPDATE 1
UPDATE 1
UPDATE 1
UPDATE 1
UPDATE 1
UPDATE 1
UPDATE 1
UPDATE 1
UPDATE 1
UPDATE 1
UPDATE 1
UPDATE 1
UPDATE 1
UPDATE 1
UPDATE 1
UPDATE 1
UPDATE 1
UPDATE 1
UPDATE 1
UPDATE 1
UPDATE 1
UPDATE 1
UPDATE 1
UPDATE 1
UPDATE 1
UPDATE 1
UPDATE 1
UPDATE 1
UPDATE 1
UPDATE 1
UPDATE 1
UPDATE 1
UPDATE 1
UPDATE 1
UPDATE 1
UPDATE 1
UPDATE 1
UPDATE 1
UPDATE 1
UPDATE 1
UPDATE 1
UPDATE 1
UPDATE 1
UPDATE 1
UPDATE 1
UPDATE 1
UPDATE 1
UPDATE 1
UPDATE 1
UPDATE 1
UPDATE 1
UPDATE 1
UPDATE 1
UPDATE 1
UPDATE 1
UPDATE 1
UPDATE 1
UPDATE 1
UPDATE 1
UPDATE 1
UPDATE 1
UPDATE 1
UPDATE 1
UPDATE 1
UPDATE 1
UPDATE 1
UPDATE 1
UPDATE 1
UPDATE 1
UPDATE 1
UPDATE 1
UPDATE 1
UPDATE 1
UPDATE 1
UPDATE 1
UPDATE 1
UPDATE 1
UPDATE 1
UPDATE 1
UPDATE 1
UPDATE 1
UPDATE 1
UPDATE 1
UPDATE 1
UPDATE 1
UPDATE 1
UPDATE 1
UPDATE 1
UPDATE 1
UPDATE 1
UPDATE 1
UPDATE 1
UPDATE 1
UPDATE 1
UPDATE 1
UPDATE 1
UPDATE 1
UPDATE 1
UPDATE 1
UPDATE 1
UPDATE 1
UPDATE 1
UPDATE 1
UPDATE 1
UPDATE 1
UPDATE 1
UPDATE 1
UPDATE 1
UPDATE 1
UPDATE 1
UPDATE 1
UPDATE 1
UPDATE 1
UPDATE 1
UPDATE 1
UPDATE 1
UPDATE 1
UPDATE 1
UPDATE 1
UPDATE 1
UPDATE 1
UPDATE 1
UPDATE 1
UPDATE 1
UPDATE 1
UPDATE 1
UPDATE 1
UPDATE 1
UPDATE 1
UPDATE 1
               register_migration_script                
--------------------------------------------------------
 201304241712_IDEMPIERE-166.sql successfully registered
 201304241712_IDEMPIERE-166.sql was already applied
(2 filas)

         filename         
--------------------------
 201304241732_Version.sql
(1 fila)

UPDATE 1
            register_migration_script             
--------------------------------------------------
 201304241732_Version.sql successfully registered
 201304241732_Version.sql was already applied
(2 filas)

COMMIT
